,name,Ambulatory Surgical Clinic,Animal Bite Treatment Center,Barangay Health Station,Birthing Home,City Health Office,DepEd Clinic,Drug Abuse Treatment and Rehabilitation Centers,General Clinic Laboratory,Hospital,Infirmary,Municipal Health Office,Provincial Health Office,Psychiatric Care Facility,Rural Health Unit,Social hygiene Clinic,year
0,Aborlan,0,0,18,0,0,0,0,0,0,1,0,0,0,1,0,2019
1,Abra De Ilog,0,0,9,0,0,0,0,0,0,1,0,0,0,1,0,2019
2,Abucay,0,0,11,1,0,0,0,0,0,0,0,0,0,1,0,2019
3,Abulug,0,0,8,0,0,0,0,0,1,0,0,0,0,1,0,2019
4,Abuyog,0,0,17,0,0,0,0,0,1,0,0,0,0,2,0,2019
5,Adams,0,0,1,1,0,0,0,0,0,0,0,0,0,1,0,2019
6,Agdangan,0,0,12,2,0,0,0,0,0,0,0,0,0,1,0,2019
7,Aglipay,0,0,15,3,0,0,0,0,0,1,0,0,0,1,0,2019
8,Agno,0,0,7,0,0,0,0,0,0,0,0,0,0,2,0,2019
9,Agoncillo,0,0,5,0,0,0,0,0,0,0,0,0,0,1,0,2019
10,Agoo,0,0,14,0,0,0,0,0,2,1,0,0,0,1,0,2019
11,Aguilar,0,0,16,1,0,0,0,0,0,1,0,0,0,1,0,2019
12,Aguinaldo,0,0,22,0,0,0,0,0,0,1,0,0,0,1,0,2019
13,Agutaya,0,0,7,0,0,0,0,0,0,0,0,0,0,1,0,2019
14,Ajuy,0,0,31,0,0,0,0,0,0,0,0,0,0,1,0,2019
15,Akbar,0,0,9,1,0,0,0,0,0,0,0,0,0,1,0,2019
16,Alabat,0,0,19,0,0,0,0,0,1,0,0,0,0,1,0,2019
17,Alabel,0,0,13,3,0,0,0,0,0,0,0,0,0,1,0,2019
18,Alamada,0,0,17,0,0,0,0,0,0,1,0,0,0,1,0,2019
19,Alaminos (LA),0,0,11,0,0,0,0,0,1,0,0,0,0,1,0,2019
20,Alaminos (PS),0,0,13,3,0,0,0,0,3,0,0,0,0,2,0,2019
21,Alang-Alang,0,0,7,1,0,0,0,0,0,0,1,0,0,1,0,2019
22,Al-Barka,0,0,4,0,0,0,0,0,0,0,0,0,0,1,0,2019
23,Albuera,0,0,10,1,0,0,0,0,0,0,0,0,0,1,0,2019
24,Alburquerque,0,0,3,0,0,0,0,0,0,0,0,0,0,1,0,2019
25,Alcala (CG),0,0,5,0,0,0,0,0,0,1,0,0,0,1,0,2019
26,Alcala (PS),0,0,7,0,0,0,0,0,0,0,0,0,0,1,0,2019
27,Alcantara (CU),0,0,9,0,0,0,0,0,0,0,0,0,0,1,0,2019
28,Alcantara (RN),0,0,11,0,0,0,0,0,0,0,0,0,0,1,0,2019
29,Alcoy,0,0,8,0,0,0,0,0,0,0,0,0,0,1,0,2019
30,Alegria (CU),0,0,10,0,0,0,0,0,0,1,0,0,0,1,0,2019
31,Alegria (SN),0,0,6,0,0,0,0,0,0,0,0,0,0,1,0,2019
32,Aleosan,0,0,19,0,0,0,0,0,0,1,0,0,0,1,0,2019
33,Alfonso,0,0,32,2,0,0,0,0,1,0,0,0,0,1,0,2019
34,Alfonso Castaneda,0,0,6,1,0,0,0,0,0,0,0,0,0,1,0,2019
35,Alfonso Lista,0,0,22,0,0,0,0,0,1,0,0,0,0,1,0,2019
36,Aliaga,0,0,8,0,0,0,0,0,0,0,0,0,0,2,0,2019
37,Alicia (BL),0,0,5,0,0,0,0,0,0,0,0,0,0,1,0,2019
38,Alicia (IA),0,0,34,4,0,0,0,0,3,0,0,0,0,1,0,2019
39,Alicia (ZS),0,0,10,0,0,0,0,0,0,1,0,0,0,1,0,2019
40,Alilem,0,0,6,1,0,0,0,0,0,0,0,0,0,1,0,2019
41,Alimodian,0,0,8,0,0,0,0,0,1,0,0,0,0,1,0,2019
42,Alitagtag,0,0,5,0,0,0,0,0,0,0,0,0,0,1,0,2019
43,Allacapan,0,0,6,1,0,0,0,0,0,0,0,0,0,1,0,2019
44,Allen,0,0,2,0,0,0,0,0,1,0,0,0,0,1,0,2019
45,Almagro,0,0,2,1,0,0,0,0,0,0,0,0,0,1,0,2019
46,Almeria,0,0,5,1,0,0,0,0,0,0,0,0,0,1,0,2019
47,Aloguinsan,0,0,15,0,0,0,0,0,0,0,0,0,0,1,0,2019
48,Aloran,0,0,6,0,0,0,0,0,0,1,0,0,0,1,0,2019
49,Altavas,0,0,6,0,0,0,0,0,0,1,0,0,0,1,0,2019
50,Alubijid,0,0,16,0,0,0,0,0,0,1,0,0,0,1,0,2019
51,Amadeo,0,0,26,0,0,0,3,0,0,0,0,0,0,1,0,2019
52,Amai Manabilang,0,0,1,1,0,0,0,0,0,0,0,0,0,1,0,2019
53,Ambaguio,0,0,7,1,0,0,0,0,0,0,0,0,0,1,0,2019
54,Amlan,0,0,8,0,0,0,0,0,0,0,0,0,0,1,0,2019
55,Ampatuan,0,0,3,2,0,0,0,0,0,0,0,0,0,1,0,2019
56,Amulung,0,0,48,1,0,0,0,0,0,0,0,0,0,1,0,2019
57,Anahawan,0,0,3,0,0,0,0,0,1,0,0,0,0,1,0,2019
58,Anao,0,0,6,0,0,0,0,0,0,0,0,0,0,1,0,2019
59,Anda (BL),0,0,14,0,0,0,0,0,0,0,0,0,0,1,0,2019
60,Anda (PS),0,0,18,1,0,0,0,0,0,0,0,0,0,1,0,2019
61,Angadanan,0,0,6,1,0,0,0,0,0,0,0,0,0,1,0,2019
62,Angat,0,0,13,2,0,0,1,0,0,0,0,0,0,1,0,2019
63,Angeles,0,0,27,15,1,0,0,0,16,2,0,0,0,6,1,2019
64,Angono,0,0,9,2,0,0,0,0,3,0,0,0,0,2,0,2019
65,Anilao,0,0,5,0,0,0,0,0,0,0,0,0,0,1,0,2019
66,Anini-Y,0,0,4,0,0,0,0,0,0,0,0,0,0,1,0,2019
67,Antequera,0,0,5,0,0,0,0,0,0,0,0,0,0,1,0,2019
68,Antipas,0,0,12,0,0,0,0,0,1,1,0,0,0,1,0,2019
69,Antipolo,0,0,17,12,0,0,2,0,11,2,0,0,0,5,1,2019
70,Apalit,0,0,13,6,0,0,0,0,4,0,0,0,0,2,0,2019
71,Aparri,0,0,25,0,0,0,0,0,3,0,0,0,0,2,0,2019
72,Araceli,0,0,12,0,0,0,0,0,0,0,0,0,0,1,0,2019
73,Arakan,0,0,27,0,0,0,0,0,0,0,0,0,0,1,0,2019
74,Arayat,0,0,28,8,0,0,0,0,5,1,0,0,0,3,0,2019
75,Argao,0,0,40,0,0,0,1,0,2,1,0,0,0,2,0,2019
76,Aringay,0,0,23,0,0,0,0,0,0,0,0,0,0,1,0,2019
77,Aritao,0,0,22,1,0,0,0,0,0,1,0,0,0,1,0,2019
78,Aroroy,0,0,32,0,0,0,0,0,0,1,0,0,0,1,0,2019
79,Arteche,0,0,4,2,0,0,0,0,0,1,0,0,0,1,0,2019
80,Asingan,0,0,17,1,0,0,0,0,1,0,0,0,0,2,0,2019
81,Asipulo,0,0,15,0,0,0,0,0,0,0,0,0,0,1,0,2019
82,Asturias,0,0,27,0,0,0,0,0,0,1,0,0,0,1,0,2019
83,Asuncion,0,0,20,2,0,0,0,0,0,0,0,0,0,1,0,2019
84,Atimonan,0,0,9,0,0,0,0,0,2,0,0,0,0,1,0,2019
85,Atok,0,0,8,0,0,0,0,0,1,0,0,0,0,1,0,2019
86,Aurora (IA),0,0,16,3,0,0,0,0,0,1,0,0,0,1,0,2019
87,Aurora (ZR),0,0,12,2,0,0,0,0,0,1,0,0,0,1,0,2019
88,Ayungon,0,0,11,0,0,0,0,0,0,0,0,0,0,1,0,2019
89,Baao,0,0,9,2,0,0,0,0,1,1,0,0,0,1,0,2019
90,Babatngon,0,0,6,0,0,0,0,0,0,0,0,0,0,1,0,2019
91,Bacacay,0,0,11,1,0,0,0,0,0,2,0,0,0,1,0,2019
92,Bacarra,0,0,5,0,0,0,0,0,1,0,0,0,0,1,0,2019
93,Baclayon,0,0,5,0,0,0,0,0,0,0,0,0,0,1,0,2019
94,Bacnotan,0,0,9,0,0,0,0,0,1,0,0,0,0,1,0,2019
95,Baco,0,0,27,0,0,0,0,0,0,0,0,0,0,1,0,2019
96,Bacolod (LN),0,0,16,1,0,0,0,0,1,0,0,0,0,1,0,2019
97,Bacolod (NO),0,0,28,2,0,0,0,0,6,0,0,0,0,1,0,2019
98,Bacolod-Kalawi,0,0,5,1,0,0,0,0,0,0,0,0,0,1,0,2019
99,Bacolor,0,0,7,0,0,0,0,0,1,0,0,0,0,2,0,2019
100,Bacong,0,0,21,0,0,0,0,0,0,0,0,0,0,1,0,2019
101,Bacoor,0,0,55,17,0,0,0,0,9,0,0,0,0,6,1,2019
102,Bacuag,0,0,4,0,0,0,0,0,0,0,0,0,0,1,0,2019
103,Bacungan Leon B. Postigo,0,0,18,2,0,0,0,0,0,0,0,0,0,1,0,2019
104,Badian,0,0,10,0,0,0,0,0,0,1,0,0,0,1,0,2019
105,Badiangan,0,0,9,0,0,0,0,0,0,0,0,0,0,1,0,2019
106,Badoc,0,0,7,0,0,0,0,0,0,0,0,0,0,1,0,2019
107,Bagabag,0,0,13,0,0,0,0,0,0,0,0,0,0,1,0,2019
108,Bagac,0,0,14,0,0,0,0,0,0,1,0,0,0,1,0,2019
109,Bagamanoc,0,0,4,1,0,0,0,0,0,0,0,0,0,1,0,2019
110,Baganga,0,0,18,0,0,0,0,0,0,0,0,0,0,1,0,2019
111,Baggao,0,0,17,1,0,0,0,0,0,1,0,0,0,1,0,2019
112,Bago,0,0,37,0,0,0,0,0,1,0,0,0,0,1,0,2019
113,Baguio,0,1,0,1,0,0,1,0,7,1,0,0,0,16,0,2019
114,Bagulin,0,0,9,0,0,0,0,0,0,0,0,0,0,1,0,2019
115,Bagumbayan,0,0,19,1,0,0,0,0,0,0,0,0,0,1,0,2019
116,Bais,0,0,34,0,0,0,0,0,0,1,0,0,0,1,0,2019
117,Bakun,0,0,7,0,0,0,0,0,0,0,0,0,0,1,0,2019
118,Balabac,0,0,9,0,0,0,0,0,0,0,0,0,0,1,0,2019
119,Balabagan,0,0,3,1,0,0,0,0,0,0,0,0,0,1,0,2019
120,Balagtas,0,0,8,2,0,0,0,0,2,2,0,0,0,2,0,2019
121,Balamban,0,0,28,0,0,0,0,0,2,0,0,0,0,3,0,2019
122,Balanga,0,0,25,0,0,0,0,0,5,0,0,0,0,5,0,2019
123,Balangiga,0,0,4,0,0,0,0,0,0,1,0,0,0,1,0,2019
124,Balangkayan,0,0,3,0,0,0,0,0,0,0,0,0,0,1,0,2019
125,Balaoan,0,0,10,1,0,0,0,0,1,0,0,0,0,1,0,2019
126,Balasan,0,0,6,0,0,0,0,0,1,0,0,0,0,1,0,2019
127,Balatan,0,0,4,2,0,0,0,0,0,0,0,0,0,1,0,2019
128,Balayan,0,0,22,1,0,0,0,0,4,0,0,0,0,1,0,2019
129,Balbalan,0,0,14,0,0,0,0,0,0,1,0,0,0,1,0,2019
130,Baleno,0,0,24,0,0,0,0,0,0,0,0,0,0,1,0,2019
131,Baler,0,0,8,0,0,0,0,0,2,0,0,0,0,1,0,2019
132,Balete (AK),0,0,9,1,0,0,0,0,0,0,0,0,0,1,0,2019
133,Balete (BS),0,0,8,1,0,0,0,0,0,0,0,0,0,1,0,2019
134,Baliangao,0,0,4,0,0,0,0,0,0,0,0,0,0,1,0,2019
135,Baliguian,0,0,8,0,0,0,0,0,0,0,0,0,0,1,0,2019
136,Balilihan,0,0,5,0,0,0,0,0,0,0,0,0,0,1,0,2019
137,Balindong,0,0,6,1,0,0,0,0,0,1,0,0,0,1,0,2019
138,Balingasag,0,0,30,0,0,0,0,0,1,1,0,0,0,1,0,2019
139,Balingoan,0,0,0,0,0,0,0,0,0,0,0,0,0,1,0,2019
140,Baliwag,0,0,24,7,0,0,0,0,7,0,0,0,0,4,0,2019
141,Ballesteros,0,0,6,0,0,0,0,0,1,1,0,0,0,1,0,2019
142,Baloi,0,0,8,1,0,0,0,0,0,1,0,0,0,1,0,2019
143,Balud,0,0,8,0,0,0,0,0,0,1,0,0,0,1,0,2019
144,Balungao,0,0,20,1,0,0,0,0,0,1,0,0,0,1,0,2019
145,Bamban,0,0,9,5,0,0,0,0,1,0,0,0,0,2,0,2019
146,Bambang,0,0,24,0,0,0,0,0,2,0,0,0,0,1,0,2019
147,Banate,0,0,7,0,0,0,0,0,0,0,0,0,0,1,0,2019
148,Banaue,0,0,20,0,0,0,0,0,0,1,0,0,0,1,0,2019
149,Banaybanay,0,0,14,1,0,0,0,0,0,0,0,0,0,1,0,2019
150,Banayoyo,0,0,3,0,0,0,0,0,0,0,0,0,0,1,0,2019
151,Banga (AK),0,0,10,0,0,0,0,0,0,0,0,0,0,1,0,2019
152,Banga (SC),0,0,22,2,0,0,0,0,0,2,0,0,0,1,0,2019
153,Bangar,0,0,9,0,0,0,0,0,0,1,0,0,0,1,0,2019
154,Bangued,0,0,5,0,0,0,0,0,4,1,0,0,0,1,0,2019
155,Bangui,0,0,4,0,0,0,0,0,1,0,0,0,0,1,0,2019
156,Bani,0,0,11,1,0,0,0,0,0,1,0,0,0,2,0,2019
157,Banisilan,0,0,20,0,0,0,0,0,0,0,0,0,0,1,0,2019
158,Banna,0,0,4,1,0,0,0,0,0,0,0,0,0,1,0,2019
159,Bansalan,0,0,25,0,0,0,0,0,4,3,0,0,0,1,0,2019
160,Bansud,0,0,13,0,0,0,0,0,0,0,0,0,0,1,0,2019
161,Bantay,0,0,28,1,0,0,0,0,2,0,0,0,0,1,0,2019
162,Bantayan Island,0,0,25,0,0,0,0,0,0,1,0,0,0,2,0,2019
163,Banton,0,0,10,0,0,0,0,0,0,0,0,0,0,1,0,2019
164,Baras (CT),0,0,4,1,0,0,0,0,0,0,0,0,0,1,0,2019
165,Baras (RL),0,0,10,0,0,0,0,0,0,1,0,0,0,1,0,2019
166,Barbaza,0,0,7,0,0,0,0,0,0,1,0,0,0,1,0,2019
167,Barcelona,0,0,6,1,0,0,0,0,0,0,0,0,0,1,0,2019
168,Barili,0,0,15,0,0,0,0,0,0,1,0,0,0,2,0,2019
169,Barira,0,0,9,1,0,0,0,0,0,0,0,0,0,1,0,2019
170,Barlig,0,0,6,0,0,0,0,0,0,1,0,0,0,1,0,2019
171,Barobo,0,0,17,0,0,0,0,0,0,0,0,0,0,1,0,2019
172,Barotac Nuevo,0,0,10,0,0,0,0,0,1,0,0,0,0,1,0,2019
173,Barotac Viejo,0,0,24,0,0,0,0,0,1,1,1,0,0,1,0,2019
174,Baroy,0,0,10,0,0,0,0,0,1,0,0,0,0,1,0,2019
175,Barugo,0,0,7,0,0,0,0,0,0,0,0,0,0,1,0,2019
176,Basay,0,0,10,0,0,0,0,0,0,0,0,0,0,1,0,2019
177,Basco,0,0,2,0,0,0,0,0,1,0,0,0,0,1,0,2019
178,Basey,0,0,9,1,0,0,0,0,1,0,1,0,0,0,0,2019
179,Basilisa,0,0,4,0,0,0,0,0,0,0,0,0,0,1,0,2019
180,Basista,0,0,13,1,0,0,0,0,0,0,0,0,0,1,0,2019
181,Basud (CN),0,0,10,1,0,0,0,0,0,0,0,0,0,1,0,2019
182,Batac,0,0,10,0,0,0,0,0,2,1,0,0,0,1,0,2019
183,Batad,0,0,5,0,0,0,0,0,0,0,0,0,0,1,0,2019
184,Batan,0,0,9,0,0,0,0,0,0,0,0,0,0,1,0,2019
185,Batangas,0,0,83,6,0,0,0,0,5,0,0,0,0,7,0,2019
186,Bataraza,0,0,22,0,0,0,0,0,1,0,0,0,0,1,0,2019
187,Bato (CS),0,0,8,2,0,0,0,0,0,0,0,0,0,1,0,2019
188,Bato (CT),0,0,4,0,0,0,0,0,0,1,0,0,0,1,0,2019
189,Bato (LE),0,0,8,0,0,0,0,0,0,0,0,0,0,2,0,2019
190,Batuan (BL),0,0,4,0,0,0,0,0,0,0,0,0,0,1,0,2019
191,Batuan (MS),0,0,2,0,0,0,0,0,0,0,0,0,0,1,0,2019
192,Bauan,0,0,25,3,0,0,0,0,3,0,0,0,0,2,0,2019
193,Bauang,0,0,31,1,0,0,0,0,0,0,0,0,0,1,0,2019
194,Bauko,0,0,23,0,0,0,0,0,1,0,0,0,0,2,0,2019
195,Baungon,0,0,15,0,0,0,0,0,0,0,0,0,0,1,0,2019
196,Bautista,0,0,6,1,0,0,0,0,0,0,0,0,0,1,0,2019
197,Bay,0,0,15,0,0,0,0,0,1,0,0,0,0,1,0,2019
198,Bayabas,0,0,5,0,0,0,0,0,0,0,0,0,0,1,0,2019
199,Bayambang,0,0,26,0,0,0,0,0,2,0,0,0,0,2,0,2019
200,Bayang,0,0,3,0,0,0,0,0,0,0,0,0,0,1,0,2019
201,Bayawan,0,0,35,0,0,0,0,0,2,1,0,0,0,1,0,2019
202,Baybay,0,0,20,1,0,0,0,0,1,2,0,0,0,3,0,2019
203,Bayog,0,0,10,1,0,0,0,0,0,0,0,0,0,1,0,2019
204,Bayombong,0,0,11,0,0,0,0,0,1,0,0,0,0,1,0,2019
205,Bayugan,0,0,19,0,0,0,0,0,2,1,0,0,0,1,0,2019
206,Belison,0,0,3,1,0,0,0,0,0,0,0,0,0,1,0,2019
207,Benito Soliven,0,0,22,0,0,0,0,0,0,0,0,0,0,1,0,2019
208,Besao,0,0,14,0,0,0,0,0,1,0,0,0,0,1,0,2019
209,Bien Unido,0,0,15,0,0,0,0,0,0,0,0,0,0,1,0,2019
210,Bilar,0,0,5,0,0,0,0,0,0,0,0,0,0,1,0,2019
211,Biliran,0,0,3,0,0,0,0,0,0,0,0,0,0,1,0,2019
212,Binalbagan,0,0,16,0,0,0,0,0,0,1,0,0,0,1,0,2019
213,Binalonan,0,0,24,0,0,1,0,0,1,1,0,0,0,1,0,2019
214,Binangonan,0,0,40,6,0,0,0,0,3,1,0,0,0,4,0,2019
215,Bindoy,0,0,10,0,0,0,0,0,0,1,0,0,0,1,0,2019
216,Bingawan,0,0,5,0,0,0,0,0,0,0,0,0,0,1,0,2019
217,Binidayan,0,0,0,0,0,0,0,0,1,0,0,0,0,1,0,2019
218,Binmaley,0,0,18,4,0,0,0,0,1,0,0,0,0,2,0,2019
219,Binuangan,0,0,3,0,0,0,0,0,0,0,0,0,0,1,0,2019
220,Biri,0,0,5,1,0,0,0,0,0,1,0,0,0,1,0,2019
221,Bislig,0,0,35,0,0,0,0,0,3,1,0,0,0,3,0,2019
222,Binan,0,0,24,4,0,0,0,0,4,1,0,0,0,2,0,2019
223,Boac,0,0,6,0,0,0,0,0,1,0,0,0,0,2,0,2019
224,Bobon,0,0,4,1,0,0,0,0,0,0,0,0,0,1,0,2019
225,Bocaue,0,0,17,5,0,0,0,0,4,0,0,0,0,2,0,2019
226,Bogo,0,0,19,0,0,0,0,0,1,0,0,0,0,4,0,2019
227,Bokod,0,0,11,0,0,0,0,0,1,0,0,0,0,1,0,2019
228,Bolinao,0,0,11,1,0,0,0,0,1,1,0,0,0,2,0,2019
229,Boliney,0,0,4,0,0,0,0,0,0,0,0,0,0,1,0,2019
230,Boljoon,0,0,10,0,0,0,0,0,0,0,0,0,0,1,0,2019
231,Bombon,0,0,3,1,0,0,0,0,0,0,0,0,0,1,0,2019
232,Bongabon,0,0,6,0,0,0,0,0,1,0,0,0,0,2,0,2019
233,Bongabong,0,0,36,0,0,0,0,0,1,1,0,0,0,1,0,2019
234,Bongao,0,0,4,1,0,0,0,0,4,0,0,0,0,1,0,2019
235,Bonifacio,0,0,7,0,0,0,0,0,1,0,0,0,0,1,0,2019
236,Bontoc (MP),0,0,15,0,0,0,0,0,1,0,0,0,0,1,0,2019
237,Bontoc (SL),0,0,7,1,0,0,0,0,0,0,0,0,0,1,0,2019
238,Borbon,0,0,17,0,0,0,0,0,0,0,0,0,0,1,0,2019
239,Borongan,0,0,16,1,0,1,0,0,2,0,0,0,0,2,0,2019
240,Boston,0,0,8,0,0,0,0,0,0,0,0,0,0,1,0,2019
241,Botolan,0,0,24,0,0,0,0,0,0,1,0,0,0,2,0,2019
242,Braulio E. Dujali,0,0,5,1,0,0,0,0,0,0,0,0,0,1,0,2019
243,Brooke's Point,0,0,19,0,0,0,0,0,3,1,0,0,0,1,0,2019
244,Buadiposo-Buntong,0,0,3,1,0,0,0,0,0,0,0,0,0,1,0,2019
245,Bubong,0,0,2,1,0,0,0,0,0,0,0,0,0,1,0,2019
246,Bucay,0,0,8,0,0,0,0,0,0,1,0,0,0,1,0,2019
247,Bucloc,0,0,2,0,0,0,0,0,0,0,0,0,0,1,0,2019
248,Buenavista (AN),0,0,25,0,0,0,0,0,0,0,0,0,0,1,0,2019
249,Buenavista (BL),0,0,7,0,0,0,0,0,0,0,0,0,0,1,0,2019
250,Buenavista (GS),0,0,26,0,0,0,0,0,0,1,0,0,0,1,0,2019
251,Buenavista (ME),0,0,4,0,0,0,0,0,0,0,0,0,0,1,0,2019
252,Buenavista (QN),0,0,5,0,0,0,0,0,0,0,0,0,0,1,0,2019
253,Bugallon,0,0,15,0,0,0,0,0,0,0,0,0,0,2,0,2019
254,Bugasong,0,0,7,0,0,0,0,0,1,1,0,0,0,1,0,2019
255,Buguey,0,0,6,1,0,0,0,0,0,0,0,0,0,1,0,2019
256,Buguias,0,0,14,0,0,0,0,0,1,1,0,0,0,1,0,2019
257,Buhi,0,0,15,2,0,0,0,0,0,0,0,0,0,2,0,2019
258,Bula,0,0,11,0,0,0,0,0,0,0,0,0,0,2,0,2019
259,Bulakan,0,0,13,1,0,0,1,0,1,1,0,0,0,2,0,2019
260,Bulalacao,0,0,15,0,0,0,0,0,0,1,0,0,0,1,0,2019
261,Bulan,0,0,18,2,0,0,0,0,0,2,0,0,0,1,0,2019
262,Buldon,0,0,9,2,0,0,0,0,0,0,0,0,0,1,0,2019
263,Buluan,0,0,2,3,0,0,0,0,1,2,0,0,0,1,0,2019
264,Bulusan,0,0,7,1,0,0,0,0,1,1,0,0,0,1,0,2019
265,Bunawan,0,0,9,0,0,0,0,0,2,1,0,0,0,1,0,2019
266,Burauen,0,0,11,0,0,0,0,0,1,0,0,0,0,1,0,2019
267,Burdeos,0,0,14,0,0,0,0,0,0,0,0,0,0,1,0,2019
268,Burgos (IN),0,0,3,0,0,0,0,0,0,0,0,0,0,1,0,2019
269,Burgos (IS),0,0,8,0,0,0,0,0,0,0,0,0,0,1,0,2019
270,Burgos (IA),0,0,13,1,0,0,0,0,0,0,0,0,0,1,0,2019
271,Burgos (LU),0,0,4,0,0,0,0,0,0,0,0,0,0,1,0,2019
272,Burgos (PS),0,0,11,1,0,0,0,0,0,0,0,0,0,1,0,2019
273,Burgos (SN),0,0,1,0,0,0,0,0,0,0,0,0,0,1,0,2019
274,Buruanga,0,0,5,0,0,0,0,0,0,1,0,0,0,1,0,2019
275,Bustos,0,0,12,3,0,0,1,0,2,1,0,0,0,2,0,2019
276,Busuanga,0,0,13,0,0,0,0,0,0,0,0,0,0,1,0,2019
277,Butig,0,0,2,1,0,0,0,0,0,0,0,0,0,1,0,2019
278,Butuan,0,0,83,0,0,0,0,0,7,1,0,0,0,2,0,2019
279,Buug,0,0,7,1,0,0,0,0,1,1,0,0,0,1,0,2019
280,Caba,0,0,5,0,0,0,0,0,1,0,0,0,0,1,0,2019
281,Cabadbaran,0,0,19,0,0,0,0,0,3,0,0,0,0,1,0,2019
282,Cabagan,0,0,16,0,0,0,0,0,1,0,0,0,0,1,0,2019
283,Cabanatuan,0,0,34,3,0,0,0,0,8,0,0,0,0,7,0,2019
284,Cabangan,0,0,18,1,0,0,0,0,0,0,0,0,0,1,0,2019
285,Cabanglasan,0,0,15,2,0,0,0,0,0,0,0,0,0,1,0,2019
286,Cabarroguis,0,0,16,3,0,0,0,0,1,0,0,0,0,1,0,2019
287,Cabatuan (IO),0,0,11,0,0,0,0,0,1,0,0,0,0,1,0,2019
288,Cabatuan (IA),0,0,6,1,0,0,0,0,2,0,0,0,0,1,0,2019
289,Cabiao,0,0,13,4,0,0,0,0,1,2,0,0,0,2,0,2019
290,Cabucgayan,0,0,4,1,0,0,0,0,0,0,0,0,0,1,0,2019
291,Cabugao,0,0,17,0,0,0,0,0,2,0,0,0,0,1,0,2019
292,Cabusao,0,0,9,0,0,0,0,0,1,0,0,0,0,1,0,2019
293,Cabuyao,0,0,15,8,0,0,1,0,3,0,0,0,0,2,0,2019
294,Cadiz,0,0,25,0,0,0,0,0,1,0,0,0,0,1,0,2019
295,Cagayancillo,0,0,0,0,0,0,0,0,0,0,0,0,0,1,0,2019
296,Cagayan De Oro,0,0,33,16,0,0,1,0,12,1,0,0,0,27,1,2019
297,Cagdianao,0,0,4,0,0,0,0,0,0,0,0,0,0,1,0,2019
298,Cagwait,0,0,10,0,0,0,0,0,0,0,0,0,0,1,0,2019
299,Caibiran,0,0,6,1,0,0,0,0,0,0,0,0,0,1,0,2019
300,Cainta,0,0,23,1,0,0,0,0,3,0,0,0,0,5,1,2019
301,Cajidiocan,0,0,13,0,0,0,0,0,0,1,0,0,0,1,0,2019
302,Calabanga,0,0,18,2,0,0,0,0,0,0,0,0,0,3,0,2019
303,Calaca,0,0,14,2,0,0,0,0,1,0,0,0,0,1,0,2019
304,Calamba (LA),0,0,60,14,0,0,2,0,8,2,0,0,0,1,0,2019
305,Calamba (MC),0,0,4,0,0,0,0,0,1,0,0,0,0,1,0,2019
306,Calanasan,0,0,15,1,0,0,0,0,0,1,0,0,0,1,0,2019
307,Calanogas,0,0,2,1,0,0,0,0,0,0,0,0,0,1,0,2019
308,Calapan,0,0,60,0,0,0,0,0,7,0,0,0,0,3,0,2019
309,Calape,0,0,6,0,0,0,0,0,1,0,0,0,0,1,0,2019
310,Calasiao,0,0,25,2,0,0,0,0,0,0,0,0,0,2,0,2019
311,Calatagan,0,0,8,0,0,0,0,0,0,1,0,0,0,1,0,2019
312,Calatrava (NO),0,0,40,0,0,0,0,0,0,1,0,0,0,1,0,2019
313,Calatrava (RN),0,0,6,0,0,0,0,0,0,0,0,0,0,1,0,2019
314,Calauag,0,0,19,0,0,0,0,0,2,1,0,0,0,1,0,2019
315,Calauan,0,0,16,1,0,0,0,0,0,0,0,0,0,1,0,2019
316,Calayan,0,0,10,0,0,0,0,0,0,1,0,0,0,1,0,2019
317,Calbayog,0,0,23,0,0,0,0,0,4,0,0,0,0,6,0,2019
318,Calbiga,0,0,5,0,0,0,0,0,0,0,1,0,0,1,0,2019
319,Calinog,0,0,15,0,0,0,0,0,1,0,0,0,0,1,0,2019
320,Calintaan,0,0,7,0,0,0,0,0,0,0,0,0,0,1,0,2019
321,Caloocan,0,0,0,11,0,0,0,0,11,4,0,0,0,46,1,2019
322,Calubian,0,0,4,1,0,0,0,0,0,1,0,0,0,1,0,2019
323,Calumpit,0,0,27,1,0,0,0,0,2,0,0,0,0,2,0,2019
324,Caluya,0,0,6,0,0,0,0,0,0,1,0,0,0,1,0,2019
325,Camalaniugan,0,0,5,1,0,0,0,0,2,0,0,0,0,1,0,2019
326,Camalig,0,0,9,3,0,0,0,0,0,0,0,0,0,1,0,2019
327,Camaligan,0,0,4,0,0,0,0,0,0,0,0,0,0,1,0,2019
328,Camiling,0,0,16,1,0,0,0,0,3,1,0,0,0,2,0,2019
329,Canaman,0,0,5,1,0,0,0,0,0,0,0,0,0,1,0,2019
330,Can-Avid,0,0,5,1,0,0,0,0,0,1,0,0,0,1,0,2019
331,Candaba,0,0,31,1,0,0,0,0,0,1,0,0,0,3,0,2019
332,Candelaria (QN),0,0,26,4,0,0,0,0,2,1,0,0,0,1,0,2019
333,Candelaria (ZA),0,0,16,0,0,0,0,0,1,0,0,0,0,1,0,2019
334,Candijay,0,0,16,0,0,0,0,0,0,1,0,0,0,1,0,2019
335,Candon,0,0,41,0,0,0,0,0,4,0,0,0,0,1,0,2019
336,Candoni,0,0,9,0,0,0,0,0,0,0,0,0,0,1,0,2019
337,Canlaon,0,0,13,0,0,0,0,0,0,1,0,0,0,1,0,2019
338,Cantilan,0,0,5,0,0,0,0,0,2,0,0,0,0,1,0,2019
339,Caoayan,0,0,4,1,0,0,0,0,0,0,0,0,0,1,0,2019
340,Capalonga,0,0,8,1,0,0,0,0,0,1,0,0,0,1,0,2019
341,Capas,0,0,12,2,0,0,0,0,2,1,0,0,0,3,0,2019
342,Capoocan,0,0,5,0,0,0,0,0,0,0,0,0,0,1,0,2019
343,Capul,0,0,10,1,0,0,0,0,0,1,0,0,0,1,0,2019
344,Caraga,0,0,18,0,0,0,0,0,0,0,0,0,0,1,0,2019
345,Caramoan,0,0,10,0,0,0,0,0,0,1,0,0,0,2,0,2019
346,Caramoran,0,0,10,1,0,0,0,0,0,1,0,0,0,1,0,2019
347,Carasi,0,0,1,0,0,0,0,0,0,0,0,0,0,1,0,2019
348,Carcar,0,0,21,0,0,0,0,0,2,1,0,0,0,2,0,2019
349,Cardona,0,0,18,1,0,0,0,0,2,0,0,0,0,2,0,2019
350,Carigara,0,0,8,1,0,0,0,0,1,1,0,0,0,1,0,2019
351,Carles,0,0,13,1,0,0,0,0,0,0,0,0,0,1,0,2019
352,Carmen (AN),0,0,7,0,0,0,0,0,0,0,0,0,0,1,0,2019
353,Carmen (BL),0,0,25,0,0,0,0,0,0,1,0,0,0,1,0,2019
354,Carmen (CU),0,0,10,0,0,0,0,0,0,0,0,0,0,1,0,2019
355,Carmen (NC),0,0,25,1,0,0,0,0,1,1,0,0,0,1,0,2019
356,Carmen (DN),0,0,20,2,0,0,0,0,2,1,0,0,0,1,0,2019
357,Carmen (SS),0,0,7,0,0,0,0,0,0,0,0,0,0,1,0,2019
358,Carmona,0,0,16,2,0,0,0,0,3,1,0,0,0,1,0,2019
359,Carranglan,0,0,6,0,0,0,0,0,0,1,0,0,0,2,0,2019
360,Carrascal,0,0,9,0,0,0,0,0,0,1,0,0,0,1,0,2019
361,Casiguran (AU),0,0,16,0,0,0,0,0,0,1,0,0,0,1,0,2019
362,Casiguran (SO),0,0,10,1,0,0,0,0,0,1,0,0,0,1,0,2019
363,Castilla,0,0,9,1,0,0,0,0,1,0,0,0,0,1,0,2019
364,Castillejos,0,0,15,1,0,0,0,0,0,0,0,0,0,1,0,2019
365,Cataingan,0,0,17,0,0,0,0,0,1,0,0,0,0,1,0,2019
366,Catanauan,0,0,45,1,0,0,0,0,1,0,0,0,0,1,0,2019
367,Catarman (CM),0,0,13,0,0,0,0,0,0,1,0,0,0,1,0,2019
368,Catarman (NS),0,0,22,0,0,1,0,0,2,2,0,0,0,2,0,2019
369,Catbalogan,0,0,12,1,0,1,0,0,2,1,0,0,0,1,0,2019
370,Cateel,0,0,17,0,0,0,0,0,0,1,0,0,0,1,0,2019
371,Catigbian,0,0,13,0,0,0,0,0,1,0,0,0,0,1,0,2019
372,Catmon,0,0,19,0,0,0,0,0,0,0,0,0,0,1,0,2019
373,Catubig,0,0,7,0,0,0,0,0,0,1,0,0,0,1,0,2019
374,Cauayan (IA),0,0,55,2,0,0,0,0,5,3,0,0,0,2,0,2019
375,Cauayan (NO),0,0,24,1,0,0,0,0,0,1,0,0,0,1,0,2019
376,Cavinti,0,0,11,0,0,0,0,0,0,0,0,0,0,1,0,2019
377,Cavite,0,0,0,1,0,0,0,0,5,1,0,0,0,7,0,2019
378,Cawayan,0,0,15,0,0,0,0,0,0,1,0,0,0,1,0,2019
379,Cebu,0,0,77,0,1,0,1,0,15,2,0,0,0,6,1,2019
380,Cervantes,0,0,13,0,0,0,0,0,1,0,0,0,0,1,0,2019
381,Clarin (BL),0,0,4,0,0,0,0,0,0,1,0,0,0,1,0,2019
382,Clarin (MC),0,0,9,1,0,0,0,0,1,1,0,0,0,1,0,2019
383,Claver,0,0,11,0,0,0,0,0,0,0,0,0,0,1,0,2019
384,Claveria (CG),0,0,17,1,0,0,0,0,0,1,0,0,0,1,0,2019
385,Claveria (MS),0,0,22,1,0,0,0,0,0,1,0,0,0,1,0,2019
386,Claveria (MO),0,0,24,0,0,0,0,0,0,1,0,0,0,1,0,2019
387,Columbio,0,0,17,2,0,0,0,0,0,0,0,0,0,1,0,2019
388,Compostela (CU),0,0,15,0,0,0,0,0,0,0,0,0,0,1,0,2019
389,Compostela (DDO),0,0,17,1,0,0,0,0,0,2,0,0,0,1,0,2019
390,Concepcion (IO),0,0,16,0,0,0,0,0,0,0,0,0,0,1,0,2019
391,Concepcion,0,0,1,0,0,0,0,0,0,0,0,0,0,1,0,2019
392,Concepcion (RN),0,0,8,0,0,0,0,0,0,0,0,0,0,1,0,2019
393,Concepcion (TC),0,0,15,2,0,0,0,0,4,0,0,0,0,3,0,2019
394,Conner,0,0,22,1,0,0,0,0,1,0,0,0,0,1,0,2019
395,Consolacion,0,0,21,0,0,0,0,0,1,0,0,0,0,1,0,2019
396,Corcuera,0,0,12,0,0,0,0,0,0,1,0,0,0,1,0,2019
397,Cordon,0,0,25,2,0,0,0,0,1,0,0,0,0,1,0,2019
398,Cordova,0,0,13,0,0,0,0,0,0,0,0,0,0,1,0,2019
399,Corella,0,0,7,0,0,0,0,0,0,0,0,0,0,1,0,2019
400,Coron,0,0,20,0,0,0,0,0,0,1,0,0,0,1,0,2019
401,Cortes (BL),0,0,3,0,0,0,0,0,0,0,0,0,0,1,0,2019
402,Cortes (SS),0,0,5,0,0,0,0,0,0,1,0,0,0,1,0,2019
403,Cotabato,0,0,39,9,0,0,0,0,4,0,0,0,0,1,0,2019
404,Cuartero,0,0,19,0,0,0,0,0,0,0,0,0,0,1,0,2019
405,Cuenca,0,0,13,1,0,0,0,0,2,0,0,0,0,1,0,2019
406,Culaba,0,0,4,1,0,0,0,0,0,0,0,0,0,1,0,2019
407,Culasi,0,0,16,1,0,0,0,0,1,0,0,0,0,1,0,2019
408,Culion,0,0,10,0,0,0,0,0,1,0,0,0,0,1,0,2019
409,Currimao,0,0,4,0,0,0,0,0,0,0,0,0,0,1,0,2019
410,Cuyapo,0,0,11,1,0,0,0,0,0,0,0,0,0,2,0,2019
411,Cuyo,0,0,16,0,0,0,0,0,1,0,0,0,0,1,0,2019
412,Daan Bantayan,0,0,19,0,0,0,0,0,0,1,0,0,0,2,0,2019
413,Daet,0,0,14,3,0,0,0,0,5,0,0,0,0,3,0,2019
414,Dagami,0,0,6,0,0,0,0,0,0,0,0,0,0,1,0,2019
415,Dagohoy,0,0,15,0,0,0,0,0,0,0,0,0,0,1,0,2019
416,Daguioman,0,0,3,0,0,0,0,0,0,0,0,0,0,1,0,2019
417,Dagupan,0,0,14,5,0,0,1,0,11,1,0,0,0,1,0,2019
418,Dalaguete,0,0,33,0,0,0,0,0,2,0,0,0,0,2,0,2019
419,Damulog,0,0,17,0,0,0,0,0,0,0,0,0,0,1,0,2019
420,Danao (BL),0,0,3,0,0,0,0,0,0,0,0,0,0,1,0,2019
421,Danao (CU),0,0,34,0,0,0,0,0,2,0,0,0,0,1,1,2019
422,Dangcagan,0,0,13,0,0,0,0,0,0,0,0,0,0,1,0,2019
423,Danglas,0,0,2,0,0,0,0,0,0,0,0,0,0,1,0,2019
424,Dao,0,0,15,0,0,0,0,0,0,1,0,0,0,1,0,2019
425,Dapa,0,0,5,0,0,0,0,0,0,1,0,0,0,1,0,2019
426,Dapitan,0,0,21,1,0,0,0,0,1,0,0,0,0,3,0,2019
427,Daraga,0,0,20,4,0,0,0,0,1,0,0,0,0,1,0,2019
428,Daram,0,0,11,1,0,0,0,0,0,0,0,0,0,1,0,2019
429,Dasmarinas,0,0,83,28,0,0,0,0,7,2,0,0,0,2,1,2019
430,Dasol,0,0,16,0,0,0,0,0,1,0,0,0,0,1,0,2019
431,Datu Abdullah Sangki,0,0,3,2,0,0,0,0,0,0,0,0,0,1,0,2019
432,Datu Anggal Midtimbang,0,0,5,3,0,0,0,0,0,0,0,0,0,1,0,2019
433,Datu Blah Sinsuat,0,0,3,0,0,0,0,0,0,0,0,0,0,1,0,2019
434,Datu Hoffer Ampatuan,0,0,1,1,0,0,0,0,1,0,0,0,0,1,0,2019
435,Datu Odin Sinsuat,0,0,20,6,0,0,0,0,2,0,0,0,0,1,0,2019
436,Datu Paglas,0,0,8,3,0,0,0,0,0,1,0,0,0,1,0,2019
437,Datu Piang,0,0,5,2,0,0,0,0,0,1,0,0,0,1,0,2019
438,Datu Salibo,0,0,1,0,0,0,0,0,0,0,0,0,0,1,0,2019
439,Datu Saudi-Ampatuan,0,0,6,3,0,0,0,0,0,0,0,0,0,1,0,2019
440,Datu Unsay,0,0,2,1,0,0,0,0,0,0,0,0,0,1,0,2019
441,Dauin,0,0,20,0,0,0,0,0,0,0,0,0,0,1,0,2019
442,Dauis,0,0,12,0,0,0,0,0,0,0,0,0,0,1,0,2019
443,Davao,0,0,170,49,0,0,3,0,19,13,0,0,0,18,1,2019
444,Del Carmen,0,0,5,0,0,0,0,0,0,1,0,0,0,1,0,2019
445,Delfin Albano,0,0,5,0,0,0,0,0,0,3,0,0,0,1,0,2019
446,Del Gallego,0,0,12,0,0,0,0,0,0,0,0,0,0,1,0,2019
447,Diadi,0,0,3,0,0,0,0,0,0,1,0,0,0,1,0,2019
448,Diffun,0,0,33,5,0,0,0,0,0,1,0,0,0,1,0,2019
449,Digos,0,0,31,8,0,0,0,0,9,2,0,0,0,1,0,2019
450,Dilasag,0,0,9,0,0,0,0,0,0,0,0,0,0,1,0,2019
451,Dimasalang,0,0,11,0,0,0,0,0,1,2,0,0,0,1,0,2019
452,Dimataling,0,0,7,1,0,0,0,0,0,0,0,0,0,1,0,2019
453,Dimiao,0,0,7,0,0,0,0,0,0,1,0,0,0,1,0,2019
454,Dinagat,0,0,3,0,0,0,0,0,0,1,0,0,0,1,0,2019
455,Dinalungan,0,0,7,0,0,0,0,0,0,0,0,0,0,1,0,2019
456,Dinalupihan,0,0,33,1,0,0,0,0,2,1,0,0,0,3,0,2019
457,Dinapigue,0,0,5,0,0,0,0,0,0,0,0,0,0,1,0,2019
458,Dinas,0,0,8,1,0,0,0,0,0,1,0,0,0,1,0,2019
459,Dingalan,0,0,7,0,0,0,0,0,0,0,0,0,0,1,0,2019
460,Dingle,0,0,4,0,0,0,0,0,0,0,0,0,0,1,0,2019
461,Dingras,0,0,9,0,0,0,0,0,1,0,0,0,0,1,0,2019
462,Dipaculao,0,0,18,0,0,0,0,0,0,0,0,0,0,1,0,2019
463,Diplahan,0,0,6,0,0,0,0,0,0,1,0,0,0,1,0,2019
464,Dipolog,0,0,25,1,0,0,0,0,5,0,0,0,0,2,0,2019
465,Ditsaan-Ramain,0,0,3,1,0,0,0,0,0,0,0,0,0,1,0,2019
466,Divilacan,0,0,3,0,0,0,0,0,0,0,0,0,0,1,0,2019
467,Dolores (AA),0,0,13,0,0,0,0,0,0,2,0,0,0,1,0,2019
468,Dolores (ES),0,0,8,0,0,0,0,0,1,1,0,0,0,1,0,2019
469,Dolores (QN),0,0,10,1,0,0,0,0,0,0,0,0,0,1,0,2019
470,Don Carlos,0,0,29,3,0,0,0,0,2,0,0,0,0,1,0,2019
471,Don Marcelino,0,0,15,0,0,0,0,0,0,0,0,0,0,1,0,2019
472,Donsol,0,0,10,1,0,0,0,0,1,0,0,0,0,1,0,2019
473,Don Victoriano Chiongbian,0,0,2,0,0,0,0,0,0,0,0,0,0,1,0,2019
474,Dona Remedios Trinidad,0,0,8,1,0,0,0,0,0,0,0,0,0,1,0,2019
475,Duero,0,0,6,0,0,0,0,0,0,1,1,0,0,0,0,2019
476,Duenas,0,0,10,0,0,0,0,0,0,0,0,0,0,1,0,2019
477,Dulag,0,0,8,0,0,0,1,0,1,0,0,0,0,1,0,2019
478,Dumaguete,0,0,27,0,0,0,0,0,3,0,0,0,0,1,0,2019
479,Dumalag,0,0,16,0,0,0,0,0,0,0,0,0,0,1,0,2019
480,Dumalinao,0,0,7,0,0,0,0,0,0,0,0,0,0,1,0,2019
481,Dumalneg,0,0,1,0,0,0,0,0,0,0,0,0,0,1,0,2019
482,Dumangas,0,0,12,0,0,0,0,0,1,0,0,0,0,1,0,2019
483,Dumanjug,0,0,37,0,0,0,0,0,0,0,0,0,0,1,0,2019
484,Dumaran,0,0,16,0,0,0,0,0,0,1,0,0,0,1,0,2019
485,Dumarao,0,0,11,0,0,0,0,0,1,0,0,0,0,1,0,2019
486,Dumingag,0,0,11,1,0,0,0,0,0,0,0,0,0,1,0,2019
487,Dupax Del Norte,0,0,14,1,0,0,0,0,1,0,0,0,0,1,0,2019
488,Dupax Del Sur,0,0,15,0,0,0,0,0,0,0,0,0,0,1,0,2019
489,Echague,0,0,58,3,0,0,0,0,2,0,0,0,0,1,0,2019
490,El Nido,0,0,16,0,0,0,0,0,0,0,0,0,0,1,0,2019
491,El Salvador,0,0,15,1,0,0,0,0,0,0,0,0,0,1,0,2019
492,Enrile,0,0,17,0,0,0,0,0,0,0,0,0,0,1,0,2019
493,E. B. Magalona,0,0,23,0,0,0,0,0,0,0,0,0,0,1,0,2019
494,Enrique Villanueva,0,0,9,0,0,0,0,0,0,0,0,0,0,1,0,2019
495,Escalante,0,0,24,0,0,0,0,0,1,0,0,0,0,1,0,2019
496,Esperanza (AS),0,0,11,0,0,0,0,0,0,1,0,0,0,1,0,2019
497,Esperanza (MS),0,0,9,0,0,0,0,0,0,0,0,0,0,1,0,2019
498,Esperanza (SK),0,0,19,1,0,0,0,0,1,3,0,0,0,1,0,2019
499,Estancia,0,0,8,0,0,0,0,0,0,0,0,0,0,1,0,2019
500,Famy,0,0,0,1,0,0,0,0,1,0,0,0,0,1,0,2019
501,Ferrol,0,0,5,0,0,0,0,0,0,0,0,0,0,1,0,2019
502,Flora,0,0,15,1,0,0,0,0,0,1,0,0,0,1,0,2019
503,Floridablanca,0,0,16,0,0,0,0,0,3,0,0,0,0,2,0,2019
504,Gabaldon,0,0,13,1,0,0,0,0,0,1,0,0,0,1,0,2019
505,Gainza,0,0,8,0,0,0,0,0,0,0,0,0,0,1,0,2019
506,Galimuyod,0,0,3,0,0,0,0,0,0,0,0,0,0,1,0,2019
507,Gamay,0,0,5,1,0,0,0,0,0,1,0,0,0,1,0,2019
508,Gamu,0,0,12,1,0,0,0,0,1,0,0,0,0,1,0,2019
509,Ganassi,0,0,0,1,0,0,0,0,0,0,0,0,0,1,0,2019
510,Gandara,0,0,12,1,0,0,0,0,0,1,0,0,0,1,0,2019
511,Gapan,0,0,20,2,0,0,0,0,2,0,0,0,0,5,0,2019
512,Garchitorena,0,0,6,0,0,0,0,0,0,1,0,0,0,1,0,2019
513,Garcia-Hernandez,0,0,30,0,0,0,0,0,0,0,0,0,0,1,0,2019
514,Gasan,0,0,5,0,0,0,0,0,0,0,0,0,0,1,0,2019
515,Gattaran,0,0,11,2,0,0,0,0,0,2,0,0,0,1,0,2019
516,Gen. Emilio Aguinaldo,0,0,9,1,0,0,0,0,0,0,0,0,0,1,0,2019
517,General Luna (QN),0,0,18,1,0,0,0,0,0,0,0,0,0,1,0,2019
518,General Luna  (SN),0,0,6,0,0,0,0,0,0,0,0,0,0,1,0,2019
519,General Macarthur,0,0,6,0,0,0,0,0,1,1,0,0,0,1,0,2019
520,General Mamerto Natividad,0,0,14,0,0,0,0,0,0,0,0,0,0,1,0,2019
521,General Nakar,0,0,8,1,0,0,0,0,0,0,0,0,0,1,0,2019
522,General Santos,0,0,23,40,0,0,0,0,7,2,0,0,0,13,0,2019
523,General Tinio,0,0,8,1,0,0,0,0,1,1,0,0,0,2,0,2019
524,General Trias,0,0,25,6,0,0,0,0,6,1,0,0,0,1,0,2019
525,Gen. Mariano Alvarez,0,0,27,7,0,0,0,0,1,1,0,0,0,2,0,2019
526,Gen S.K Pendatun,0,0,7,6,0,0,0,0,0,0,0,0,0,1,0,2019
527,Gerona,0,0,12,4,0,0,0,0,1,0,0,0,0,3,0,2019
528,Getafe,0,0,24,0,0,0,0,0,0,0,0,0,0,1,0,2019
529,Gigaquit,0,0,5,0,0,0,0,0,0,1,0,0,0,1,0,2019
530,Gigmoto,0,0,2,0,0,0,0,0,0,1,0,0,0,1,0,2019
531,Ginatilan,0,0,4,0,0,0,0,0,0,0,0,0,0,1,0,2019
532,Gingoog,0,0,79,2,0,0,0,0,3,0,0,0,0,1,0,2019
533,Giporlos,0,0,3,0,0,0,0,0,0,0,0,0,0,1,0,2019
534,Gitagum,0,0,10,0,0,0,0,0,0,0,0,0,0,1,0,2019
535,Glan,0,0,31,2,0,0,0,0,0,1,0,0,0,1,0,2019
536,Gloria,0,0,27,0,0,0,0,0,0,0,0,0,0,1,0,2019
537,Goa,0,0,20,3,0,0,0,0,1,1,0,0,0,2,0,2019
538,Godod,0,0,12,1,0,0,0,0,0,0,0,0,0,1,0,2019
539,Gonzaga,0,0,5,1,0,0,0,0,1,0,0,0,0,1,0,2019
540,Governor Generoso,0,0,20,0,0,0,0,0,0,1,0,0,0,1,0,2019
541,Gregorio Del Pilar,0,0,2,1,0,0,0,0,0,0,0,0,0,1,0,2019
542,Guagua,0,0,27,0,0,0,0,0,3,0,0,0,0,3,0,2019
543,Gubat,0,0,12,2,0,0,0,0,1,0,0,0,0,1,0,2019
544,Guiguinto (BU),0,0,13,4,0,0,0,0,2,1,0,0,0,2,0,2019
545,Guihulngan,0,0,33,0,0,0,0,0,2,0,0,0,0,2,0,2019
546,Guimba,0,0,13,2,0,0,0,0,2,1,0,0,0,3,0,2019
547,Guimbal,0,0,9,0,0,0,0,0,1,0,0,0,0,1,0,2019
548,Guinayangan,0,0,9,1,0,0,0,0,1,0,0,0,0,1,0,2019
549,Guindulman,0,0,18,0,0,0,0,0,1,0,0,0,0,1,0,2019
550,Guindulungan,0,0,3,3,0,0,0,0,0,0,0,0,0,1,0,2019
551,Guinobatan,0,0,15,3,0,0,0,0,1,1,0,0,0,1,0,2019
552,Guinsiliban,0,0,6,0,0,0,0,0,0,0,0,0,0,1,0,2019
553,Guipos,0,0,4,0,0,0,0,0,0,0,0,0,0,1,0,2019
554,Guiuan,0,0,11,0,0,0,0,0,3,0,0,0,0,2,0,2019
555,Gumaca,0,0,10,0,0,0,0,0,3,0,0,0,0,1,0,2019
556,Gutalac,0,0,9,1,0,0,0,0,0,0,0,0,0,1,0,2019
557,Hadji Mohammad Ajul,0,0,5,0,0,0,0,0,0,0,0,0,0,1,0,2019
558,Hadji Muhtamad,0,0,0,1,0,0,0,0,0,0,0,0,0,1,0,2019
559,Hadji Panglima Tahil,0,0,2,1,0,0,0,0,0,0,0,0,0,1,0,2019
560,Hagonoy (BU),0,0,23,8,0,0,0,0,3,0,0,0,0,4,0,2019
561,Hagonoy (DS),0,0,22,0,0,0,0,0,1,3,0,0,0,1,0,2019
562,Hamtic,0,0,11,0,0,0,0,0,0,0,0,0,0,1,0,2019
563,Hermosa,0,0,19,0,0,0,0,0,0,0,0,0,0,1,0,2019
564,Hernani,0,0,4,0,0,0,0,0,0,0,0,0,0,1,0,2019
565,Hilongos,0,0,14,0,0,0,0,0,2,1,0,0,0,2,0,2019
566,Himamaylan,0,0,22,0,0,0,0,0,1,0,0,0,0,1,0,2019
567,Hinabangan,0,0,3,1,0,0,0,0,0,0,0,0,0,1,0,2019
568,Hinatuan,0,0,20,0,0,0,0,0,1,0,0,0,0,1,0,2019
569,Hindang,0,0,5,1,0,0,0,0,0,0,0,0,0,1,0,2019
570,Hingyon,0,0,11,0,0,0,0,0,0,0,0,0,0,1,0,2019
571,Hinigaran,0,0,24,0,0,0,0,0,0,1,0,0,0,1,0,2019
572,Hinobaan,0,0,16,0,0,0,0,0,0,1,0,0,0,1,0,2019
573,Hinunangan,0,0,7,0,0,0,0,0,0,2,0,0,0,1,0,2019
574,Hinundayan,0,0,3,0,0,0,0,0,0,1,0,0,0,1,0,2019
575,Hungduan,0,0,13,0,0,0,0,0,0,1,0,0,0,1,0,2019
576,Iba,0,0,11,0,0,0,0,0,2,0,0,0,0,1,0,2019
577,Ibaan,0,0,26,0,0,0,0,0,2,0,0,0,0,1,0,2019
578,Ibajay,0,0,11,0,0,0,0,0,0,1,0,0,0,2,0,2019
579,Igbaras,0,0,7,0,0,0,0,0,0,0,0,0,0,1,0,2019
580,Iguig,0,0,7,1,0,0,0,0,0,0,0,0,0,1,0,2019
581,Ilagan,0,0,92,2,0,0,1,0,3,1,0,0,0,2,0,2019
582,Iligan,0,0,47,2,0,0,0,0,7,1,0,0,0,1,0,2019
583,Ilog,0,0,15,0,0,0,0,0,0,0,0,0,0,1,0,2019
584,Iloilo,0,0,70,5,0,0,0,0,10,0,0,0,0,9,1,2019
585,Imelda,0,0,5,1,0,0,0,0,0,2,0,0,0,1,0,2019
586,Impasug-Ong,0,0,13,0,0,0,0,0,0,0,0,0,0,1,0,2019
587,Imus,0,0,94,16,0,0,0,0,4,0,0,0,0,3,1,2019
588,Inabanga,0,0,12,0,0,0,0,0,0,1,0,0,0,1,0,2019
589,Indanan,0,0,9,1,0,0,0,0,0,0,0,0,0,1,0,2019
590,Indang,0,0,32,1,0,0,1,0,0,0,0,0,0,1,0,2019
591,Infanta (PS),0,0,10,1,0,0,0,0,0,0,0,0,0,1,0,2019
592,Infanta (QN),0,0,10,1,0,0,0,0,1,0,0,0,0,1,0,2019
593,Initao,0,0,15,1,0,0,0,0,1,0,0,0,0,1,0,2019
594,Inopacan,0,0,5,1,0,0,0,0,0,0,0,0,0,1,0,2019
595,Ipil,0,0,14,2,0,0,0,0,4,0,0,0,0,1,0,2019
596,Iriga,0,0,14,3,1,0,0,0,3,0,0,0,0,0,0,2019
597,Irosin,0,0,9,1,0,0,0,0,1,1,0,0,0,1,0,2019
598,Isabel,0,0,6,4,0,0,0,0,1,1,0,0,0,1,0,2019
599,Isabela (BAS),0,0,25,2,0,0,0,0,4,0,0,0,0,3,0,2019
600,Isabela (NO),0,0,30,0,0,0,0,0,0,1,0,0,0,1,0,2019
601,Igacos,0,0,46,4,0,0,0,0,1,1,0,0,0,3,0,2019
602,Isulan,0,0,21,5,0,0,0,0,3,2,0,0,0,1,0,2019
603,Itbayat,0,0,1,0,0,0,0,0,0,1,0,0,0,1,0,2019
604,Itogon,0,0,14,0,0,0,0,0,0,1,0,0,0,1,0,2019
605,Ivana,0,0,1,0,0,0,0,0,0,0,0,0,0,1,0,2019
606,Ivisan,0,0,15,0,0,0,0,0,0,0,0,0,0,1,0,2019
607,Jabonga,0,0,13,0,0,0,0,0,0,1,0,0,0,1,0,2019
608,Jaen,0,0,4,2,0,0,0,0,0,0,0,0,0,2,0,2019
609,Jagna,0,0,32,0,0,0,0,0,2,0,0,0,0,2,0,2019
610,Jalajala,0,0,11,0,0,0,0,0,1,0,0,0,0,1,0,2019
611,Jamindan,0,0,25,0,0,0,0,0,0,1,0,0,0,1,0,2019
612,Janiuay,0,0,16,1,0,0,0,0,1,0,0,0,0,1,0,2019
613,Jaro,0,0,9,0,0,0,0,0,0,0,0,0,0,1,0,2019
614,Jasaan,0,0,15,1,0,0,0,0,0,1,0,0,0,1,0,2019
615,Javier,0,0,4,1,0,0,0,0,0,1,0,0,0,1,0,2019
616,Jiabong,0,0,5,1,0,0,0,0,0,0,0,0,0,1,0,2019
617,Jimalalud,0,0,10,0,0,0,0,0,0,0,0,0,0,1,0,2019
618,Jimenez,0,0,5,1,0,0,0,0,1,1,0,0,0,1,0,2019
619,Jipapad,0,0,4,0,0,0,0,0,0,0,0,0,0,1,0,2019
620,Jolo,0,0,6,2,0,0,0,0,1,2,0,0,0,1,0,2019
621,Jomalig,0,0,5,0,0,0,0,0,0,0,0,0,0,1,0,2019
622,Jones,0,0,42,1,0,0,0,0,1,0,0,0,0,1,0,2019
623,Jordan,0,0,14,0,0,0,0,0,1,0,0,0,0,1,0,2019
624,Jose Abad Santos,0,0,26,0,0,0,0,0,0,1,0,0,0,1,0,2019
625,Jose Dalman,0,0,13,2,0,0,0,0,0,0,0,0,0,1,0,2019
626,Josefina,0,0,7,1,0,0,0,0,0,0,0,0,0,1,0,2019
627,Jose Panganiban,0,0,6,1,0,0,0,0,0,2,0,0,0,2,0,2019
628,Jovellar,0,0,6,0,0,0,0,0,0,0,0,0,0,1,0,2019
629,Juban,0,0,9,1,0,0,0,0,0,0,0,0,0,1,0,2019
630,Julita,0,0,3,0,0,0,0,0,0,0,0,0,0,1,0,2019
631,Kabacan,0,0,24,1,0,0,0,0,5,0,0,0,0,1,0,2019
632,Kabankalan,0,0,32,0,0,0,0,0,2,2,0,0,0,1,0,2019
633,Kabasalan,0,0,7,0,0,0,0,0,1,2,0,0,0,1,0,2019
634,Kabayan,0,0,18,0,0,0,0,0,0,0,0,0,0,1,0,2019
635,Kabugao,0,0,21,2,0,0,0,0,0,1,0,0,0,1,0,2019
636,Kabuntalan,0,0,4,1,0,0,0,0,0,0,0,0,0,1,0,2019
637,Kadingilan,0,0,17,0,0,0,0,0,0,0,0,0,0,1,0,2019
638,Kalamansig,0,0,14,1,0,0,0,0,0,1,0,0,0,1,0,2019
639,Kalawit,0,0,6,1,0,0,0,0,0,0,0,0,0,1,0,2019
640,Kalayaan (LA),0,0,6,1,0,0,0,0,0,0,0,0,0,1,0,2019
641,Kalayaan (PN),0,0,0,0,0,0,0,0,0,0,0,0,0,0,0,2019
642,Kalibo,0,0,17,0,0,0,0,0,5,0,0,0,0,2,0,2019
643,Kalilangan,0,0,14,0,0,0,0,0,1,1,0,0,0,1,0,2019
644,Kalingalan Caluang,0,0,5,0,0,0,0,0,0,0,0,0,0,1,0,2019
645,Kananga,0,0,9,1,0,0,0,0,0,1,0,0,0,1,0,2019
646,Kapai,0,0,2,1,0,0,0,0,0,0,0,0,0,1,0,2019
647,Kapalong,0,0,14,1,0,0,0,0,2,1,0,0,0,1,0,2019
648,Kapangan,0,0,15,0,0,0,0,0,0,1,0,0,0,1,0,2019
649,Kapatagan (LN),0,0,20,1,0,0,0,0,2,1,0,0,0,1,0,2019
650,Kapatagan (LS),0,0,3,1,0,0,0,0,0,0,0,0,0,1,0,2019
651,Kasibu,0,0,29,0,0,0,0,0,0,1,0,0,0,1,0,2019
652,Katipunan,0,0,13,1,0,0,0,0,0,0,0,0,0,1,0,2019
653,Kauswagan,0,0,12,1,0,0,0,0,0,1,0,0,0,1,0,2019
654,Kawayan,0,0,6,3,0,0,0,0,0,0,0,0,0,1,0,2019
655,Kawit,0,0,21,3,0,0,0,0,3,0,0,0,0,2,0,2019
656,Kayapa,0,0,28,2,0,0,0,0,1,0,0,0,0,1,0,2019
657,Kiamba,0,0,20,2,0,0,0,0,2,0,0,0,0,1,0,2019
658,Kiangan,0,0,13,0,0,0,0,0,0,0,0,0,0,1,0,2019
659,Kibawe,0,0,17,1,0,0,0,0,1,1,0,0,0,1,0,2019
660,Kiblawan,0,0,30,1,0,0,0,0,0,1,0,0,0,1,0,2019
661,Kibungan,0,0,16,0,0,0,0,0,0,0,0,0,0,1,0,2019
662,Kidapawan,0,0,40,4,0,0,0,0,7,3,0,0,0,1,0,2019
663,Kinoguitan,0,0,10,0,0,0,0,0,0,0,0,0,0,1,0,2019
664,Kitaotao,0,0,25,1,0,0,0,0,0,0,0,0,0,1,0,2019
665,Kitcharao,0,0,11,0,0,0,0,0,0,1,0,0,0,1,0,2019
666,Kolambugan,0,0,15,0,0,0,0,0,1,0,0,0,0,2,0,2019
667,Koronadal,0,0,34,8,0,0,0,0,4,0,0,0,0,1,0,2019
668,Kumalarang,0,0,8,1,0,0,0,0,0,0,0,0,0,1,0,2019
669,Laak,0,0,38,0,0,0,0,0,1,0,0,0,0,1,0,2019
670,Labangan,0,0,7,1,0,0,0,0,0,1,0,0,0,1,0,2019
671,Labason,0,0,11,1,0,0,0,0,0,1,0,0,0,1,0,2019
672,Labo,0,0,30,8,0,0,0,0,1,2,0,0,0,3,0,2019
673,Labrador,0,0,10,0,0,0,0,0,0,2,0,0,0,1,0,2019
674,La Carlota,0,0,14,0,0,0,0,0,1,0,0,0,0,1,0,2019
675,La Castellana,0,0,14,0,0,0,0,0,1,0,0,0,0,1,0,2019
676,Lacub,0,0,4,0,0,0,0,0,0,0,0,0,0,1,0,2019
677,Lagangilang,0,0,5,0,0,0,0,0,0,0,0,0,0,1,0,2019
678,Lagawe,0,0,20,0,0,0,0,1,1,0,0,0,0,1,0,2019
679,Lagayan,0,0,0,0,0,0,0,0,0,0,0,0,0,1,0,2019
680,Lagonglong,0,0,10,0,0,0,0,0,0,0,0,0,0,1,0,2019
681,Lagonoy,0,0,37,0,0,0,0,0,0,0,0,0,0,2,0,2019
682,Laguindingan,0,0,10,0,0,0,0,0,0,0,0,0,0,1,0,2019
683,Lake Sebu,0,0,19,0,0,0,0,0,0,1,0,0,0,1,0,2019
684,Lakewood,0,0,4,0,0,0,0,0,0,0,0,0,0,1,0,2019
685,Lala,0,0,26,2,0,0,0,0,2,2,0,0,0,1,0,2019
686,La Libertad (NR),0,0,11,0,0,0,0,0,0,1,0,0,0,1,0,2019
687,La Libertad (ZN),0,0,4,1,0,0,0,0,0,0,0,0,0,1,0,2019
688,Lallo,0,0,9,1,0,0,0,0,0,0,0,0,0,1,0,2019
689,Lambayong,0,0,26,2,0,0,0,0,1,1,0,0,0,1,0,2019
690,Lambunao,0,0,15,0,0,0,0,0,1,0,0,0,0,1,0,2019
691,Lamitan,0,0,15,5,0,0,0,0,2,0,0,0,0,3,0,2019
692,Lamut,0,0,14,0,0,0,0,0,1,0,0,0,0,1,0,2019
693,Langiden,0,0,0,0,0,0,0,0,0,0,0,0,0,1,0,2019
694,Languyan,0,0,6,1,0,0,0,0,0,1,0,0,0,1,0,2019
695,Lantapan,0,0,14,1,0,0,0,0,0,0,0,0,0,1,0,2019
696,Lantawan,0,0,9,1,0,0,0,0,0,0,0,0,0,1,0,2019
697,Lanuza,0,0,13,0,0,0,0,0,0,0,0,0,0,1,0,2019
698,Laoac,0,0,22,0,0,0,0,0,0,0,0,0,0,1,0,2019
699,Laoag,0,0,12,0,0,0,0,0,5,4,0,0,0,3,0,2019
700,Laoang,0,0,15,0,0,0,0,0,0,1,0,0,0,1,0,2019
701,La Paz (AA),0,0,4,0,0,0,0,0,0,1,0,0,0,1,0,2019
702,La Paz (AS),0,0,6,0,0,0,0,0,0,1,0,0,0,1,0,2019
703,La Paz (LE),0,0,5,1,0,0,0,0,0,0,0,0,0,1,0,2019
704,La Paz (TC),0,0,8,1,0,0,0,0,0,1,0,0,0,2,0,2019
705,Lapinig,0,0,4,1,0,0,0,0,0,0,0,0,0,1,0,2019
706,Lapu Lapu,0,0,36,0,0,0,1,0,3,3,0,0,0,1,0,2019
707,Lapuyan,0,0,7,3,0,0,0,0,0,0,0,0,0,1,0,2019
708,Larena,0,0,5,0,0,0,0,0,0,0,0,0,0,1,0,2019
709,Lasam,0,0,8,0,0,0,0,0,1,0,0,0,0,1,0,2019
710,Las Navas,0,0,7,0,0,0,0,0,0,0,0,0,0,1,0,2019
711,Las Nieves,0,0,17,0,0,0,0,0,0,1,0,0,0,1,0,2019
712,Las Pinas,0,0,0,2,0,0,0,0,9,3,0,0,0,31,1,2019
713,La Trinidad,0,0,20,0,0,0,0,0,2,1,0,0,0,1,0,2019
714,Laua-An,0,0,7,0,0,0,0,0,0,0,0,0,0,1,0,2019
715,Laur,0,0,9,0,0,0,0,0,0,0,0,0,0,1,0,2019
716,Laurel,0,0,9,0,0,0,0,0,0,1,0,0,0,1,0,2019
717,Lavezares,0,0,7,1,0,0,0,0,0,0,0,0,0,1,0,2019
718,Lawaan,0,0,3,0,0,0,0,0,0,0,0,0,0,1,0,2019
719,Lazi,0,0,10,0,0,0,0,0,0,1,0,0,0,1,0,2019
720,Lebak,0,0,27,1,0,0,0,0,0,3,0,0,0,1,0,2019
721,Leganes,0,0,4,0,0,0,0,0,0,0,0,0,0,1,0,2019
722,Legazpi,0,0,27,7,0,0,0,0,8,1,0,0,0,1,0,2019
723,Lemery (BS),0,0,24,1,0,0,0,0,6,1,0,0,0,1,0,2019
724,Lemery (IO),0,0,5,0,0,0,0,0,0,0,0,0,0,1,0,2019
725,Leon,0,0,9,0,0,0,0,0,0,0,0,0,0,1,0,2019
726,Leyte,0,0,10,1,0,0,0,0,0,0,0,0,0,1,0,2019
727,Lezo,0,0,5,0,0,0,0,0,0,0,0,0,0,1,0,2019
728,Lian,0,0,7,2,0,0,0,0,1,0,0,0,0,1,0,2019
729,Lianga,0,0,12,0,0,0,0,0,0,1,0,0,0,1,0,2019
730,Libacao,0,0,7,0,0,0,0,0,0,1,0,0,0,1,0,2019
731,Libagon,0,0,3,1,0,0,0,0,0,0,0,0,0,1,0,2019
732,Libertad (AE),0,0,10,0,0,0,0,0,0,0,0,0,0,1,0,2019
733,Libertad (MO),0,0,9,0,0,0,0,0,0,0,0,0,0,1,0,2019
734,Libjo,0,0,5,0,0,0,0,0,0,1,0,0,0,1,0,2019
735,Libmanan,0,0,43,1,0,0,0,0,1,0,0,0,0,3,0,2019
736,Libon,0,0,13,1,0,0,0,0,0,1,0,0,0,1,0,2019
737,Libona,0,0,14,0,0,0,0,0,0,0,0,0,0,1,0,2019
738,Libungan,0,0,20,4,0,0,0,0,0,1,0,0,0,1,0,2019
739,Licab,0,0,2,1,0,0,0,0,0,0,0,0,0,1,0,2019
740,Licuan-Baay,0,0,3,0,0,0,0,0,0,0,0,0,0,1,0,2019
741,Lidlidda,0,0,2,0,0,0,0,0,0,0,0,0,0,1,0,2019
742,Ligao,0,0,15,1,0,0,0,0,2,2,0,0,0,1,0,2019
743,Lila,0,0,5,0,0,0,0,0,0,0,0,0,0,1,0,2019
744,Liliw,0,0,6,1,0,0,0,0,0,0,0,0,0,1,0,2019
745,Liloan (CU),0,0,17,0,0,0,0,0,0,0,0,0,0,1,0,2019
746,Liloan (SL),0,0,7,0,0,0,0,0,0,1,0,0,0,1,0,2019
747,Liloy,0,0,9,1,0,0,0,0,1,0,0,0,0,1,0,2019
748,Limasawa,0,0,3,1,0,0,0,0,0,0,0,0,0,1,0,2019
749,Limay,0,0,12,0,0,0,0,0,0,1,0,0,0,1,0,2019
750,Linamon,0,0,7,1,0,0,0,0,0,0,0,0,0,1,0,2019
751,Linapacan,0,0,9,0,0,0,0,0,0,0,0,0,0,1,0,2019
752,Lingayen,0,0,32,1,0,0,0,0,3,1,0,0,0,2,0,2019
753,Lingig,0,0,18,0,0,0,0,0,0,1,0,0,0,1,0,2019
754,Lipa,0,0,65,2,1,0,0,0,12,1,0,0,0,5,0,2019
755,Llanera,0,0,18,1,0,0,0,0,0,0,0,0,0,1,0,2019
756,Llorente,0,0,5,0,0,0,0,0,1,1,0,0,0,1,0,2019
757,Loay,0,0,4,0,0,0,0,0,0,0,0,0,0,1,0,2019
758,Lobo,0,0,22,0,0,0,0,0,1,0,0,0,0,1,0,2019
759,Loboc,0,0,6,0,0,0,0,0,0,0,0,0,0,1,0,2019
760,Looc (OM),0,0,2,0,0,0,0,0,0,0,0,0,0,1,0,2019
761,Looc (RN),0,0,11,0,0,0,0,0,0,1,0,0,0,1,0,2019
762,Loon,0,0,13,0,0,0,0,0,0,1,0,0,0,2,0,2019
763,Lope De Vega,0,0,6,1,0,0,0,0,0,0,0,0,0,1,0,2019
764,Lopez,0,0,32,1,0,0,0,0,3,0,0,0,0,1,0,2019
765,Lopez Jaena,0,0,6,0,0,0,0,0,1,0,0,0,0,1,0,2019
766,Loreto (AS),0,0,8,0,0,0,0,0,0,1,0,0,0,1,0,2019
767,Loreto (DI),0,0,2,0,0,0,0,0,0,1,0,0,0,1,0,2019
768,Los Banos,0,0,11,0,0,0,0,0,4,0,0,0,0,2,0,2019
769,Luba,0,0,6,0,0,0,0,0,0,0,0,0,0,1,0,2019
770,Lubang,0,0,11,0,0,0,0,0,0,1,0,0,0,1,0,2019
771,Lubao,0,0,41,3,0,0,0,0,2,0,0,0,0,4,0,2019
772,Lubuagan,0,0,4,0,0,0,0,0,0,1,0,0,0,1,0,2019
773,Lucban,0,0,15,1,0,0,0,0,1,0,0,0,0,1,0,2019
774,Lucena,0,0,50,7,0,0,0,0,5,1,0,0,0,9,0,2019
775,Lugait,0,0,8,1,0,0,0,0,0,0,0,0,0,1,0,2019
776,Lugus,0,0,3,1,0,0,0,0,0,0,0,0,0,1,0,2019
777,Luisiana,0,0,4,0,0,0,0,0,1,0,0,0,0,1,0,2019
778,Lumba-Bayabao,0,0,2,1,0,0,0,0,0,0,0,0,0,1,0,2019
779,Lumbaca-Unayan,0,0,0,0,0,0,0,0,0,0,0,0,0,1,0,2019
780,Lumban,0,0,8,1,0,0,0,0,0,0,0,0,0,1,0,2019
781,Lumbatan,0,0,0,1,0,0,0,0,0,0,0,0,0,1,0,2019
782,Lumbayanague,0,0,0,1,0,0,0,0,0,0,0,0,0,1,0,2019
783,Luna (AO),0,0,21,0,0,0,0,0,1,0,0,0,0,1,0,2019
784,Luna (IA),0,0,4,0,0,0,0,0,0,0,0,0,0,1,0,2019
785,Luna (LU),0,0,10,0,0,0,0,0,0,0,0,0,0,1,0,2019
786,Lupao,0,0,5,0,0,0,0,0,0,0,0,0,0,1,0,2019
787,Lupi,0,0,22,0,0,0,0,0,0,0,0,0,0,1,0,2019
788,Lupon,0,0,23,0,0,0,0,0,2,0,0,0,0,1,0,2019
789,Lutayan,0,0,11,1,0,0,0,0,0,0,0,0,0,1,0,2019
790,Luuk,0,0,5,1,0,0,0,0,1,0,0,0,0,1,0,2019
791,Maasim,0,0,16,1,0,0,0,0,0,1,0,0,0,1,0,2019
792,Maasin (IO),0,0,12,0,0,0,0,0,0,0,0,0,0,1,0,2019
793,Maasin (SL),0,0,20,1,0,0,0,0,3,0,0,0,0,3,0,2019
794,Ma-Ayon,0,0,28,0,0,0,0,0,0,0,0,0,0,1,0,2019
795,Mabalacat,0,0,25,11,0,0,0,0,4,1,0,0,0,3,0,2019
796,Mabinay,0,0,32,0,0,0,0,0,0,2,0,0,0,2,0,2019
797,Mabini (BS),0,0,9,0,0,0,0,0,2,0,0,0,0,2,0,2019
798,Mabini (BL),0,0,14,0,0,0,0,0,0,0,0,0,0,1,0,2019
799,Mabini (CV),0,0,11,0,0,0,0,0,0,0,0,0,0,1,0,2019
800,Mabini (PS),0,0,4,0,0,0,0,0,0,0,0,0,0,1,0,2019
801,Mabitac,0,0,6,1,0,0,0,0,0,0,0,0,0,1,0,2019
802,Mabuhay,0,0,6,0,0,0,0,0,0,0,0,0,0,1,0,2019
803,Macabebe,0,0,21,2,0,0,0,0,2,0,0,0,0,2,0,2019
804,Macalelon,0,0,6,0,0,0,0,0,0,0,0,0,0,1,0,2019
805,Macarthur,0,0,5,1,0,0,0,0,0,0,0,0,0,1,0,2019
806,Maco,0,0,32,0,0,0,0,0,0,1,0,0,0,1,0,2019
807,Maconacon,0,0,3,1,0,0,0,0,0,0,0,0,0,1,0,2019
808,Macrohon,0,0,6,0,0,0,0,0,0,0,0,0,0,1,0,2019
809,Madalag,0,0,8,0,0,0,0,0,0,1,0,0,0,1,0,2019
810,Madalum,0,0,1,1,0,0,0,0,0,0,0,0,0,1,0,2019
811,Madamba,0,0,1,1,0,0,0,0,0,0,0,0,0,1,0,2019
812,Maddela,0,0,32,3,0,0,0,0,1,1,0,0,0,1,0,2019
813,Madrid,0,0,13,0,0,0,0,0,1,0,0,0,0,1,0,2019
814,Madridejos,0,0,14,0,0,0,0,0,0,0,0,0,0,1,0,2019
815,Magalang,0,0,28,1,0,0,1,0,1,1,0,0,0,2,0,2019
816,Magallanes (AN),0,0,5,0,0,0,0,0,2,0,0,0,0,1,0,2019
817,Magallanes (CE),0,0,11,3,0,0,0,0,0,1,0,0,0,1,0,2019
818,Magallanes (SO),0,0,12,1,0,0,0,0,0,1,0,0,0,1,0,2019
819,Magarao,0,0,4,0,0,0,0,0,0,0,0,0,0,1,0,2019
820,Magdalena,0,0,6,0,0,0,1,0,0,0,0,0,0,1,0,2019
821,Magdiwang,0,0,8,0,0,0,0,0,0,0,0,0,0,1,0,2019
822,Magpet,0,0,32,2,0,0,0,0,0,1,0,0,0,1,0,2019
823,Magsaysay (DS),0,0,22,0,0,0,0,0,0,0,0,0,0,1,0,2019
824,Magsaysay (LN),0,0,5,0,0,0,0,0,0,0,0,0,0,1,0,2019
825,Magsaysay (MO),0,0,15,0,0,0,0,0,0,1,0,0,0,1,0,2019
826,Magsaysay (OM),0,0,12,0,0,0,0,0,0,0,0,0,0,1,0,2019
827,Magsaysay (PN),0,0,11,0,0,0,0,0,0,0,0,0,0,1,0,2019
828,Magsingal,0,0,8,0,0,0,0,0,1,0,0,0,0,1,0,2019
829,Maguing,0,0,2,1,0,0,0,0,0,0,0,0,0,1,0,2019
830,Mahaplag,0,0,6,1,0,0,0,0,0,0,0,0,0,1,0,2019
831,Mahatao,0,0,0,0,0,0,0,0,0,0,0,0,0,1,0,2019
832,Mahayag,0,0,8,0,0,0,0,0,1,1,0,0,0,1,0,2019
833,Mahinog,0,0,12,0,0,0,0,0,0,0,0,0,0,1,0,2019
834,Maigo,0,0,13,0,0,0,0,0,0,0,0,0,0,1,0,2019
835,Maimbung,0,0,9,1,0,0,0,0,0,0,0,0,0,1,0,2019
836,Mainit,0,0,5,0,0,0,0,0,0,1,0,0,0,1,0,2019
837,Maitum,0,0,19,3,0,0,0,0,0,1,0,0,0,1,0,2019
838,Majayjay,0,0,2,0,0,0,0,0,1,0,0,0,0,1,0,2019
839,Makati,0,0,0,0,0,0,1,0,5,0,0,0,0,28,1,2019
840,Makato,0,0,7,1,0,0,0,0,1,0,0,0,0,1,0,2019
841,Makilala,0,0,35,2,0,0,0,0,2,0,0,0,0,1,0,2019
842,Malabang,0,0,1,2,0,0,0,0,1,1,0,0,0,1,0,2019
843,Malabon,0,0,0,3,0,0,0,0,3,0,0,0,0,22,1,2019
844,Malabuyoc,0,0,13,0,0,0,0,0,0,1,0,0,0,1,0,2019
845,Malalag,0,0,15,1,0,0,0,0,0,4,0,0,0,1,0,2019
846,Malangas,0,0,7,0,0,0,0,0,0,1,0,0,0,1,0,2019
847,Malapatan,0,0,14,2,0,0,0,0,0,0,0,0,0,1,0,2019
848,Malasiqui,0,0,73,3,0,0,0,0,2,1,0,0,0,2,0,2019
849,Malay,0,0,8,0,0,0,0,0,1,2,0,0,0,2,0,2019
850,Malaybalay,0,0,52,7,0,0,0,0,4,2,0,0,0,1,0,2019
851,Malibcong,0,0,9,0,0,0,0,0,0,0,0,0,0,1,0,2019
852,Malilipot,0,0,9,3,0,0,0,0,0,0,0,0,0,1,0,2019
853,Malimono,0,0,5,0,0,0,0,0,0,1,0,0,0,1,0,2019
854,Malinao (AK),0,0,9,0,0,0,0,0,0,0,0,0,0,1,0,2019
855,Malinao (AY),0,0,5,0,0,0,1,0,0,1,0,0,0,1,0,2019
856,Malita,0,0,30,1,0,0,0,0,2,2,0,0,0,1,0,2019
857,Malitbog (BK),0,0,10,0,0,0,0,0,0,1,0,0,0,1,0,2019
858,Malitbog (SL),0,0,7,0,0,0,0,0,0,0,0,0,0,1,0,2019
859,Mallig,0,0,7,1,0,0,0,0,0,0,0,0,0,1,0,2019
860,Malolos,0,0,42,9,0,0,0,0,13,0,0,0,1,8,0,2019
861,Malungon,0,0,32,1,0,0,0,0,0,1,0,0,0,1,0,2019
862,Maluso,0,0,3,1,0,0,0,0,0,0,0,0,0,1,0,2019
863,Malvar,0,0,15,0,0,0,0,0,1,0,0,0,0,1,0,2019
864,Mamasapano,1,0,6,1,0,0,0,0,0,0,0,0,0,1,0,2019
865,Mambajao,0,0,15,0,0,0,0,0,1,0,0,0,0,1,0,2019
866,Mamburao,0,0,7,0,0,0,0,0,1,0,0,0,0,1,0,2019
867,Mambusao,0,0,23,1,0,0,0,0,1,0,0,0,0,1,0,2019
868,Manabo,0,0,9,0,0,0,0,0,0,0,0,0,0,1,0,2019
869,Manaoag,0,0,14,0,0,0,0,0,1,1,0,0,0,1,0,2019
870,Manapla,0,0,15,0,0,0,0,0,0,0,0,0,0,1,0,2019
871,Manay,0,0,17,0,0,0,0,0,0,1,0,0,0,1,0,2019
872,Mandaluyong,0,0,0,0,0,0,0,0,9,0,1,0,0,28,1,2019
873,Mandaon,0,0,8,0,0,0,0,0,0,1,0,0,0,1,0,2019
874,Mandaue,0,0,27,0,0,0,1,0,9,0,0,0,0,1,1,2019
875,Mangaldan,0,0,20,4,0,0,0,0,0,0,0,0,0,2,0,2019
876,Mangatarem,0,0,15,0,0,0,0,0,2,2,0,0,0,2,0,2019
877,Mangudadatu,0,0,1,1,0,0,0,0,0,0,0,0,0,1,0,2019
878,Manila,0,0,1,0,0,0,0,0,31,0,0,0,0,59,1,2019
879,Manito,0,0,4,1,0,0,0,0,0,1,0,0,0,1,0,2019
880,Manjuyod,0,0,16,0,0,0,0,0,0,0,0,0,0,1,0,2019
881,Mankayan,0,0,13,0,0,0,0,0,1,0,0,0,0,1,0,2019
882,Manolo Fortich,0,0,22,0,0,0,0,0,2,0,0,0,0,1,0,2019
883,Mansalay,0,0,17,0,0,0,0,0,0,0,0,0,0,1,0,2019
884,Manticao,0,0,12,0,0,0,0,0,1,0,0,0,0,1,0,2019
885,Manukan,0,0,15,3,0,0,0,0,0,1,0,0,0,1,0,2019
886,Mapanas,0,0,7,1,0,0,0,0,0,0,0,0,0,1,0,2019
887,Mapandan,0,0,15,0,0,0,0,0,1,0,0,0,0,1,0,2019
888,Mapun,0,0,13,0,0,0,0,0,0,1,0,0,0,1,0,2019
889,Marabut,0,0,6,1,0,0,0,0,0,0,0,0,0,1,0,2019
890,Maragondon,0,0,11,2,0,0,0,0,1,0,0,0,0,1,0,2019
891,Maragusan,0,0,25,0,0,0,0,0,1,0,0,0,0,1,0,2019
892,Maramag,0,0,20,1,0,0,0,0,4,2,0,0,0,1,0,2019
893,Marantao,0,0,5,1,0,0,0,0,0,0,0,0,0,1,0,2019
894,Marawi,0,0,44,5,0,0,0,0,4,4,0,0,0,5,0,2019
895,Marcos,0,0,1,0,0,0,0,0,2,0,0,0,0,1,0,2019
896,Margosatubig,0,0,6,1,0,0,0,0,1,0,0,0,0,1,0,2019
897,Maria,0,0,7,0,0,0,0,0,0,0,0,0,0,1,0,2019
898,Maria Aurora,0,0,31,0,0,0,0,0,0,0,0,0,0,1,0,2019
899,Maribojoc,0,0,14,0,0,0,0,0,0,1,0,0,0,1,0,2019
900,Marihatag,0,0,11,0,0,0,0,0,0,1,0,0,0,1,0,2019
901,Marikina,0,0,0,3,0,0,2,0,10,2,0,0,0,18,1,2019
902,Marilao,0,0,14,11,0,0,0,0,1,0,0,0,0,2,0,2019
903,Maripipi,0,0,5,2,0,0,0,0,0,0,0,0,0,1,0,2019
904,Mariveles,0,0,18,3,0,0,0,0,2,0,0,0,0,3,0,2019
905,Marogong,0,0,1,1,0,0,0,0,0,0,0,0,0,1,0,2019
906,Masbate,0,0,30,0,0,0,0,0,5,1,0,0,0,1,0,2019
907,Masinloc,0,0,11,1,0,0,0,0,0,0,0,0,0,1,0,2019
908,Masiu,0,0,3,1,0,0,0,0,0,0,0,0,0,1,0,2019
909,Maslog,0,0,3,0,0,0,0,0,0,0,0,0,0,1,0,2019
910,Masantol,0,0,7,2,0,0,0,0,0,0,0,0,0,2,0,2019
911,Mataasnakahoy,0,0,12,1,0,0,0,0,0,0,0,0,0,1,0,2019
912,Matag-Ob,0,0,5,1,0,0,0,0,0,0,0,0,0,1,0,2019
913,Matalam,0,0,34,0,0,0,0,0,1,1,0,0,0,1,0,2019
914,Matalom,0,0,9,0,0,0,0,0,0,1,0,0,0,1,0,2019
915,Matanao,0,0,34,0,0,0,0,0,2,1,0,0,0,1,0,2019
916,Matanog,0,0,7,1,0,0,0,0,0,0,0,0,0,1,0,2019
917,Mati,0,0,33,1,0,0,0,0,2,0,0,0,0,1,0,2019
918,Matnog,0,0,10,1,0,0,0,0,0,1,0,0,0,1,0,2019
919,Matuguinao,0,0,2,1,0,0,0,0,0,0,0,0,0,1,0,2019
920,Matungao,0,0,3,1,0,0,0,0,0,0,0,0,0,1,0,2019
921,Mauban,0,0,36,0,0,0,0,0,1,0,0,0,0,1,0,2019
922,Mawab,0,0,11,0,0,0,0,0,1,2,0,0,0,1,0,2019
923,Mayantoc,0,0,4,1,0,0,0,0,0,0,0,0,0,1,0,2019
924,Maydolong,0,0,5,1,0,0,0,0,0,0,0,0,0,1,0,2019
925,Mayorga,0,0,3,1,0,0,0,0,0,0,0,0,0,1,0,2019
926,Mayoyao,0,0,27,0,0,0,0,0,0,1,0,0,0,1,0,2019
927,Medellin,0,0,19,0,0,0,0,0,1,0,0,0,0,1,0,2019
928,Medina,0,0,12,1,0,0,0,0,0,1,0,0,0,1,0,2019
929,Mendez,0,0,14,3,0,0,1,0,0,1,0,0,0,1,0,2019
930,Mercedes,0,0,7,2,0,0,0,0,0,0,0,0,0,1,0,2019
931,Mercedes (ES),0,0,2,0,0,0,0,0,0,0,0,0,0,1,0,2019
932,Merida,0,0,5,1,0,0,0,0,0,0,0,0,0,1,0,2019
933,Mexico,0,0,37,4,0,0,0,0,1,0,0,0,0,5,0,2019
934,Meycauayan,0,0,32,9,0,0,0,0,7,1,0,0,0,7,0,2019
935,Miag-ao,0,0,18,0,0,0,0,0,0,0,0,0,0,1,0,2019
936,Midsalip,0,0,7,0,0,0,0,0,0,1,0,0,0,1,0,2019
937,Midsayap,0,0,54,3,0,0,0,0,6,2,0,0,0,1,0,2019
938,Milagros,0,0,20,0,0,0,0,0,0,1,0,0,0,1,0,2019
939,Milaor,0,0,5,0,0,0,0,0,0,0,0,0,0,1,0,2019
940,Mina,0,0,8,0,0,0,0,0,0,0,0,0,0,1,0,2019
941,Minalabac,0,0,13,1,0,0,0,0,0,0,0,0,0,1,0,2019
942,Minalin,0,0,9,1,0,0,0,0,0,0,0,0,0,1,0,2019
943,Minglanilla,0,0,18,0,0,0,0,0,0,2,0,0,0,2,0,2019
944,Mlang,0,0,37,1,0,0,0,0,5,4,0,0,0,1,0,2019
945,Moalboal,0,0,15,0,0,0,0,0,0,0,0,0,0,1,0,2019
946,Mobo,0,0,24,0,0,0,0,0,0,0,0,0,0,1,0,2019
947,Mogpog,0,0,5,0,0,0,0,0,0,0,0,0,0,1,0,2019
948,Moises Padilla,0,0,15,0,0,0,0,0,0,0,0,0,0,1,0,2019
949,Molave,0,0,9,2,0,0,0,0,2,1,0,0,0,1,0,2019
950,Moncada,0,0,8,1,0,0,0,0,0,0,0,0,0,2,0,2019
951,Mondragon,0,0,4,2,0,0,0,0,0,0,0,0,0,1,0,2019
952,Monkayo,0,0,23,1,0,0,0,0,0,0,0,0,0,1,0,2019
953,Monreal,0,0,11,0,0,0,0,0,0,0,0,0,0,1,0,2019
954,Montevista,0,0,20,0,0,0,0,0,1,0,0,0,0,1,0,2019
955,Morong (BN),0,0,5,1,0,0,0,0,0,0,0,0,0,1,0,2019
956,Morong (RL),0,0,9,1,0,0,0,0,2,0,0,0,0,1,0,2019
957,Motiong,0,0,2,3,0,0,0,0,0,0,0,0,0,1,0,2019
958,Mulanay,0,0,23,1,0,0,0,0,0,0,0,0,0,1,0,2019
959,Mulondo,0,0,1,1,0,0,0,0,0,0,0,0,0,1,0,2019
960,Munai,0,0,3,0,0,0,0,0,0,0,0,0,0,1,0,2019
961,Muntinlupa,0,0,2,1,0,0,0,0,9,2,0,0,0,15,1,2019
962,Murcia,0,0,25,1,0,0,0,0,0,0,0,0,0,1,0,2019
963,Mutia,0,0,5,1,0,0,0,0,0,0,0,0,0,1,0,2019
964,Naawan,0,0,9,0,0,0,0,0,0,0,0,0,0,1,0,2019
965,Nabas,0,0,7,0,0,0,0,0,0,0,0,0,0,1,0,2019
966,Nabua,0,0,14,3,0,0,0,0,1,1,0,0,0,2,0,2019
967,Nabunturan,0,0,29,3,0,0,0,0,0,2,0,0,0,1,0,2019
968,Naga (CS),0,0,27,3,1,0,0,0,7,1,0,0,0,0,0,2019
969,Naga (CU),0,0,28,0,1,0,0,0,1,0,0,0,0,1,0,2019
970,Naga (ZS),0,0,8,1,0,0,0,0,0,1,0,0,0,1,0,2019
971,Nagbukel,0,0,5,0,0,0,0,0,0,0,0,0,0,1,0,2019
972,Nagcarlan,0,0,9,0,0,0,0,0,1,0,0,0,0,1,0,2019
973,Nagtipunan,0,0,13,1,0,0,0,0,0,0,0,0,0,1,0,2019
974,Naguilian (IA),0,0,15,0,0,0,0,0,1,0,1,0,0,1,0,2019
975,Naguilian (LU),0,0,35,2,0,0,0,0,1,0,0,0,0,1,0,2019
976,Naic,0,0,25,6,0,0,0,0,2,1,0,0,0,1,0,2019
977,Nampicuan,0,0,3,1,0,0,0,0,0,0,0,0,0,1,0,2019
978,Narra,0,0,23,0,0,0,0,0,0,1,0,0,0,1,0,2019
979,Narvacan,0,0,8,0,0,0,0,0,1,0,0,0,0,1,0,2019
980,Nasipit,0,0,19,0,0,0,0,0,0,1,0,0,0,1,0,2019
981,Nasugbu,0,0,30,4,0,0,0,0,4,1,0,0,0,1,0,2019
982,Natividad,0,0,18,0,0,0,0,0,0,0,0,0,0,1,0,2019
983,Natonin,0,0,13,0,0,0,0,0,0,1,0,0,0,1,0,2019
984,Naujan,0,0,68,0,0,0,0,0,0,1,0,0,0,3,0,2019
985,Naval,0,0,10,2,0,0,0,0,1,0,0,0,0,1,0,2019
986,Navotas,0,0,1,4,0,0,0,0,1,0,0,0,0,12,1,2019
987,New Bataan,0,0,16,1,0,0,0,0,0,0,0,0,0,1,0,2019
988,New Corella,0,0,20,2,0,0,1,0,0,0,0,0,0,1,0,2019
989,New Lucena,0,0,7,0,0,0,0,0,0,1,0,0,0,1,0,2019
990,New Washington,0,0,8,0,0,0,0,0,0,0,0,0,0,1,0,2019
991,Norala,0,0,15,1,0,0,0,0,1,1,0,0,0,1,0,2019
992,Northern Kabuntalan,0,0,5,1,0,0,0,0,0,0,0,0,0,1,0,2019
993,Norzagaray,0,0,10,0,0,0,0,0,2,0,0,0,0,3,0,2019
994,Noveleta,0,0,12,4,0,0,0,0,1,0,0,0,0,1,0,2019
995,Nueva Era,0,0,4,0,0,0,0,0,0,0,0,0,0,1,0,2019
996,Nueva Valencia,0,0,22,0,0,0,0,0,0,1,0,0,0,1,0,2019
997,Numancia,0,0,6,0,0,0,0,0,0,0,0,0,0,1,0,2019
998,Nunungan,0,0,24,0,0,0,0,0,0,0,0,0,0,1,0,2019
999,Oas,0,0,10,1,0,0,0,0,2,1,0,0,0,1,0,2019
1000,Obando,0,0,11,0,0,0,0,0,0,0,0,0,0,1,0,2019
1001,Ocampo,0,0,10,2,0,0,0,0,0,1,0,0,0,1,0,2019
1002,Odiongan,0,0,22,0,0,0,0,0,4,0,0,0,0,1,0,2019
1003,Old Panamao,0,0,7,0,0,0,0,0,0,1,0,0,0,1,0,2019
1004,Olongapo,0,0,13,4,1,0,0,0,8,2,0,0,0,8,0,2019
1005,Olutanga,0,0,7,1,0,0,0,0,0,1,0,0,0,1,0,2019
1006,Omar,0,0,7,1,0,0,0,0,0,0,0,0,0,1,0,2019
1007,Opol,0,0,14,2,0,0,0,0,0,0,0,0,0,1,0,2019
1008,Orani,0,0,22,0,0,0,0,0,1,1,0,0,0,1,0,2019
1009,Oras,0,0,6,1,0,0,0,0,1,1,0,0,0,1,0,2019
1010,Orion,0,0,17,1,0,0,0,0,1,0,0,0,0,1,0,2019
1011,Ormoc,0,0,33,6,0,0,0,0,4,1,0,0,0,7,0,2019
1012,Oroquieta,0,0,14,2,0,0,1,0,2,3,0,0,0,1,0,2019
1013,Oslob,0,0,21,0,0,0,0,0,0,1,0,0,0,1,0,2019
1014,Oton,0,0,16,0,0,0,0,0,0,0,0,0,0,1,0,2019
1015,Ozamiz,0,0,21,5,0,0,2,0,6,0,0,0,0,1,0,2019
1016,Padada,0,0,17,1,0,0,0,0,1,3,0,0,0,1,0,2019
1017,Padre Burgos (QN),0,0,22,0,0,0,0,0,0,0,0,0,0,1,0,2019
1018,Padre Burgos (SL),0,0,3,0,0,0,0,0,0,1,0,0,0,1,0,2019
1019,Padre Garcia,0,0,17,1,0,0,0,0,1,1,0,0,0,1,0,2019
1020,Paete,0,1,8,1,0,0,0,0,1,0,0,0,0,1,0,2019
1021,Pagadian,0,0,26,7,0,0,0,0,9,0,0,0,0,5,0,2019
1022,Pagagawan,0,0,5,1,0,0,0,0,0,0,0,0,0,1,0,2019
1023,Pagalungan,0,0,3,1,0,0,0,0,0,0,0,0,0,1,0,2019
1024,Pagayawan,0,0,0,0,0,0,0,0,0,0,0,0,0,1,0,2019
1025,Pagbilao,0,0,15,3,0,0,0,0,1,0,0,0,0,1,0,2019
1026,Paglat,0,0,3,2,0,0,0,0,0,0,0,0,0,1,0,2019
1027,Pagsanghan,0,0,2,1,0,0,0,0,0,0,0,0,0,1,0,2019
1028,Pagsanjan,0,0,10,1,0,0,0,0,2,0,0,0,0,1,0,2019
1029,Pagudpud,0,0,5,0,0,0,0,0,0,0,0,0,0,1,0,2019
1030,Pakil,0,0,8,1,0,0,0,0,1,0,0,0,0,1,0,2019
1031,Palanan,0,0,15,0,0,0,0,0,0,1,0,0,0,1,0,2019
1032,Palanas,0,0,25,0,0,0,0,0,0,0,0,0,0,1,0,2019
1033,Palapag,0,0,9,0,0,0,0,0,0,0,0,0,0,1,0,2019
1034,Palauig,0,0,18,0,0,0,0,0,0,0,0,0,0,1,0,2019
1035,Palayan,0,0,8,0,0,0,0,0,1,1,0,1,0,1,0,2019
1036,Palimbang,0,0,19,2,0,0,0,0,0,0,0,0,0,1,0,2019
1037,Palo,0,0,8,0,0,1,0,0,2,0,0,0,0,1,0,2019
1038,Palompon,0,0,9,1,0,0,0,0,1,0,0,0,0,1,0,2019
1039,Paluan,0,0,5,0,0,0,0,0,0,1,0,0,0,1,0,2019
1040,Pambujan,0,0,7,0,0,0,0,0,1,0,0,0,0,1,0,2019
1041,Pamplona (CG),0,0,6,1,0,0,0,0,0,0,0,0,0,1,0,2019
1042,Pamplona (CS),0,0,17,0,0,0,0,0,0,0,0,0,0,1,0,2019
1043,Pamplona (NR),0,0,15,0,0,0,0,0,0,0,0,0,0,1,0,2019
1044,Panabo,0,0,40,10,0,0,0,0,5,3,0,0,0,1,0,2019
1045,Panaon,0,0,3,0,0,0,0,0,0,0,0,0,0,1,0,2019
1046,Panay,0,0,19,0,0,0,0,0,0,0,0,0,0,1,0,2019
1047,Pandag,0,0,4,1,0,0,0,0,0,0,0,0,0,1,0,2019
1048,Pandami,0,0,4,0,0,0,0,0,0,0,0,0,0,1,0,2019
1049,Pandan (AE),0,0,9,0,0,0,0,0,0,2,0,0,0,1,0,2019
1050,Pandan (CT),0,0,6,1,0,0,0,0,1,0,0,0,0,1,0,2019
1051,Pandi,0,0,21,5,0,0,0,0,0,1,0,0,0,1,0,2019
1052,Panganiban,0,0,3,0,0,0,0,0,0,1,0,0,0,1,0,2019
1053,Pangantucan,0,0,19,0,0,0,0,0,0,0,0,0,0,1,0,2019
1054,Pangil,0,0,5,1,0,0,0,0,0,0,0,0,0,1,0,2019
1055,Panglao,0,0,5,0,0,0,0,0,0,0,0,0,0,1,0,2019
1056,Panglima Estino,0,0,8,0,0,0,0,0,0,0,0,0,0,1,0,2019
1057,Panglima Sugala,0,0,11,1,0,0,0,0,0,0,0,0,0,1,0,2019
1058,Pangutaran,0,0,10,1,0,0,0,0,1,0,0,0,0,2,0,2019
1059,Paniqui,0,0,12,1,0,0,0,0,3,2,0,0,0,2,0,2019
1060,Panitan,0,0,26,0,0,0,0,0,0,0,0,0,0,1,0,2019
1061,Pantabangan,0,0,6,1,0,0,0,0,0,0,0,0,0,1,0,2019
1062,Pantao Ragat,0,0,3,0,0,0,0,0,0,0,0,0,0,1,0,2019
1063,Pantar,0,0,3,0,0,0,0,0,0,0,0,0,0,1,0,2019
1064,Pantukan,0,0,13,2,0,0,0,0,1,0,0,0,0,1,0,2019
1065,Panukulan,0,0,3,0,0,0,0,0,0,0,0,0,0,1,0,2019
1066,Paoay,0,0,7,0,0,0,0,0,0,0,0,0,0,1,0,2019
1067,Paombong,0,0,12,3,0,0,0,0,1,0,0,0,0,2,0,2019
1068,Paracale,0,0,10,0,0,0,0,0,0,0,0,0,0,1,0,2019
1069,Paracelis,0,0,9,0,0,0,0,0,1,0,0,0,0,1,0,2019
1070,Paranas,0,0,8,1,0,0,0,0,0,0,0,0,0,1,0,2019
1071,Parang (MA),0,0,14,5,0,0,0,0,0,1,0,0,0,1,0,2019
1072,Parang (SU),0,0,7,2,0,0,0,0,1,0,0,0,0,2,0,2019
1073,Paranaque,0,0,1,2,0,0,1,0,11,0,0,0,0,16,1,2019
1074,Pasacao,0,0,18,1,0,0,0,0,0,0,0,0,0,1,0,2019
1075,Pasay,0,0,0,2,0,0,0,0,4,0,0,0,0,13,1,2019
1076,Pasig,0,0,0,15,0,0,1,0,19,2,0,0,0,43,1,2019
1077,Pasil,0,0,15,0,0,0,0,0,0,0,0,0,0,1,0,2019
1078,Passi,0,0,36,1,0,0,0,0,1,0,0,0,0,1,0,2019
1079,Pastrana,0,0,3,1,0,0,0,0,0,0,0,0,0,1,0,2019
1080,Pasuquin,0,0,6,0,0,0,0,0,0,0,0,0,0,1,0,2019
1081,Pata,0,0,3,1,0,0,0,0,0,0,0,0,0,1,0,2019
1082,Pateros,0,0,0,0,0,0,0,0,1,0,0,0,0,5,0,2019
1083,Patikul,0,0,10,0,0,0,0,0,0,0,0,0,0,1,0,2019
1084,Patnanungan,0,0,5,0,0,0,0,0,0,0,0,0,0,1,0,2019
1085,Patnongon,0,0,5,0,0,0,0,0,0,0,0,0,0,1,0,2019
1086,Pavia,0,0,13,0,0,0,0,0,0,0,0,0,0,1,0,2019
1087,Payao,0,0,8,1,0,0,0,0,0,1,0,0,0,1,0,2019
1088,Perez,0,0,14,0,0,0,0,0,0,0,0,0,0,1,0,2019
1089,Penablanca,0,0,24,2,0,0,0,0,0,0,0,0,0,1,0,2019
1090,Penaranda,0,0,3,0,0,0,0,0,0,0,0,0,0,1,0,2019
1091,Penarrubia,0,0,9,0,0,0,0,0,0,0,0,0,0,1,0,2019
1092,Piagapo,0,0,4,1,0,0,0,0,0,0,0,0,0,1,0,2019
1093,Piat,0,0,11,0,0,0,0,0,1,0,0,0,0,1,0,2019
1094,Picong,0,0,3,1,0,0,0,0,0,0,0,0,0,1,0,2019
1095,Piddig,0,0,5,1,0,0,0,0,0,1,0,0,0,1,0,2019
1096,Pidigan,0,0,0,0,0,0,0,0,0,0,0,0,0,1,0,2019
1097,Pigcawayan,0,0,40,1,0,0,0,0,0,1,0,0,0,1,0,2019
1098,Pikit,0,0,23,1,0,0,0,0,1,1,0,0,0,1,0,2019
1099,Pila,0,0,17,0,0,0,0,0,0,0,0,0,0,1,0,2019
1100,Pilar (AA),0,0,18,0,0,0,0,0,0,0,0,0,0,1,0,2019
1101,Pilar (BN),0,0,15,0,0,0,2,0,0,0,0,0,0,1,0,2019
1102,Pilar (BL),0,0,10,0,0,0,0,0,0,0,0,0,0,1,0,2019
1103,Pilar (CZ),0,0,23,0,0,0,0,0,0,0,0,0,0,1,0,2019
1104,Pilar (CU),0,0,11,0,0,0,0,0,0,0,0,0,0,1,0,2019
1105,Pilar (SO),0,0,9,1,0,0,0,0,0,0,0,0,0,1,0,2019
1106,Pilar (SN),0,0,4,0,0,0,0,0,1,0,0,0,0,1,0,2019
1107,Pili,0,0,16,3,0,0,0,0,1,1,0,0,0,2,0,2019
1108,Pililla,0,0,9,0,0,0,0,0,0,1,0,0,0,1,0,2019
1109,Pinabacdao,0,0,4,1,0,0,0,0,0,0,0,0,0,1,0,2019
1110,Pinamalayan,0,0,37,0,0,0,0,0,4,0,0,0,0,1,0,2019
1111,Pinamungajan,0,0,26,0,0,0,0,0,0,1,0,0,0,1,0,2019
1112,Pinili,0,0,5,0,0,0,0,0,0,0,0,0,0,1,0,2019
1113,Pintuyan,0,0,3,1,0,0,0,0,0,1,0,0,0,1,0,2019
1114,Pinukpuk,0,0,22,0,0,0,0,0,0,1,0,0,0,4,0,2019
1115,Pio Duran,0,0,10,2,0,0,0,0,0,3,0,0,0,1,0,2019
1116,Pio V Corpuz,0,0,18,0,0,0,0,0,0,0,0,0,0,1,0,2019
1117,Pitogo (QN),0,0,5,0,0,0,0,0,0,0,0,0,0,1,0,2019
1118,Pitogo (ZR),0,0,5,1,0,0,0,0,0,0,0,0,0,1,0,2019
1119,Pinan,0,0,9,1,0,0,0,0,0,1,0,0,0,1,0,2019
1120,Placer (MS),0,0,11,0,0,0,0,0,0,0,0,0,0,1,0,2019
1121,Placer (SN),0,0,4,0,0,0,0,0,0,1,0,0,0,1,0,2019
1122,Plaridel (BU),0,0,16,7,0,0,0,0,8,0,0,0,0,3,0,2019
1123,Plaridel (MC),0,0,8,0,0,0,0,0,1,1,0,0,0,1,0,2019
1124,Plaridel (QN),0,0,2,0,0,0,0,0,0,0,0,0,0,1,0,2019
1125,Pola,0,0,22,0,0,0,0,0,0,0,0,0,0,1,0,2019
1126,Polanco,0,0,12,1,0,0,0,0,0,0,0,0,0,1,0,2019
1127,Polangui,0,0,11,3,0,0,0,0,0,1,0,0,0,1,0,2019
1128,Polillo,0,0,20,0,0,0,0,0,1,0,0,0,0,1,0,2019
1129,Polomolok,0,0,28,8,0,0,0,0,2,2,0,0,0,1,0,2019
1130,Pontevedra (CZ),0,0,17,0,0,0,0,0,1,0,0,0,0,1,0,2019
1131,Pontevedra (NO),0,0,20,0,0,0,0,0,0,0,0,0,0,1,0,2019
1132,Poona Bayabao,0,0,2,1,0,0,0,0,0,0,0,0,0,1,0,2019
1133,Poona Piagapo,0,0,6,0,0,0,0,0,0,0,0,0,0,1,0,2019
1134,Porac,0,0,25,2,0,0,0,0,1,0,0,0,0,2,0,2019
1135,Poro,0,0,15,0,0,0,0,0,0,0,0,0,0,1,0,2019
1136,Pototan,0,0,16,2,0,0,1,0,1,0,0,0,0,1,0,2019
1137,Pozorrubio,0,0,33,0,0,0,0,0,1,0,0,0,0,1,0,2019
1138,Presentacion,0,0,6,1,0,0,0,0,0,0,0,0,0,1,0,2019
1139,President Garcia,0,0,21,0,0,0,0,0,0,1,0,0,0,1,0,2019
1140,President Quirino,0,0,19,0,0,0,0,0,0,2,0,0,0,1,0,2019
1141,President Roxas (CZ),0,0,17,2,0,0,0,0,0,0,0,0,0,1,0,2019
1142,President Roxas (NC),0,0,24,1,0,0,0,0,0,1,0,0,0,1,0,2019
1143,Roxas (ZN),0,0,17,1,0,0,0,0,0,0,0,0,0,1,0,2019
1144,Prieto Diaz,0,0,7,1,0,0,0,0,0,1,0,0,0,1,0,2019
1145,Prosperidad,0,0,18,0,0,0,0,0,1,0,0,0,0,1,0,2019
1146,Pualas,0,0,0,0,0,0,0,0,0,0,0,0,0,1,0,2019
1147,Pudtol,0,0,22,0,0,0,0,0,0,1,0,0,0,1,0,2019
1148,Puerto Galera,0,0,13,0,0,0,0,0,0,2,0,0,0,1,0,2019
1149,Puerto Princesa,0,0,58,0,0,0,0,0,4,0,0,0,0,1,1,2019
1150,Pugo,0,0,5,0,0,0,0,0,0,0,0,0,0,1,0,2019
1151,Pulilan,0,0,17,4,0,0,0,0,2,1,0,0,0,2,0,2019
1152,Pulupandan,0,0,8,0,0,0,0,0,0,0,0,0,0,1,0,2019
1153,Pura,0,0,12,1,0,0,0,0,0,0,0,0,0,1,0,2019
1154,Quezon (BK),0,0,32,2,0,0,0,0,1,3,0,0,0,1,0,2019
1155,Quezon (IA),0,0,10,3,0,0,0,0,0,1,0,0,0,1,0,2019
1156,Quezon (MM),0,0,1,28,0,0,2,0,66,9,0,0,0,65,4,2019
1157,Quezon (NE),0,0,5,1,0,0,0,0,0,0,0,0,0,1,0,2019
1158,Quezon (NV),0,0,6,1,0,0,0,0,0,0,0,0,0,1,0,2019
1159,Quezon (PN),0,0,14,0,0,0,0,0,0,1,0,0,0,1,0,2019
1160,Quezon (QN),0,0,24,0,0,0,0,0,0,0,0,0,0,1,0,2019
1161,Quinapondan,0,0,5,0,0,0,0,0,0,1,0,0,0,1,0,2019
1162,Quirino (IS),0,0,9,0,0,0,0,0,0,1,0,0,0,1,0,2019
1163,Quirino (IA),0,0,22,1,0,0,0,0,0,0,0,0,0,1,0,2019
1164,Ragay,0,0,28,0,0,0,0,0,0,1,0,0,0,1,0,2019
1165,Rajah Buayan,0,0,4,2,0,0,0,0,0,0,0,0,0,1,0,2019
1166,Ramon,0,0,19,1,0,0,0,0,0,1,0,0,1,1,0,2019
1167,Ramon Magsaysay,0,0,7,1,0,0,0,0,0,0,0,0,0,1,0,2019
1168,Ramos,0,0,6,0,0,0,0,0,0,0,0,0,0,1,0,2019
1169,Rapu-Rapu,0,0,7,0,0,0,0,0,2,0,0,0,0,1,0,2019
1170,Real,0,0,10,0,0,0,0,0,0,0,0,0,0,1,0,2019
1171,Reina Mercedes,0,0,10,0,0,0,0,0,0,0,0,0,0,1,0,2019
1172,Remedios T. Romualdez,0,0,7,0,0,0,0,0,0,0,0,0,0,1,0,2019
1173,Rizal (CG),0,0,5,1,0,0,0,0,0,0,0,0,0,1,0,2019
1174,Rizal (KA),0,0,10,1,0,0,0,0,0,1,0,0,0,1,0,2019
1175,Rizal (LA),0,0,2,1,0,0,0,0,0,0,0,0,0,1,0,2019
1176,Rizal (NE),0,0,7,2,0,0,0,0,0,0,0,0,0,1,0,2019
1177,Rizal (OM),0,0,11,0,0,0,0,0,0,0,0,0,0,1,0,2019
1178,Rizal (PN),0,0,11,0,0,0,0,0,0,0,0,0,0,1,0,2019
1179,Rizal (ZN),0,0,6,1,0,0,0,0,0,0,0,0,0,1,0,2019
1180,Rodriguez,0,0,23,6,0,0,0,0,2,1,0,0,0,4,0,2019
1181,Romblon,0,0,27,0,0,0,0,0,0,1,0,0,0,1,0,2019
1182,Ronda,0,0,14,0,0,0,0,0,0,0,0,0,0,1,0,2019
1183,Rosales,0,0,34,0,0,0,0,0,3,1,0,0,0,1,0,2019
1184,Rosario (AS),0,0,7,0,0,0,0,0,0,0,0,0,0,1,0,2019
1185,Rosario (BS),0,0,34,3,0,0,0,0,5,0,0,0,0,3,0,2019
1186,Rosario (CE),0,0,19,4,0,0,0,0,3,0,0,0,0,1,0,2019
1187,Rosario (LU),0,0,13,1,0,0,0,0,1,0,0,0,0,1,0,2019
1188,Rosario (NS),0,0,5,1,0,0,0,0,0,0,0,0,0,1,0,2019
1189,R.T. Lim,0,0,10,1,0,0,0,0,0,0,0,0,0,1,0,2019
1190,Roxas (CZ),0,0,47,1,0,0,0,0,5,0,0,0,0,1,0,2019
1191,Roxas (IA),0,0,15,1,0,0,0,0,4,2,0,0,0,1,0,2019
1192,Roxas (OR),0,0,20,0,0,0,0,0,0,1,0,0,0,1,0,2019
1193,Roxas (PN),0,0,26,0,0,0,0,0,0,2,0,0,0,1,0,2019
1194,Sabangan,0,0,14,0,0,0,0,0,0,0,0,0,0,1,0,2019
1195,Sablan,0,0,8,0,0,0,0,0,0,0,0,0,0,1,0,2019
1196,Sablayan,0,0,20,0,0,0,0,0,2,0,0,0,0,3,0,2019
1197,Sabtang,0,0,1,0,0,0,0,0,1,0,0,0,0,1,0,2019
1198,Sadanga,0,0,7,0,0,0,0,0,0,0,0,0,0,1,0,2019
1199,Sagada,0,0,8,0,0,0,0,0,1,0,0,0,0,1,0,2019
1200,Sagay (CM),0,0,9,1,0,0,0,0,0,0,0,0,0,1,0,2019
1201,Sagay (NO),0,0,26,4,0,0,0,0,2,0,0,0,0,1,0,2019
1202,Sagbayan,0,0,4,0,0,0,0,0,0,0,0,0,0,1,0,2019
1203,Saguday,0,0,9,1,0,0,0,0,0,0,0,0,0,1,0,2019
1204,Saguiaran,0,0,6,1,0,0,0,0,0,0,0,0,0,1,0,2019
1205,Sagnay,0,0,16,0,0,0,0,0,0,1,1,0,0,0,0,2019
1206,Saint Bernard,0,0,7,1,0,0,0,0,0,0,0,0,0,1,0,2019
1207,Salay,0,0,17,0,0,0,0,0,1,0,0,0,0,2,0,2019
1208,Salcedo (ES),0,0,8,0,0,0,0,0,0,0,0,0,0,1,0,2019
1209,Salcedo (IS),0,0,4,2,0,0,0,0,0,1,0,0,0,1,0,2019
1210,Sallapadan,0,0,4,0,0,0,0,0,0,0,0,0,0,1,0,2019
1211,Salug,0,0,9,1,0,0,0,0,0,0,0,0,0,1,0,2019
1212,Salvador,0,0,9,0,0,0,0,0,0,0,0,0,0,1,0,2019
1213,Salvador Benedicto,0,0,7,0,0,0,0,0,0,0,0,0,0,1,0,2019
1214,Samal,0,0,14,1,0,0,0,0,0,0,0,0,0,1,0,2019
1215,Samboan,0,0,13,0,0,0,0,0,0,0,0,0,0,1,0,2019
1216,Sampaloc,0,0,4,0,0,0,0,0,0,1,0,0,0,1,0,2019
1217,San Agustin (IA),0,0,6,2,0,0,0,0,0,0,0,0,0,1,0,2019
1218,San Agustin (RN),0,0,15,0,0,0,0,0,0,1,0,0,0,1,0,2019
1219,San Agustin (SS),0,0,10,0,0,0,0,0,0,0,0,0,0,1,0,2019
1220,San Andres (CT),0,0,7,0,0,0,0,0,1,0,0,0,0,1,0,2019
1221,San Andres (QN),0,0,9,0,0,0,0,0,0,0,0,0,0,1,0,2019
1222,San Andres (RN),0,0,12,0,0,0,0,0,0,1,0,0,0,1,0,2019
1223,San Antonio (NS),0,0,3,1,0,0,0,0,0,1,0,0,0,1,0,2019
1224,San Antonio (NE),0,0,10,1,0,0,0,0,1,0,0,0,0,3,0,2019
1225,San Antonio (QN),0,0,19,2,0,0,0,0,0,0,0,0,0,1,0,2019
1226,San Antonio (ZA),0,0,14,0,0,0,0,0,0,0,0,0,0,1,0,2019
1227,San Benito,0,0,1,0,0,0,0,0,0,0,0,0,0,1,0,2019
1228,San Carlos (NO),0,0,29,0,0,0,0,0,2,0,0,0,0,1,0,2019
1229,San Carlos (PS),0,0,84,1,0,0,0,0,5,0,0,0,0,6,0,2019
1230,Sanchez-Mira,0,0,5,1,0,0,0,0,1,1,0,0,0,1,0,2019
1231,San Clemente,0,0,10,1,0,0,0,0,0,0,0,0,0,1,0,2019
1232,San Dionisio,0,0,6,0,0,0,0,0,0,0,0,0,0,1,0,2019
1233,San Emilio,0,0,4,0,0,0,0,0,0,0,0,0,0,1,0,2019
1234,San Enrique (IO),0,0,6,0,0,0,0,0,0,0,0,0,0,1,0,2019
1235,San Enrique (NO),0,0,10,0,0,0,0,0,0,0,0,0,0,1,0,2019
1236,San Esteban,0,0,7,0,0,0,0,0,0,0,0,0,0,1,0,2019
1237,San Fabian,0,0,14,1,0,0,0,0,0,0,0,0,0,2,0,2019
1238,San Felipe,0,0,11,0,0,0,0,0,0,0,0,0,0,1,0,2019
1239,San Fernando (BK),0,0,23,0,0,0,0,0,0,1,0,0,0,1,0,2019
1240,San Fernando (CS),0,0,5,0,0,0,1,0,0,0,0,0,0,1,0,2019
1241,San Fernando (CU),0,0,20,0,0,0,0,0,0,0,0,0,0,2,0,2019
1242,San Fernando (LU),0,0,59,1,0,0,0,0,5,0,0,0,0,1,0,2019
1243,San Fernando (MS),0,0,3,0,0,0,0,0,0,0,0,0,0,1,0,2019
1244,San Fernando (PA),0,0,45,7,0,0,0,0,9,1,0,0,0,5,0,2019
1245,San Fernando (RN),0,0,11,0,0,0,0,0,0,0,0,0,0,1,0,2019
1246,San Francisco (AS),0,0,7,0,0,0,0,0,1,0,0,0,0,1,0,2019
1247,San Francisco (CU),0,0,10,0,0,0,0,0,0,1,0,0,0,1,0,2019
1248,San Francisco (QN),0,0,15,0,0,0,0,0,1,0,0,0,0,1,0,2019
1249,San Francisco (SL),0,0,5,1,0,0,0,0,0,0,0,0,0,1,0,2019
1250,San Francisco (SN),0,0,6,0,0,0,0,0,0,0,0,0,0,1,0,2019
1251,San Gabriel,0,0,11,1,0,0,0,0,0,0,0,0,0,1,0,2019
1252,San Guillermo,0,0,6,1,0,0,0,0,0,0,0,0,0,1,0,2019
1253,San Ildefonso (BU),0,0,32,0,0,0,0,0,1,1,0,0,0,3,0,2019
1254,San Ildefonso (IS),0,0,2,0,0,0,0,0,0,0,0,0,0,1,0,2019
1255,San Isidro (AA),0,0,9,0,0,0,0,0,0,0,0,0,0,1,0,2019
1256,San Isidro (BL),0,0,5,0,0,0,0,0,0,0,0,0,0,1,0,2019
1257,San Isidro (DN),0,0,13,0,0,0,0,0,0,0,0,0,0,1,0,2019
1258,San Isidro (DO),0,0,16,0,0,0,0,0,0,0,0,0,0,1,0,2019
1259,San Isidro (IA),0,0,13,0,0,0,0,0,0,1,0,0,0,1,0,2019
1260,San Isidro (LE),0,0,9,1,0,0,0,0,0,0,0,0,0,1,0,2019
1261,San Isidro (NS),0,0,6,0,0,0,0,0,0,0,0,0,0,1,0,2019
1262,San Isidro (NE),0,0,7,2,0,0,0,0,0,1,0,0,0,2,0,2019
1263,San Isidro (SN),0,0,1,0,0,0,0,0,0,0,0,0,0,1,0,2019
1264,San Jacinto (MS),0,0,7,0,0,0,0,0,0,1,0,0,0,1,0,2019
1265,San Jacinto (PS),0,0,15,1,0,0,0,0,0,0,0,0,0,1,0,2019
1266,San Joaquin,0,0,15,0,0,0,0,0,0,1,0,0,0,1,0,2019
1267,San Jorge,0,0,2,1,0,0,0,0,0,0,0,0,0,1,0,2019
1268,San Jose (AE),0,0,18,1,0,0,0,0,2,0,0,0,0,1,0,2019
1269,San Jose (BS),0,0,29,0,0,0,1,0,2,0,0,0,0,1,0,2019
1270,San Jose (CS),0,0,27,0,0,0,0,0,0,1,0,0,0,1,0,2019
1271,San Jose (DI),0,0,6,0,0,0,0,0,0,0,0,0,0,1,0,2019
1272,San Jose (NR),0,0,8,0,0,0,0,0,0,0,0,0,0,1,0,2019
1273,San Jose (NS),0,0,4,0,0,0,0,0,0,0,0,0,0,1,0,2019
1274,San Jose (NE),0,0,33,6,0,0,0,0,2,0,0,0,0,5,0,2019
1275,San Jose (OM),0,0,31,0,0,0,0,0,4,0,0,0,0,2,0,2019
1276,San Jose (RN),0,0,5,0,0,0,0,0,0,1,0,0,0,1,0,2019
1277,San Jose (TC),0,0,5,1,0,0,0,0,0,0,0,0,0,1,0,2019
1278,San Jose De Buan,0,0,1,1,0,0,0,0,0,0,0,0,0,1,0,2019
1279,San Jose Del Monte,0,0,59,20,0,0,1,0,8,2,0,0,0,6,1,2019
1280,San Juan (AA),0,0,9,0,0,0,0,0,0,0,0,0,0,1,0,2019
1281,San Juan (BS),0,0,42,2,0,0,0,0,5,0,0,0,0,2,0,2019
1282,San Juan (IS),0,0,9,0,0,0,0,0,0,0,0,0,0,1,0,2019
1283,San Juan (LU),0,0,10,0,0,0,0,0,0,0,0,0,0,1,0,2019
1284,San Juan (MM),0,0,5,0,0,0,0,0,3,0,0,0,0,16,1,2019
1285,San Juan (SR),0,0,5,0,0,0,0,0,0,0,0,0,0,1,0,2019
1286,San Juan (SL),0,0,3,3,0,0,0,0,0,0,0,0,0,1,0,2019
1287,San Julian,0,0,3,0,0,0,0,0,0,0,0,0,0,1,0,2019
1288,San Leonardo,0,0,7,1,0,0,0,0,2,0,0,0,0,2,0,2019
1289,San Lorenzo,0,0,12,0,0,0,0,0,0,0,0,0,0,1,0,2019
1290,San Lorenzo Ruiz,0,0,4,1,0,0,0,0,0,0,0,0,0,1,0,2019
1291,San Luis (AS),0,0,20,0,0,0,0,0,0,0,0,0,0,1,0,2019
1292,San Luis (AU),0,0,13,0,0,0,0,0,0,0,0,0,0,1,0,2019
1293,San Luis (BS),0,0,8,0,0,0,0,0,0,0,0,0,0,2,0,2019
1294,San Luis (PA),0,0,17,1,0,0,0,0,1,0,0,0,0,2,0,2019
1295,San Manuel (IA),0,0,16,0,0,0,0,0,0,0,0,0,0,1,0,2019
1296,San Manuel (PS),0,0,12,0,0,0,0,0,0,0,0,0,0,1,0,2019
1297,San Manuel (TC),0,0,3,2,0,0,0,0,0,0,0,0,0,1,0,2019
1298,San Marcelino,0,0,17,1,0,0,0,0,1,0,0,0,0,1,0,2019
1299,San Mariano,0,0,36,1,0,0,0,0,1,0,0,0,0,1,0,2019
1300,San Mateo (IA),0,0,33,3,0,0,0,0,3,4,0,0,0,1,0,2019
1301,San Mateo (RL),0,0,15,3,0,0,0,0,2,1,0,0,0,5,0,2019
1302,San Miguel (BL),0,0,18,0,0,0,0,0,0,1,0,0,0,1,0,2019
1303,San Miguel (BU),0,0,42,0,0,0,0,0,2,0,0,0,0,4,0,2019
1304,San Miguel (CT),0,0,4,1,0,0,0,0,0,0,0,0,0,1,0,2019
1305,San Miguel (IO),0,0,3,0,0,0,0,0,0,0,0,0,0,1,0,2019
1306,San Miguel (LE),0,0,4,1,0,0,0,0,0,0,0,0,0,1,0,2019
1307,San Miguel (SS),0,0,14,0,0,0,0,0,0,1,0,0,0,1,0,2019
1308,San Miguel (ZR),0,0,5,1,0,0,0,0,0,0,0,0,0,1,0,2019
1309,San Narciso (QN),0,0,25,0,0,0,0,0,1,0,0,0,0,1,0,2019
1310,San Narciso (ZA),0,0,16,0,0,0,0,0,0,0,0,0,0,1,0,2019
1311,San Nicolas (BS),0,0,3,0,0,0,0,0,1,0,0,0,0,1,0,2019
1312,San Nicolas (IN),1,0,5,0,0,0,0,0,1,1,0,0,0,1,0,2019
1313,San Nicolas (PS),0,0,32,0,0,0,0,0,0,0,0,0,0,1,0,2019
1314,San Pablo (IA),0,0,12,0,0,0,0,0,0,0,0,0,0,1,0,2019
1315,San Pablo (LA),0,1,77,12,1,0,0,0,7,0,0,0,0,6,0,2019
1316,San Pablo (ZR),0,0,8,1,0,0,0,0,0,0,0,0,0,1,0,2019
1317,San Pascual (BS),0,0,26,0,0,0,0,0,0,0,0,0,0,1,0,2019
1318,San Pascual (MS),0,0,22,1,0,0,0,0,0,0,0,0,0,1,0,2019
1319,San Pedro,0,0,21,4,0,0,0,0,7,0,0,0,0,2,0,2019
1320,San Policarpo,0,0,4,4,0,0,0,0,0,0,0,0,0,1,0,2019
1321,San Quintin (AA),0,0,2,0,0,0,0,0,0,0,0,0,0,1,0,2019
1322,San Quintin (PS),0,0,21,0,0,0,0,0,0,1,0,0,0,1,0,2019
1323,San Rafael (BU),0,0,24,5,0,0,0,0,0,0,0,0,1,3,0,2019
1324,San Rafael (IO),0,0,5,0,0,0,0,0,0,0,0,0,0,1,0,2019
1325,San Remigio (AE),0,0,8,0,0,0,0,0,0,0,0,0,0,1,0,2019
1326,San Remigio (CU),0,0,27,0,0,0,0,0,0,0,0,0,0,2,0,2019
1327,San Ricardo,0,0,3,1,0,0,0,0,0,0,0,0,0,1,0,2019
1328,San Roque,0,0,5,1,0,0,0,0,0,0,0,0,0,1,0,2019
1329,San Sebastian,0,0,2,0,0,0,0,0,0,0,0,0,0,1,0,2019
1330,San Simon,0,0,13,1,0,0,0,0,0,0,0,0,0,1,0,2019
1331,San Teodoro,0,0,8,0,0,0,0,0,0,0,0,0,0,1,0,2019
1332,Santiago (AN),0,0,7,0,0,0,0,0,0,0,0,0,0,1,0,2019
1333,Santiago (IS),0,0,3,0,0,0,0,0,0,0,0,0,0,1,0,2019
1334,Santiago (IA),0,0,37,6,0,0,0,0,7,1,0,0,0,1,0,2019
1335,San Vicente (CN),0,0,9,1,0,0,0,0,0,0,0,0,0,1,0,2019
1336,San Vicente (IS),0,0,4,0,0,0,0,0,0,0,0,0,0,1,0,2019
1337,San Vicente (NS),0,0,3,1,0,0,0,0,0,1,0,0,0,1,0,2019
1338,San Vicente (PN),0,0,10,0,0,0,0,0,0,0,0,0,0,1,0,2019
1339,Sapad,0,0,5,0,0,0,0,0,0,0,0,0,0,1,0,2019
1340,Sapang Dalaga,0,0,4,0,0,0,0,0,0,0,0,0,0,1,0,2019
1341,Sapa-Sapa,0,0,10,1,0,0,0,0,1,0,0,0,0,1,0,2019
1342,Sapi-An,0,0,10,0,0,0,0,0,0,0,0,0,0,1,0,2019
1343,Sara,0,0,10,0,0,0,0,0,1,0,0,0,0,1,0,2019
1344,Sarangani,0,0,12,0,0,0,0,0,1,0,0,0,0,1,0,2019
1345,Sariaya,0,0,28,6,0,0,0,0,2,0,0,0,0,1,0,2019
1346,Sarrat,0,0,6,0,0,0,0,0,0,0,0,0,0,1,0,2019
1347,Sasmuan,0,0,7,1,0,0,0,0,0,0,0,0,0,1,0,2019
1348,Science City of Munoz,0,0,37,0,0,0,0,0,0,1,0,0,0,2,0,2019
1349,Sebaste,0,0,6,4,0,0,0,0,0,1,0,0,0,1,0,2019
1350,Senator Ninoy Aquino,0,0,20,1,0,0,0,0,0,1,0,0,0,1,0,2019
1351,Sergio Osmena,0,0,10,1,0,0,0,0,0,1,0,0,0,1,0,2019
1352,Sevilla,0,0,3,0,0,0,0,0,0,0,0,0,0,1,0,2019
1353,Shariff Aguak,0,0,3,2,0,0,0,0,0,0,0,0,0,1,0,2019
1354,Shariff Saydona Mustapha,0,0,2,2,0,0,0,0,0,0,0,0,0,1,0,2019
1355,Siasi,0,0,8,0,0,0,0,0,1,0,0,0,0,1,0,2019
1356,Siaton,0,0,26,0,0,0,0,0,0,1,0,0,0,1,0,2019
1357,Siay,0,0,8,1,0,0,0,0,0,0,0,0,0,1,0,2019
1358,Siayan,0,0,23,2,0,0,0,0,0,0,0,0,0,1,0,2019
1359,Sibagat,0,0,7,0,0,0,0,0,0,0,0,0,0,1,0,2019
1360,Sibalom,0,0,12,0,0,0,0,0,1,0,0,0,0,1,0,2019
1361,Sibonga,0,0,10,0,0,0,0,0,0,1,0,0,0,1,0,2019
1362,Sibuco,0,0,7,0,0,0,0,0,0,1,0,0,0,1,0,2019
1363,Sibulan,0,0,15,0,0,0,0,0,0,0,0,0,0,1,0,2019
1364,Sibunag,0,0,13,0,0,0,0,0,0,0,0,0,0,1,0,2019
1365,Sibutad,0,0,7,2,0,0,0,0,0,1,0,0,0,1,0,2019
1366,Sibutu,0,0,7,1,0,0,0,0,1,0,0,0,0,1,0,2019
1367,Sierra Bullones,0,0,11,0,0,0,0,0,0,0,0,0,0,1,0,2019
1368,Sigay,0,0,2,0,0,0,0,0,0,0,0,0,0,1,0,2019
1369,Sigma,0,0,19,1,0,0,0,0,0,0,0,0,0,1,0,2019
1370,Sikatuna,0,0,3,0,0,0,0,0,0,0,0,0,0,1,0,2019
1371,Silago,0,0,5,3,0,0,0,0,0,0,0,0,0,1,0,2019
1372,Silang,0,0,66,12,0,0,3,0,6,0,0,0,0,2,0,2019
1373,Silay,0,0,22,0,0,0,0,0,1,0,0,0,0,1,0,2019
1374,Silvino Lobos,0,0,4,1,0,0,0,0,0,0,0,0,0,1,0,2019
1375,Simunul,0,0,6,1,0,0,0,0,0,0,0,0,0,1,0,2019
1376,Sinacaban,0,0,4,0,0,0,0,0,0,1,0,0,0,1,0,2019
1377,Sinait,0,0,6,0,0,0,0,0,2,1,0,0,0,1,0,2019
1378,Sindangan,0,0,52,2,0,0,0,0,1,0,0,0,0,1,0,2019
1379,Siniloan,0,0,16,1,0,0,0,0,1,0,0,0,0,1,0,2019
1380,Siocon,0,0,7,1,0,0,0,0,1,1,0,0,0,1,0,2019
1381,Sipalay,0,0,17,0,0,0,0,0,1,0,0,0,0,1,0,2019
1382,Sipocot,0,0,25,1,0,0,0,0,0,2,0,0,0,1,0,2019
1383,Siquijor,0,0,20,0,0,0,0,0,1,0,0,0,0,1,0,2019
1384,Sirawai,0,0,5,0,0,0,0,0,0,0,0,0,0,1,0,2019
1385,Siruma,0,0,4,0,0,0,0,0,0,1,0,0,0,1,0,2019
1386,Sison (PS),0,0,27,0,0,0,0,0,1,0,0,0,0,2,0,2019
1387,Sison (SN),0,0,2,0,0,0,0,0,0,0,0,0,0,1,0,2019
1388,Sitangkai,0,0,3,1,0,0,0,0,0,0,0,0,0,1,0,2019
1389,Socorro (OR),0,0,26,0,0,0,0,0,1,0,0,0,0,1,0,2019
1390,Socorro (SN),0,0,5,0,0,0,0,0,0,1,0,0,0,1,0,2019
1391,Sofronio Espanola,0,0,11,0,0,0,0,0,0,0,0,0,0,1,0,2019
1392,Sogod (CU),0,0,17,0,0,0,0,0,0,1,0,0,0,1,0,2019
1393,Sogod (SL),0,0,8,1,0,0,0,0,4,1,0,0,0,1,0,2019
1394,Solana,0,0,38,2,0,0,0,0,0,0,0,0,0,1,0,2019
1395,Solano,0,0,22,1,0,0,0,0,2,0,0,0,0,1,0,2019
1396,Solsona,0,0,5,1,0,0,0,0,0,0,0,0,0,1,0,2019
1397,Sominot,0,0,5,1,0,0,0,0,0,0,0,0,0,1,0,2019
1398,Sorsogon,0,0,65,2,0,0,0,0,3,0,0,0,0,3,0,2019
1399,South Ubian,0,0,6,2,0,0,0,0,0,0,0,0,0,2,0,2019
1400,South Upi,0,0,8,1,0,0,0,0,0,1,0,0,0,1,0,2019
1401,Santa,0,0,26,0,0,0,0,0,0,0,0,0,0,1,0,2019
1402,Santa Ana (CG),0,0,6,0,0,0,0,0,1,1,0,0,0,1,0,2019
1403,Santa Ana (PA),0,0,14,1,0,0,0,0,0,1,0,0,0,1,0,2019
1404,Santa Barbara (IO),0,0,15,0,0,0,0,0,1,0,0,0,0,1,0,2019
1405,Santa Barbara (PS),0,0,11,0,0,0,0,0,0,0,0,0,0,1,0,2019
1406,Santa Catalina (IS),0,0,9,0,0,0,0,0,0,1,0,0,0,1,0,2019
1407,Santa Catalina (NR),0,0,25,0,0,0,0,0,0,1,0,0,0,1,0,2019
1408,Santa Cruz (DS),0,0,22,2,0,0,0,0,2,2,0,0,0,1,0,2019
1409,Santa Cruz (IS),0,0,6,1,0,0,0,0,0,0,0,0,0,1,0,2019
1410,Santa Cruz (LA),0,0,27,2,0,0,0,0,5,0,0,0,0,2,0,2019
1411,Santa Cruz (ME),0,0,11,0,0,0,0,0,1,0,0,0,0,2,0,2019
1412,Santa Cruz (OM),0,0,11,0,0,0,0,0,0,1,0,0,0,1,0,2019
1413,Santa Cruz (ZA),0,0,23,0,0,0,0,0,0,1,0,0,0,2,0,2019
1414,Santa Elena,0,0,8,2,0,0,0,0,0,1,1,0,0,0,0,2019
1415,Santa Fe (CU),0,0,10,0,0,0,0,0,0,0,0,0,0,1,0,2019
1416,Santa Fe (LE),0,0,3,1,0,0,0,0,0,0,0,0,0,1,0,2019
1417,Santa Fe (NV),0,0,6,0,0,0,0,0,0,0,0,0,0,1,0,2019
1418,Santa Fe (RN),0,0,10,0,0,0,0,0,0,0,0,0,0,1,0,2019
1419,Santa Ignacia,0,0,4,1,0,0,0,0,0,0,0,0,0,1,0,2019
1420,Santa Josefa,0,0,3,0,0,0,0,0,0,0,0,0,0,1,0,2019
1421,Santa Lucia,0,0,7,0,0,0,0,0,1,0,0,0,0,1,0,2019
1422,Santa Magdalena,0,0,3,1,0,0,0,0,0,0,0,0,0,1,0,2019
1423,Santa Marcela,0,0,13,0,0,0,0,0,0,1,0,0,0,1,0,2019
1424,Santa Margarita,0,0,3,0,0,0,0,0,0,0,0,0,0,1,0,2019
1425,Santa Maria (BU),0,0,19,7,0,0,0,0,6,1,0,0,0,6,0,2019
1426,Santa Maria (DS),0,0,22,0,0,0,0,0,0,3,0,0,0,1,0,2019
1427,Santa Maria (IS),0,0,32,0,0,0,0,0,1,2,0,0,0,1,0,2019
1428,Santa Maria (IA),0,0,6,0,0,0,0,0,0,1,0,0,0,1,0,2019
1429,Santa Maria (LA),0,0,5,1,0,0,0,0,0,0,0,0,0,1,0,2019
1430,Santa Maria (PS),0,0,23,0,0,0,0,0,0,0,0,0,0,1,0,2019
1431,Santa Maria (Imelda),0,0,5,0,0,0,0,0,0,0,0,0,0,1,0,2019
1432,Santa Monica,0,0,4,0,0,0,0,0,1,0,0,0,0,1,0,2019
1433,Santander,0,0,9,0,0,0,0,0,0,0,0,0,0,1,0,2019
1434,Santa Praxedes,0,0,0,1,0,0,0,0,0,0,0,0,0,1,0,2019
1435,Santa Rita (PA),0,0,8,2,0,0,0,0,0,0,0,0,0,1,0,2019
1436,Santa Rita (WS),0,0,9,2,0,0,0,0,0,0,0,0,0,1,0,2019
1437,Santa Rosa (LA),0,0,19,3,0,0,0,0,8,0,0,0,0,2,0,2019
1438,Santa Rosa (NE),0,0,19,1,0,0,0,0,0,0,0,0,0,2,0,2019
1439,Santa Teresita (BS),0,0,15,0,0,0,0,0,0,0,0,0,0,1,0,2019
1440,Santa Teresita (CG),0,0,13,1,0,0,0,0,0,0,0,0,0,1,0,2019
1441,Santo Domingo (AY),0,0,4,1,0,0,0,0,0,0,0,0,0,1,0,2019
1442,Santo Domingo (IS),0,0,36,0,0,0,0,0,0,1,0,0,0,1,0,2019
1443,Santo Domingo (NE),0,0,6,2,0,0,0,0,1,0,0,0,0,2,0,2019
1444,Santol,0,0,11,0,0,0,0,0,0,0,0,0,0,1,0,2019
1445,Santo Nino (CG),0,0,5,1,0,0,0,0,0,0,0,0,0,1,0,2019
1446,Santo Nino (WS),0,0,3,1,0,0,0,0,0,0,0,0,0,1,0,2019
1447,Santo Nino (SC),0,0,10,2,0,0,0,0,0,3,0,0,0,1,0,2019
1448,Santo Tomas (BS),0,0,30,3,0,0,0,0,4,0,0,0,0,1,0,2019
1449,Santo Tomas (DN),0,0,19,3,0,0,0,0,2,5,0,0,0,1,0,2019
1450,Santo Tomas (IA),0,0,5,0,0,0,0,0,0,0,0,0,0,1,0,2019
1451,Santo Tomas (LU),0,0,8,0,0,0,0,0,0,0,0,0,0,1,0,2019
1452,Santo Tomas (PA),0,0,6,0,0,0,0,0,1,0,0,0,0,1,0,2019
1453,Santo Tomas (PS),0,0,2,0,0,0,0,0,0,0,0,0,0,1,0,2019
1454,Sual,0,0,7,1,0,0,0,0,0,0,0,0,0,1,0,2019
1455,Subic,0,0,16,3,0,0,0,0,1,0,0,0,0,1,0,2019
1456,Sudipen,0,0,9,0,0,0,0,0,0,0,0,0,0,1,0,2019
1457,Sugbongcogon,0,0,6,0,0,0,0,0,0,0,0,0,0,1,0,2019
1458,Sugpon,0,0,3,0,0,0,0,0,0,0,0,0,0,1,0,2019
1459,Sulat,0,0,5,0,0,0,0,0,0,0,0,0,0,1,0,2019
1460,Sulop,0,0,25,2,0,0,0,0,0,2,0,0,0,1,0,2019
1461,Sultan Dumalondong,0,0,0,1,0,0,0,0,0,0,0,0,0,1,0,2019
1462,Sultan Kudarat,0,0,24,3,0,0,0,0,1,0,0,0,0,1,0,2019
1463,Sultan Mastura,0,0,12,1,0,0,0,0,0,0,0,0,0,1,0,2019
1464,Sultan Naga Dimaporo,0,0,5,0,0,0,0,0,0,1,0,0,0,1,0,2019
1465,Sultan Sa Barongis,0,0,7,2,0,0,0,0,0,0,0,0,0,1,0,2019
1466,Sumilao,0,0,10,0,0,0,0,0,1,0,0,0,0,1,0,2019
1467,Sumisip,0,0,16,1,0,0,0,0,0,1,0,0,0,1,0,2019
1468,Surallah,0,0,19,3,0,0,0,0,3,1,0,0,0,1,0,2019
1469,Surigao,0,0,18,0,0,0,1,0,5,0,0,0,0,6,0,2019
1470,Suyo,0,0,8,0,0,0,0,0,0,0,0,0,0,1,0,2019
1471,Taal,0,0,20,1,0,0,0,0,2,0,0,0,0,2,0,2019
1472,Tabaco,0,0,18,5,0,0,0,0,6,1,0,0,0,1,0,2019
1473,Tabango,0,0,9,0,0,0,0,0,0,1,0,0,0,1,0,2019
1474,Tabina,0,0,4,0,0,0,0,0,0,0,0,0,0,1,0,2019
1475,Tabogon,0,0,20,0,0,0,0,0,0,0,0,0,0,1,0,2019
1476,Tabontabon,0,0,2,0,0,0,0,0,0,0,0,0,0,1,0,2019
1477,Tabuan-Lasa,0,0,4,1,0,0,0,0,0,0,0,0,0,1,0,2019
1478,Tabuelan,0,0,12,0,0,0,0,0,0,0,0,0,0,1,0,2019
1479,Tabuk,0,0,41,1,0,0,0,0,4,1,0,0,0,5,0,2019
1480,Tacloban,0,0,24,0,1,0,0,0,7,0,0,0,0,6,0,2019
1481,Tacurong,0,0,25,2,0,1,0,0,9,5,0,0,0,1,0,2019
1482,Tadian,0,0,19,0,0,0,0,0,0,0,0,0,0,1,0,2019
1483,Taft,0,0,5,1,0,0,0,0,0,1,0,0,0,1,0,2019
1484,Tagana-An,0,0,4,0,0,0,0,0,0,0,0,0,0,1,0,2019
1485,Tagapul-An,0,0,3,1,0,0,0,0,0,0,0,0,0,1,0,2019
1486,Tagaytay,0,0,32,3,0,0,3,0,3,1,0,0,0,1,0,2019
1487,Tagbilaran,0,0,17,0,0,0,0,0,9,0,0,0,0,1,0,2019
1488,Tagbina,0,0,23,0,0,0,0,0,0,0,0,0,0,1,0,2019
1489,Tagkawayan,0,0,45,0,0,0,0,0,1,0,0,0,0,1,0,2019
1490,Tago,0,0,11,0,0,0,0,0,0,0,0,0,0,1,0,2019
1491,Tagoloan (LN),0,0,3,0,0,0,0,0,0,0,0,0,0,1,0,2019
1492,Tagoloan (MO),0,0,10,1,0,0,0,0,1,0,0,0,0,1,0,2019
1493,Tagoloan Ii,0,0,0,1,0,0,0,0,0,0,0,0,0,1,0,2019
1494,Tagudin,0,0,41,0,0,0,0,0,1,1,0,0,0,1,0,2019
1495,Taguig,0,0,0,7,0,0,1,0,8,1,0,0,0,35,1,2019
1496,Tagum,0,0,30,7,0,0,0,0,6,0,0,0,0,1,0,2019
1497,Talacogon,0,0,10,0,0,0,0,0,1,0,0,0,0,1,0,2019
1498,Talaingod,0,0,3,1,0,0,0,0,0,0,0,0,0,1,0,2019
1499,Talakag,0,0,10,0,0,0,0,0,0,1,0,0,0,1,0,2019
1500,Talalora,0,0,4,1,0,0,0,0,0,0,0,0,0,1,0,2019
1501,Talavera,0,0,13,5,0,0,0,0,1,0,0,0,0,3,0,2019
1502,Talayan,0,0,6,2,0,0,0,0,0,0,0,0,0,1,0,2019
1503,Talibon,0,0,25,0,0,0,0,0,1,0,0,0,0,1,0,2019
1504,Talipao,0,0,10,1,0,0,0,0,0,0,0,0,0,1,0,2019
1505,Talisay (BS),0,0,6,1,0,0,1,0,1,0,0,0,0,1,0,2019
1506,Talisay (CN),0,0,14,0,0,0,0,0,0,0,0,0,0,1,0,2019
1507,Talisay  (CU),0,0,22,0,0,0,0,0,2,0,0,0,0,3,1,2019
1508,Talisay (NO),0,0,27,0,0,0,0,0,0,0,0,0,0,1,0,2019
1509,Talisayan,0,0,7,0,0,0,0,0,1,0,0,0,0,1,0,2019
1510,Talitay,0,0,2,1,0,0,0,0,0,0,0,0,0,1,0,2019
1511,Talugtug,0,0,5,0,0,0,0,0,0,0,0,0,0,1,0,2019
1512,Talusan,0,0,4,1,0,0,0,0,0,0,0,0,0,1,0,2019
1513,Tambulig,0,0,5,5,0,0,0,0,0,1,0,0,0,1,0,2019
1514,Tampakan,0,0,15,1,0,0,0,0,0,0,0,0,0,1,0,2019
1515,Tamparan,0,0,0,1,0,0,0,0,2,0,0,0,0,1,0,2019
1516,Tampilisan,0,0,4,1,0,0,0,0,0,0,0,0,0,1,0,2019
1517,Tanauan (BS),0,0,45,4,0,0,0,0,6,0,0,0,0,2,0,2019
1518,Tanauan (LE),0,0,6,1,0,0,0,0,0,0,0,0,0,1,0,2019
1519,Tanay,0,0,19,1,0,0,0,0,1,1,0,0,0,3,0,2019
1520,Tandag,0,0,12,0,0,0,0,0,1,0,0,0,0,1,0,2019
1521,Tandubas,0,0,6,1,0,0,0,0,0,0,0,0,0,1,0,2019
1522,Tangalan,0,0,5,0,0,0,0,0,0,0,0,0,0,1,0,2019
1523,Tangcal,0,0,2,0,0,0,0,0,0,0,0,0,0,1,0,2019
1524,Tangub,0,0,13,0,0,0,0,0,1,2,0,0,0,1,0,2019
1525,Tanjay,0,0,25,0,0,0,0,0,0,0,0,0,0,2,0,2019
1526,Tantangan,0,0,13,1,0,0,0,0,0,0,0,0,0,1,0,2019
1527,Tanudan,0,0,15,0,0,0,0,0,1,0,0,0,0,1,0,2019
1528,Tanza,0,0,42,14,0,0,0,0,3,1,0,0,0,1,0,2019
1529,Tapaz,0,0,48,0,0,0,0,0,0,1,0,0,0,1,0,2019
1530,Tapul,0,0,3,1,0,0,0,0,0,1,0,0,0,1,0,2019
1531,Taraka,0,0,2,1,0,0,0,0,0,0,0,0,0,1,0,2019
1532,Tarangnan,0,0,6,0,0,0,0,0,0,1,0,0,0,1,0,2019
1533,Tarlac,0,0,52,7,1,0,1,0,7,1,0,0,0,10,0,2019
1534,Tarragona,0,0,12,0,0,0,0,0,0,0,0,0,0,1,0,2019
1535,Tayabas,0,0,17,18,0,0,0,0,1,0,0,0,0,1,0,2019
1536,Tayasan,0,0,9,0,0,0,0,0,0,1,0,0,0,1,0,2019
1537,Taysan,0,0,19,1,0,0,0,0,0,0,0,0,0,1,0,2019
1538,Taytay (PN),0,0,27,0,0,0,0,0,1,0,0,0,0,1,0,2019
1539,Taytay (RL),0,0,43,12,0,0,0,0,3,1,0,0,0,8,0,2019
1540,Tayug,0,0,21,0,0,0,0,0,2,0,0,0,0,1,0,2019
1541,Tayum,0,0,2,0,0,0,0,0,0,0,0,0,0,1,0,2019
1542,T'Boli,0,0,25,1,0,0,0,0,0,1,0,0,0,1,0,2019
1543,Teresa,0,0,9,2,0,0,0,0,1,0,0,0,0,1,0,2019
1544,Ternate,0,0,2,2,0,0,0,0,0,0,0,0,0,1,0,2019
1545,Tiaong,0,0,30,2,0,0,0,0,1,1,0,0,0,1,0,2019
1546,Tibiao,0,0,6,0,0,0,0,0,0,0,0,0,0,1,0,2019
1547,Tigaon,0,0,9,0,0,0,0,0,0,1,0,0,0,1,0,2019
1548,Tigbao,0,0,4,1,0,0,0,0,0,0,0,0,0,1,0,2019
1549,Tigbauan,0,0,14,0,0,0,0,0,0,0,0,0,0,1,0,2019
1550,Tinambac,0,0,12,1,0,0,0,0,0,2,0,0,0,2,0,2019
1551,Tineg,0,0,9,0,0,0,0,0,0,0,0,0,0,1,0,2019
1552,Tinglayan,0,0,15,0,0,0,0,0,0,0,0,0,0,1,0,2019
1553,Tingloy,0,0,4,0,0,0,0,0,0,0,0,0,0,1,0,2019
1554,Tinoc,0,0,15,0,0,0,0,0,0,1,0,0,0,1,0,2019
1555,Tipo-Tipo,0,0,3,0,0,0,0,0,0,0,0,0,0,2,0,2019
1556,Titay,0,0,10,1,0,0,0,0,1,0,0,0,0,1,0,2019
1557,Tiwi,0,0,11,2,0,0,0,0,0,2,0,0,0,1,0,2019
1558,Tobias Fornier,0,0,7,0,0,0,0,0,0,1,0,0,0,1,0,2019
1559,Toboso,0,0,9,0,0,0,0,0,0,0,0,0,0,1,0,2019
1560,Toledo,0,0,38,0,0,0,0,0,1,1,0,0,0,1,0,2019
1561,Tolosa,0,0,3,0,0,0,0,0,0,0,0,0,0,1,0,2019
1562,Tomas Oppus,0,0,6,1,0,0,0,0,0,0,0,0,0,1,0,2019
1563,Tongkil,0,0,9,1,0,0,0,0,0,1,0,0,0,1,0,2019
1564,Torrijos,0,0,6,0,0,0,0,0,0,1,0,0,0,1,0,2019
1565,Trece Martires,0,0,13,10,0,0,0,0,3,0,0,0,0,1,0,2019
1566,Trento,0,0,7,0,0,0,0,0,2,1,0,0,0,1,0,2019
1567,Trinidad,0,0,20,0,0,0,0,0,0,0,0,0,0,1,0,2019
1568,Tuao,0,0,9,2,0,0,0,0,1,0,0,0,0,2,0,2019
1569,Tuba,0,0,17,0,0,0,0,0,0,1,0,0,0,1,0,2019
1570,Tubajon,0,0,1,0,0,0,0,0,0,0,0,0,0,1,0,2019
1571,Tubao,0,0,6,1,0,0,0,0,0,0,0,0,0,1,0,2019
1572,Tubaran,0,0,0,0,0,0,0,0,0,0,0,0,0,1,0,2019
1573,Tubay,0,0,11,0,0,0,0,0,0,0,0,0,0,1,0,2019
1574,Tubigon,0,0,12,0,0,0,0,0,0,1,0,0,0,2,0,2019
1575,Tublay,0,0,7,0,0,0,0,0,0,0,0,0,0,1,0,2019
1576,Tubo,0,0,9,0,0,0,0,0,0,0,0,0,0,1,0,2019
1577,Tubod (LN),0,0,24,1,0,0,0,0,1,0,0,0,0,1,0,2019
1578,Tubod (SN),0,0,2,0,0,0,0,0,0,0,0,0,0,1,0,2019
1579,Tubungan,0,0,10,0,0,0,0,0,0,0,0,0,0,1,0,2019
1580,Tuburan (BA),0,0,0,1,0,0,0,0,0,0,0,0,0,1,0,2019
1581,Tuburan (CU),0,0,54,0,0,0,0,0,0,1,0,0,0,2,0,2019
1582,Tudela (CU),0,0,5,0,0,0,0,0,0,0,0,0,0,1,0,2019
1583,Tudela (MC),0,0,7,0,0,0,0,0,0,1,0,0,0,1,0,2019
1584,Tugaya,0,0,1,1,0,0,0,0,0,0,0,0,0,1,0,2019
1585,Tuguegarao,0,0,35,5,0,0,0,0,7,0,0,0,1,1,0,2019
1586,Tukuran,0,0,7,1,0,0,0,0,0,0,0,0,0,1,0,2019
1587,Tulunan,0,0,29,2,0,0,0,0,1,2,0,0,0,1,0,2019
1588,Tumauini,0,0,28,0,0,0,0,0,0,2,0,0,0,1,0,2019
1589,Tunga,0,0,1,0,0,0,0,0,0,0,0,0,0,1,0,2019
1590,Tungawan,0,0,8,1,0,0,0,0,0,0,0,0,0,1,0,2019
1591,Tupi,0,0,16,2,0,0,0,0,0,2,0,0,0,1,0,2019
1592,Turtle Islands,0,0,1,0,0,0,0,0,0,0,0,0,0,1,0,2019
1593,Tuy,0,0,6,1,0,0,0,0,1,0,0,0,0,1,0,2019
1594,Ubay,0,0,42,0,0,0,0,0,1,1,0,0,0,2,0,2019
1595,Umingan,0,0,58,0,0,0,0,0,1,0,0,0,0,2,0,2019
1596,Ungkaya Pukan,0,0,0,1,0,0,0,0,0,0,0,0,0,1,0,2019
1597,Unisan,0,0,36,0,0,0,0,0,2,0,0,0,0,1,0,2019
1598,Upi,0,0,17,1,0,0,0,0,1,0,0,0,0,1,0,2019
1599,Urbiztondo,0,0,11,1,0,0,0,0,0,0,0,0,0,1,0,2019
1600,Urdaneta,0,0,33,4,0,0,0,0,4,1,0,0,0,3,0,2019
1601,Uson,0,0,16,0,0,0,0,0,0,0,0,0,0,1,0,2019
1602,Uyugan,0,0,1,0,0,0,0,0,0,0,0,0,0,1,0,2019
1603,Valderrama,0,0,7,0,0,0,0,0,0,1,0,0,0,1,0,2019
1604,Valencia (BL),0,0,35,0,0,0,0,0,2,0,0,0,0,1,0,2019
1605,Valencia (BK),0,0,31,7,0,0,0,0,6,3,0,0,0,1,0,2019
1606,Valencia (NR),0,0,11,0,0,0,0,0,0,0,0,0,0,1,0,2019
1607,Valenzuela,0,0,4,8,0,0,0,0,9,3,0,0,0,45,1,2019
1608,Valladolid,0,0,16,0,0,0,0,0,1,0,0,0,0,1,0,2019
1609,Vallehermoso,0,0,15,0,0,0,0,0,0,0,0,0,0,1,0,2019
1610,Veruela,0,0,8,0,0,0,0,0,0,0,0,0,0,1,0,2019
1611,Victoria (LA),0,0,9,0,0,0,0,0,0,0,0,0,0,1,0,2019
1612,Victoria (NS),0,0,3,0,0,0,0,0,0,0,0,0,0,1,0,2019
1613,Victoria (OR),0,0,32,0,0,0,0,0,2,3,0,0,0,1,0,2019
1614,Victoria (TC),0,0,8,2,0,0,0,0,0,0,0,0,0,2,0,2019
1615,Victorias,0,0,19,0,0,0,1,0,0,1,0,0,0,1,0,2019
1616,Viga,0,0,7,0,0,0,0,0,1,0,0,0,0,1,0,2019
1617,Vigan,0,1,37,0,0,0,0,0,5,4,0,0,0,1,0,2019
1618,Villaba,0,0,8,0,0,0,0,0,0,1,0,0,0,1,0,2019
1619,Villanueva,0,0,12,0,0,0,0,0,0,0,0,0,0,1,0,2019
1620,Villareal,0,0,8,1,0,0,0,0,0,0,0,0,0,1,0,2019
1621,Villasis,0,0,17,0,0,0,0,0,1,1,0,0,0,1,0,2019
1622,Villaverde,0,0,9,1,0,0,0,0,0,0,0,0,0,1,0,2019
1623,Villaviciosa,0,0,7,0,0,0,0,0,0,1,0,0,0,1,0,2019
1624,Vincenzo A Sagun,0,0,6,1,0,0,0,0,0,0,0,0,0,1,0,2019
1625,Vintar,0,0,6,0,0,0,0,0,0,1,0,0,0,1,0,2019
1626,Vinzons,0,0,16,1,0,0,0,0,0,0,0,0,0,1,0,2019
1627,Virac,0,0,12,1,0,0,0,0,2,1,0,0,0,1,0,2019
1628,Wao,0,0,26,1,0,0,0,0,1,0,0,0,0,1,0,2019
1629,Zamboanga,0,0,87,17,0,0,1,0,12,2,0,0,0,17,1,2019
1630,Zamboanguita,0,0,10,0,0,0,0,0,0,0,0,0,0,1,0,2019
1631,Zaragoza,0,0,6,2,0,0,0,0,0,0,0,0,0,2,0,2019
1632,Zarraga,0,0,4,0,0,0,0,0,0,0,0,0,0,1,0,2019
1633,Zumarraga,0,0,5,1,0,0,0,0,0,0,0,0,0,1,0,2019
