,id,DOCTOR,NURSE,MIDWIFE,DENTIST,NUTRITIONI,PHARMACIST,OCCUPATION,MEDICAL TE,PHYSICAL T,RADIOLOGY,X-RAY TECH,year
0,Aborlan,20,30,7,1,0,0,0,1,0,0,0,2017
1,Abra De Ilog,10,30,0,0,0,1,0,0,1,0,0,2017
2,Abucay,20,10,5,1,0,0,0,4,0,0,0,2017
3,Abulug,10,30,7,1,0,0,0,1,0,0,0,2017
4,Abuyog,80,210,20,2,1,3,0,7,0,1,0,2017
5,Adams,10,40,3,0,0,0,0,0,0,0,0,2017
6,Agdangan,0,0,0,0,0,0,0,0,0,0,0,2017
7,Aglipay,30,60,5,6,0,0,0,2,0,1,0,2017
8,Agno,30,30,8,2,0,3,0,1,0,0,0,2017
9,Agoncillo,0,0,0,0,0,0,0,0,0,0,0,2017
10,Agoo,750,830,49,1,2,9,1,16,3,9,1,2017
11,Aguilar,80,100,8,3,0,3,0,0,0,0,0,2017
12,Aguinaldo,40,100,19,1,1,1,0,2,0,0,0,2017
13,Agutaya,0,10,4,0,0,0,0,0,0,0,0,2017
14,Ajuy,20,20,14,1,0,0,0,1,0,0,0,2017
15,Akbar,0,0,0,0,0,0,0,0,0,0,0,2017
16,Alabat,10,70,5,2,1,1,0,2,0,0,1,2017
17,Alabel,20,80,16,2,1,0,0,1,1,0,0,2017
18,Alamada,0,0,0,0,0,7,0,0,0,0,0,2017
19,Alaminos (LA),10,20,4,0,0,0,0,1,0,0,0,2017
20,Alaminos (PS),480,1500,39,17,3,25,0,15,4,4,2,2017
21,Alang-Alang,10,10,8,1,0,0,0,2,0,0,0,2017
22,Al-Barka,0,0,0,0,0,0,0,0,0,0,0,2017
23,Albuera,10,20,9,0,0,0,0,1,0,0,0,2017
24,Alburquerque,10,20,3,0,0,0,0,0,0,0,0,2017
25,Alcala (CG),50,320,13,1,0,1,0,3,0,0,0,2017
26,Alcala (PS),10,10,7,1,0,8,0,1,1,0,0,2017
27,Alcantara (CU),0,0,0,0,0,0,0,0,0,0,0,2017
28,Alcantara (RN),10,0,4,0,0,0,0,0,0,0,0,2017
29,Alcoy,10,40,1,0,0,0,0,0,0,0,0,2017
30,Alegria (CU),60,70,8,1,1,1,0,1,0,1,0,2017
31,Alegria (SN),10,10,5,0,0,0,0,0,0,0,0,2017
32,Aleosan,90,70,8,0,1,2,0,2,0,1,0,2017
33,Alfonso,230,160,3,0,2,1,0,1,0,1,1,2017
34,Alfonso Castaneda,10,10,8,0,0,0,0,1,0,0,0,2017
35,Alfonso Lista,40,110,17,1,1,1,0,4,0,0,0,2017
36,Aliaga,20,20,7,0,0,0,0,0,0,0,0,2017
37,Alicia (BL),0,0,0,0,0,0,0,0,0,0,0,2017
38,Alicia (IA),320,490,13,2,2,7,0,8,1,1,4,2017
39,Alicia (ZS),40,110,11,1,0,5,0,0,0,0,0,2017
40,Alilem,0,0,0,0,0,0,0,0,0,0,0,2017
41,Alimodian,50,170,22,1,0,1,0,2,0,0,0,2017
42,Alitagtag,0,0,0,0,0,0,0,0,0,0,0,2017
43,Allacapan,10,140,12,1,0,0,0,1,0,0,0,2017
44,Allen,40,140,5,0,1,0,0,2,0,0,0,2017
45,Almagro,20,70,4,0,0,0,0,0,0,0,0,2017
46,Almeria,10,10,8,1,0,0,0,1,0,0,0,2017
47,Aloguinsan,10,80,9,0,0,0,0,1,0,0,0,2017
48,Aloran,10,50,1,0,0,0,0,0,0,0,0,2017
49,Altavas,70,100,5,1,1,2,0,2,0,1,0,2017
50,Alubijid,0,0,0,0,0,0,0,0,0,0,0,2017
51,Amadeo,0,0,0,0,0,0,0,0,0,0,0,2017
52,Amai Manabilang,0,0,0,0,0,0,0,0,0,0,0,2017
53,Ambaguio,10,10,8,0,0,0,0,0,0,0,0,2017
54,Amlan,0,30,9,0,0,0,0,0,0,0,0,2017
55,Ampatuan,0,20,4,0,0,0,0,0,0,0,0,2017
56,Amulung,10,10,0,0,0,1,0,0,0,0,0,2017
57,Anahawan,70,230,15,1,0,1,0,3,0,0,1,2017
58,Anao,10,10,6,1,0,0,0,0,0,0,0,2017
59,Anda (BL),0,0,0,0,0,0,0,0,0,0,0,2017
60,Anda (PS),0,0,0,0,0,0,0,0,0,0,0,2017
61,Angadanan,10,170,12,1,1,0,0,1,0,0,0,2017
62,Angat,20,20,16,1,0,0,0,1,0,0,0,2017
63,Angeles,2160,5610,87,7,14,32,0,115,8,20,9,2017
64,Angono,420,750,22,3,0,2,0,12,0,1,2,2017
65,Anilao,0,0,0,0,0,0,0,0,0,0,0,2017
66,Anini-Y,10,10,5,0,0,0,0,1,0,0,0,2017
67,Antequera,0,0,0,0,0,0,0,0,0,0,0,2017
68,Antipas,100,230,11,1,1,8,0,3,0,1,1,2017
69,Antipolo,910,940,6,5,3,9,0,10,0,2,0,2017
70,Apalit,300,340,18,1,2,4,0,5,0,2,3,2017
71,Aparri,720,690,27,3,2,7,0,13,0,4,0,2017
72,Araceli,10,20,4,0,0,0,0,0,0,0,0,2017
73,Arakan,60,120,21,0,1,4,0,2,0,0,1,2017
74,Arayat,190,400,31,1,1,4,0,6,0,2,0,2017
75,Argao,60,240,23,2,1,1,0,4,0,1,0,2017
76,Aringay,10,30,8,0,0,0,0,0,0,0,0,2017
77,Aritao,10,80,16,1,0,1,0,1,0,0,0,2017
78,Aroroy,30,40,0,1,0,1,0,2,0,0,0,2017
79,Arteche,30,50,0,1,1,1,0,1,0,0,1,2017
80,Asingan,40,130,1,5,0,14,0,2,1,0,0,2017
81,Asipulo,10,10,14,0,0,0,0,1,0,0,0,2017
82,Asturias,10,90,14,0,0,0,0,0,0,0,0,2017
83,Asuncion,0,0,0,0,0,0,0,0,0,0,0,2017
84,Atimonan,160,470,5,2,3,2,0,4,0,1,0,2017
85,Atok,60,130,10,1,1,2,0,5,0,1,0,2017
86,Aurora (IA),0,0,0,0,0,0,0,0,0,0,0,2017
87,Aurora (ZR),80,340,13,0,2,5,1,1,0,0,0,2017
88,Ayungon,0,10,0,0,0,0,0,0,0,0,0,2017
89,Baao,100,230,18,2,2,1,0,2,0,0,2,2017
90,Babatngon,0,10,5,1,0,0,0,0,0,0,0,2017
91,Bacacay,70,110,17,1,1,0,0,3,0,1,0,2017
92,Bacarra,80,230,16,6,0,8,0,2,0,0,1,2017
93,Baclayon,10,10,5,0,0,0,0,0,0,0,0,2017
94,Bacnotan,80,230,12,1,1,4,0,2,0,2,0,2017
95,Baco,0,10,6,1,0,3,0,1,0,0,0,2017
96,Bacolod (LN),50,170,0,0,0,1,0,1,0,1,1,2017
97,Bacolod (NO),1420,3180,23,7,6,21,4,66,2,8,0,2017
98,Bacolod-Kalawi,0,0,0,0,0,0,0,0,0,0,0,2017
99,Bacolor,50,320,3,0,1,5,0,2,0,4,0,2017
100,Bacong,10,130,7,0,0,0,0,1,0,0,0,2017
101,Bacoor,700,1010,6,0,5,11,0,13,1,2,2,2017
102,Bacuag,10,10,5,0,0,0,0,0,0,0,0,2017
103,Bacungan Leon B. Postigo,0,0,0,0,0,0,0,0,0,0,0,2017
104,Badian,50,270,1,1,1,1,0,0,0,0,0,2017
105,Badiangan,0,0,0,0,0,0,0,0,0,0,0,2017
106,Badoc,10,60,8,1,0,8,0,1,0,0,0,2017
107,Bagabag,10,10,5,0,0,0,0,0,0,0,0,2017
108,Bagac,60,180,18,1,0,1,0,3,0,1,0,2017
109,Bagamanoc,10,90,11,1,0,0,0,1,0,0,0,2017
110,Baganga,0,10,16,0,0,0,0,1,0,0,0,2017
111,Baggao,70,220,17,1,0,4,0,6,0,1,0,2017
112,Bago,160,600,51,2,1,1,0,9,0,2,0,2017
113,Baguio,5950,8610,76,28,16,57,4,145,26,41,0,2017
114,Bagulin,10,20,9,1,0,0,0,1,0,0,0,2017
115,Bagumbayan,10,30,19,1,0,0,0,2,0,0,0,2017
116,Bais,100,300,22,2,1,3,0,7,1,0,0,2017
117,Bakun,10,20,7,0,0,0,0,0,1,0,0,2017
118,Balabac,0,10,5,0,0,0,0,0,0,0,0,2017
119,Balabagan,0,0,0,0,0,0,0,0,0,0,0,2017
120,Balagtas,130,160,18,1,2,0,0,4,0,0,0,2017
121,Balamban,160,400,4,1,1,4,0,4,0,2,1,2017
122,Balanga,1300,2150,49,5,6,11,0,45,0,5,1,2017
123,Balangiga,70,40,9,2,1,1,0,4,0,0,0,2017
124,Balangkayan,10,30,4,1,0,0,0,0,0,0,0,2017
125,Balaoan,70,150,17,1,1,2,0,2,0,2,0,2017
126,Balasan,50,90,0,1,1,1,0,1,0,0,0,2017
127,Balatan,30,40,7,1,0,0,0,1,0,0,0,2017
128,Balayan,580,600,3,3,2,7,0,7,0,3,5,2017
129,Balbalan,20,90,13,1,2,1,0,2,0,0,0,2017
130,Baleno,0,0,0,0,0,0,0,0,0,0,0,2017
131,Baler,20,20,16,2,0,0,0,1,0,0,0,2017
132,Balete (AK),10,80,10,0,0,0,0,1,0,0,0,2017
133,Balete (BS),0,0,0,0,0,0,0,0,0,0,0,2017
134,Baliangao,0,10,5,0,0,0,0,0,0,0,0,2017
135,Baliguian,0,20,8,0,0,0,0,1,0,0,0,2017
136,Balilihan,10,0,0,0,0,0,0,0,0,0,0,2017
137,Balindong,80,110,13,1,0,2,0,1,0,0,0,2017
138,Balingasag,110,500,19,2,1,2,0,4,0,1,0,2017
139,Balingoan,10,0,2,0,0,0,0,0,0,0,0,2017
140,Baliwag,930,2020,30,2,3,9,0,32,1,8,0,2017
141,Ballesteros,30,120,6,1,1,3,0,3,0,4,0,2017
142,Baloi,20,70,2,0,0,2,0,2,0,0,0,2017
143,Balud,0,0,0,0,0,0,0,0,0,0,0,2017
144,Balungao,20,60,8,1,0,1,0,1,0,0,0,2017
145,Bamban,120,170,14,1,1,3,0,3,0,0,1,2017
146,Bambang,270,1640,22,2,1,6,0,17,0,7,0,2017
147,Banate,10,110,10,1,0,0,0,1,0,0,0,2017
148,Banaue,30,100,15,1,0,0,0,2,0,0,0,2017
149,Banaybanay,0,0,0,0,0,0,0,0,0,0,0,2017
150,Banayoyo,10,10,3,0,0,1,0,1,0,0,0,2017
151,Banga (AK),20,160,12,1,0,0,0,1,0,0,0,2017
152,Banga (SC),30,10,2,0,0,6,0,0,0,0,0,2017
153,Bangar,30,130,10,1,0,0,0,5,0,1,0,2017
154,Bangued,410,1830,24,5,2,6,0,6,0,3,0,2017
155,Bangui,100,200,11,4,1,5,0,4,1,0,0,2017
156,Bani,50,60,11,4,0,2,0,1,0,0,0,2017
157,Banisilan,0,0,0,0,0,1,0,0,0,0,0,2017
158,Banna,10,30,8,1,0,3,0,2,0,0,0,2017
159,Bansalan,300,640,2,1,2,4,0,6,0,1,3,2017
160,Bansud,10,60,4,0,0,4,0,1,0,0,0,2017
161,Bantay,70,210,17,1,0,3,0,5,0,0,0,2017
162,Bantayan Island,0,0,0,0,0,0,0,0,0,0,0,2017
163,Banton,10,10,5,0,0,0,0,0,0,0,0,2017
164,Baras (CT),10,20,0,0,0,0,0,0,0,0,0,2017
165,Baras (RL),70,40,3,0,0,0,0,1,0,0,0,2017
166,Barbaza,40,70,8,1,0,1,0,1,0,1,0,2017
167,Barcelona,10,10,6,1,0,0,0,1,0,0,0,2017
168,Barili,20,40,2,1,1,1,0,1,0,0,0,2017
169,Barira,0,0,0,0,0,0,0,0,0,0,0,2017
170,Barlig,20,60,0,0,1,1,0,1,0,0,0,2017
171,Barobo,10,30,11,1,0,0,0,0,0,0,0,2017
172,Barotac Nuevo,80,100,8,1,0,4,0,5,0,0,0,2017
173,Barotac Viejo,100,150,16,1,0,1,2,1,0,0,0,2017
174,Baroy,60,170,14,0,0,1,0,2,0,2,0,2017
175,Barugo,10,30,6,0,0,0,0,1,0,0,0,2017
176,Basay,10,40,11,0,0,0,0,1,0,0,0,2017
177,Basco,60,420,6,5,1,1,0,2,0,0,0,2017
178,Basey,0,0,0,0,0,0,0,1,0,0,0,2017
179,Basilisa,0,10,7,0,0,0,0,1,0,0,0,2017
180,Basista,0,0,0,0,0,0,0,0,0,0,0,2017
181,Basud (CN),10,10,10,0,0,0,0,1,0,0,0,2017
182,Batac,1090,2330,33,3,5,43,0,28,8,10,1,2017
183,Batad,0,0,0,0,0,0,0,0,0,0,0,2017
184,Batan,10,110,12,1,0,0,0,1,0,0,0,2017
185,Batangas,3680,5070,46,2,10,18,1,58,27,29,5,2017
186,Bataraza,60,100,0,1,0,3,0,0,1,0,0,2017
187,Bato (CS),30,30,16,1,0,0,0,1,0,0,0,2017
188,Bato (CT),10,90,5,0,0,0,0,1,0,0,0,2017
189,Bato (LE),10,40,8,0,0,0,0,1,0,0,0,2017
190,Batuan (BL),0,0,0,0,0,0,0,0,0,0,0,2017
191,Batuan (MS),0,40,2,0,0,0,0,0,0,0,0,2017
192,Bauan,610,1690,24,1,2,9,0,15,1,0,13,2017
193,Bauang,20,280,19,1,0,0,0,2,0,0,0,2017
194,Bauko,200,340,23,3,3,3,0,11,1,4,0,2017
195,Baungon,20,40,4,1,0,0,0,2,0,0,0,2017
196,Bautista,0,0,0,0,0,0,0,0,0,0,0,2017
197,Bay,80,240,11,1,1,2,0,3,0,0,0,2017
198,Bayabas,10,10,1,1,0,0,0,1,0,0,0,2017
199,Bayambang,260,740,8,7,1,26,0,6,0,1,2,2017
200,Bayang,10,30,3,0,0,0,0,0,0,0,0,2017
201,Bayawan,140,210,42,2,1,3,0,3,0,0,0,2017
202,Baybay,1180,2430,36,6,6,14,0,48,0,13,0,2017
203,Bayog,0,0,0,0,0,0,0,0,0,0,0,2017
204,Bayombong,580,700,12,3,4,7,0,12,0,0,0,2017
205,Bayugan,100,350,21,2,0,3,0,4,0,0,0,2017
206,Belison,10,10,4,0,0,0,0,0,0,0,0,2017
207,Benito Soliven,10,20,10,1,0,0,0,1,0,0,0,2017
208,Besao,40,80,3,1,1,1,0,1,0,1,0,2017
209,Bien Unido,0,0,0,0,0,0,0,0,0,0,0,2017
210,Bilar,10,130,4,0,0,0,0,0,0,0,0,2017
211,Biliran,0,10,5,0,0,0,0,1,0,0,0,2017
212,Binalbagan,50,190,37,0,0,0,0,3,0,0,0,2017
213,Binalonan,90,170,13,2,0,10,0,4,0,0,0,2017
214,Binangonan,150,210,18,2,1,1,0,2,0,1,1,2017
215,Bindoy,80,160,0,1,1,1,0,1,0,0,0,2017
216,Bingawan,0,0,0,0,0,0,0,0,0,0,0,2017
217,Binidayan,50,200,4,0,1,1,0,1,0,0,0,2017
218,Binmaley,130,160,18,3,0,7,0,3,0,0,2,2017
219,Binuangan,10,0,2,0,0,0,0,0,0,0,0,2017
220,Biri,20,70,4,1,1,1,0,2,0,0,0,2017
221,Bislig,230,630,48,5,1,6,0,8,0,4,0,2017
222,Binan,250,1630,34,1,2,5,0,11,9,21,0,2017
223,Boac,260,300,15,14,3,14,0,0,10,0,0,2017
224,Bobon,10,10,4,0,0,0,0,0,0,0,0,2017
225,Bocaue,210,290,24,2,2,3,0,5,1,1,0,2017
226,Bogo,50,200,3,1,1,1,0,3,0,0,0,2017
227,Bokod,50,70,13,0,1,1,0,3,0,1,0,2017
228,Bolinao,80,460,29,3,0,10,0,5,0,1,0,2017
229,Boliney,10,10,4,0,0,0,0,0,0,0,0,2017
230,Boljoon,0,0,0,0,0,0,0,0,0,0,0,2017
231,Bombon,10,30,6,0,0,0,0,1,0,0,0,2017
232,Bongabon,60,170,4,1,1,2,0,1,0,0,2,2017
233,Bongabong,80,160,19,0,0,6,0,1,1,0,0,2017
234,Bongao,140,350,35,3,2,1,0,8,0,1,0,2017
235,Bonifacio,70,100,11,1,0,3,0,1,0,0,0,2017
236,Bontoc (MP),160,530,34,1,2,4,0,7,1,2,0,2017
237,Bontoc (SL),10,20,6,0,0,0,0,1,0,0,0,2017
238,Borbon,0,0,0,0,0,0,0,0,0,0,0,2017
239,Borongan,220,400,18,4,2,2,0,13,0,0,0,2017
240,Boston,10,10,11,0,0,0,0,1,0,0,0,2017
241,Botolan,60,90,12,1,0,0,0,3,0,0,0,2017
242,Braulio E. Dujali,0,0,0,0,0,0,0,0,0,0,0,2017
243,Brooke's Point,170,370,34,4,3,12,0,7,0,0,1,2017
244,Buadiposo-Buntong,0,0,0,0,0,0,0,0,0,0,0,2017
245,Bubong,0,0,0,0,0,0,0,0,0,0,0,2017
246,Bucay,30,60,9,0,0,1,0,1,0,0,0,2017
247,Bucloc,0,30,4,0,0,0,0,0,0,0,0,2017
248,Buenavista (AN),10,60,15,1,0,0,0,1,0,0,0,2017
249,Buenavista (BL),0,0,0,0,0,0,0,0,0,0,0,2017
250,Buenavista (GS),40,130,9,0,1,1,0,1,0,0,0,2017
251,Buenavista (ME),10,20,5,1,0,2,0,0,0,0,0,2017
252,Buenavista (QN),0,0,0,0,0,0,0,0,0,0,0,2017
253,Bugallon,50,40,10,2,0,5,0,1,0,0,0,2017
254,Bugasong,70,160,17,0,0,0,0,4,0,0,0,2017
255,Buguey,10,10,6,0,0,0,0,0,0,0,0,2017
256,Buguias,120,350,19,2,2,3,0,4,0,3,0,2017
257,Buhi,10,20,10,0,0,0,0,1,0,0,0,2017
258,Bula,20,20,13,1,0,0,0,1,0,0,0,2017
259,Bulakan,530,550,21,3,3,10,0,10,0,7,0,2017
260,Bulalacao,30,60,12,0,0,1,0,0,3,0,0,2017
261,Bulan,130,240,20,2,1,1,0,11,0,0,0,2017
262,Buldon,0,0,0,0,0,0,0,0,0,0,0,2017
263,Buluan,180,570,23,0,1,2,0,5,0,2,1,2017
264,Bulusan,40,130,9,0,0,0,0,1,0,0,0,2017
265,Bunawan,80,150,12,1,1,2,0,3,0,1,0,2017
266,Burauen,130,200,14,3,1,4,0,5,0,0,1,2017
267,Burdeos,10,90,7,0,0,0,0,0,0,0,0,2017
268,Burgos (IN),10,10,5,0,0,2,0,0,0,0,0,2017
269,Burgos (IS),10,10,4,0,0,0,0,1,0,0,0,2017
270,Burgos (IA),10,110,14,1,0,0,0,1,0,0,0,2017
271,Burgos (LU),10,0,7,1,0,0,0,1,0,0,0,2017
272,Burgos (PS),10,0,0,2,0,0,0,0,0,0,0,2017
273,Burgos (SN),0,0,0,0,0,0,0,0,0,0,0,2017
274,Buruanga,10,70,6,0,0,0,0,1,0,0,0,2017
275,Bustos,480,430,7,1,1,3,0,5,0,3,1,2017
276,Busuanga,0,20,9,0,0,0,0,0,0,0,0,2017
277,Butig,0,0,0,0,0,0,0,0,0,0,0,2017
278,Butuan,1270,3540,121,10,9,23,0,50,5,19,4,2017
279,Buug,160,150,9,0,1,9,0,5,0,2,0,2017
280,Caba,60,270,5,0,1,3,0,5,0,1,0,2017
281,Cabadbaran,90,280,24,1,1,3,0,2,0,1,0,2017
282,Cabagan,90,140,15,2,1,3,0,4,0,0,0,2017
283,Cabanatuan,4190,8980,45,7,20,38,0,104,20,48,9,2017
284,Cabangan,0,60,7,1,0,0,0,0,0,0,0,2017
285,Cabanglasan,0,10,9,1,0,0,0,2,0,0,0,2017
286,Cabarroguis,190,420,29,3,3,3,0,6,0,1,0,2017
287,Cabatuan (IO),100,610,7,6,1,3,0,4,0,3,1,2017
288,Cabatuan (IA),120,250,12,2,1,1,0,3,0,1,0,2017
289,Cabiao,190,250,1,0,1,2,0,3,0,2,1,2017
290,Cabucgayan,10,10,5,0,0,0,0,1,0,0,0,2017
291,Cabugao,270,720,15,2,2,9,0,2,0,0,2,2017
292,Cabusao,150,350,2,1,1,2,0,3,1,3,0,2017
293,Cabuyao,400,1300,12,0,2,7,0,11,4,4,2,2017
294,Cadiz,300,640,27,4,3,5,0,10,0,1,3,2017
295,Cagayancillo,10,0,1,0,0,0,0,0,0,0,0,2017
296,Cagayan De Oro,4250,7970,182,22,17,28,0,76,2,29,4,2017
297,Cagdianao,0,0,4,0,0,0,0,0,0,0,0,2017
298,Cagwait,0,10,5,1,0,0,0,1,0,0,0,2017
299,Caibiran,10,40,6,1,0,0,0,1,0,0,0,2017
300,Cainta,90,340,4,1,1,2,0,4,0,0,0,2017
301,Cajidiocan,50,100,6,1,1,1,0,1,0,0,0,2017
302,Calabanga,40,110,26,0,0,0,0,4,0,0,0,2017
303,Calaca,0,0,0,0,0,0,0,0,0,0,0,2017
304,Calamba (LA),1690,2880,58,2,7,12,0,28,10,18,3,2017
305,Calamba (MC),10,10,6,1,0,0,0,1,0,0,0,2017
306,Calanasan,30,90,13,1,1,1,0,1,0,1,0,2017
307,Calanogas,0,0,0,0,0,0,0,0,0,0,0,2017
308,Calapan,930,2470,67,10,9,29,1,24,9,3,3,2017
309,Calape,20,220,9,0,0,0,0,1,0,0,0,2017
310,Calasiao,50,220,24,3,0,8,0,1,0,0,0,2017
311,Calatagan,0,0,0,0,0,0,0,0,0,0,0,2017
312,Calatrava (NO),10,130,23,1,0,0,0,1,0,0,0,2017
313,Calatrava (RN),0,0,0,0,0,0,0,0,0,0,0,2017
314,Calauag,10,60,14,0,0,0,0,0,0,0,0,2017
315,Calauan,10,60,8,0,0,0,0,2,0,0,0,2017
316,Calayan,10,40,0,0,0,0,0,0,0,0,0,2017
317,Calbayog,410,280,18,5,0,3,0,17,0,0,0,2017
318,Calbiga,10,20,5,0,0,0,0,1,0,0,0,2017
319,Calinog,40,150,23,1,1,1,1,1,1,0,0,2017
320,Calintaan,10,10,6,1,0,0,0,0,1,0,0,2017
321,Caloocan,4380,4830,34,19,15,30,0,75,11,23,9,2017
322,Calubian,10,0,4,0,0,0,0,2,0,0,0,2017
323,Calumpit,500,600,24,1,3,9,0,17,0,3,3,2017
324,Caluya,70,140,9,6,0,1,0,2,0,1,0,2017
325,Camalaniugan,90,370,9,2,2,4,0,6,0,3,0,2017
326,Camalig,40,50,16,1,0,0,0,1,0,0,0,2017
327,Camaligan,0,0,0,0,0,0,0,0,0,0,0,2017
328,Camiling,350,970,31,3,3,10,0,18,2,3,3,2017
329,Canaman,20,10,11,1,0,0,0,1,0,0,0,2017
330,Can-Avid,20,40,9,0,0,0,0,2,0,0,0,2017
331,Candaba,60,160,16,1,0,1,0,3,0,0,0,2017
332,Candelaria (QN),580,1490,32,2,1,4,0,9,0,7,1,2017
333,Candelaria (ZA),140,390,8,1,1,4,0,4,0,1,2,2017
334,Candijay,30,110,12,0,0,1,0,2,0,0,0,2017
335,Candon,380,900,19,0,3,14,0,19,1,7,5,2017
336,Candoni,0,0,0,0,0,0,0,0,0,0,0,2017
337,Canlaon,50,120,15,1,1,1,0,3,0,0,0,2017
338,Cantilan,30,50,14,1,0,1,0,2,0,1,0,2017
339,Caoayan,10,10,0,1,0,0,0,0,0,0,0,2017
340,Capalonga,40,100,8,1,0,0,0,3,0,0,0,2017
341,Capas,130,290,12,1,1,4,0,4,0,2,2,2017
342,Capoocan,10,10,7,0,0,0,0,0,0,0,0,2017
343,Capul,20,80,5,2,1,1,0,3,0,0,0,2017
344,Caraga,10,10,7,1,0,0,0,1,0,0,0,2017
345,Caramoan,50,90,13,1,1,0,0,1,0,0,0,2017
346,Caramoran,20,60,12,1,0,0,0,2,0,0,0,2017
347,Carasi,10,10,2,0,0,0,0,0,0,0,0,2017
348,Carcar,0,0,0,0,0,0,0,0,0,0,0,2017
349,Cardona,290,510,17,0,1,4,0,10,0,0,0,2017
350,Carigara,60,110,10,4,1,1,0,8,0,0,0,2017
351,Carles,20,20,3,0,0,0,0,0,0,0,0,2017
352,Carmen (AN),0,20,7,1,0,0,0,1,0,0,0,2017
353,Carmen (BL),110,140,3,0,1,1,0,1,0,0,0,2017
354,Carmen (CU),10,90,9,1,0,0,0,0,0,0,0,2017
355,Carmen (NC),0,0,0,0,0,3,0,0,0,0,0,2017
356,Carmen (DN),150,330,6,1,1,4,0,5,0,3,0,2017
357,Carmen (SS),10,10,3,1,0,0,0,1,0,0,0,2017
358,Carmona,10,40,0,0,0,0,0,2,0,0,0,2017
359,Carranglan,0,0,0,0,0,0,0,0,0,0,0,2017
360,Carrascal,10,10,5,0,0,0,0,1,0,0,0,2017
361,Casiguran (AU),50,10,6,1,1,3,0,2,0,0,0,2017
362,Casiguran (SO),60,40,2,1,0,0,0,1,0,0,0,2017
363,Castilla,50,170,15,1,1,1,0,2,0,1,0,2017
364,Castillejos,10,10,9,1,0,0,0,1,0,0,,2017
365,Cataingan,20,70,0,1,0,1,0,2,0,1,0,2017
366,Catanauan,80,160,5,2,1,1,0,3,0,2,0,2017
367,Catarman (CM),30,0,16,1,0,1,0,0,0,0,0,2017
368,Catarman (NS),380,2280,25,16,3,10,0,14,4,1,1,2017
369,Catbalogan,20,10,0,0,0,0,0,11,0,0,0,2017
370,Cateel,40,80,13,1,0,1,0,2,0,0,1,2017
371,Catigbian,90,20,1,0,0,0,0,0,0,0,0,2017
372,Catmon,10,40,1,0,0,0,0,0,0,0,0,2017
373,Catubig,30,90,8,2,1,1,0,2,0,0,0,2017
374,Cauayan (IA),1030,3160,69,6,4,17,0,28,1,17,4,2017
375,Cauayan (NO),20,10,35,1,0,0,0,1,0,0,0,2017
376,Cavinti,10,10,6,0,0,0,0,0,0,0,0,2017
377,Cavite,230,320,31,1,1,4,0,6,0,0,0,2017
378,Cawayan,10,50,2,1,0,1,0,1,0,0,0,2017
379,Cebu,1175,3427,328,40,50,172,9,411,26,142,4,2017
380,Cervantes,110,380,17,2,1,3,0,3,0,1,0,2017
381,Clarin (BL),0,0,0,0,0,0,0,0,0,0,0,2017
382,Clarin (MC),100,240,9,1,1,1,0,4,0,1,0,2017
383,Claver,10,10,8,0,0,0,0,0,0,0,0,2017
384,Claveria (CG),10,20,9,0,0,0,0,2,0,0,0,2017
385,Claveria (MS),20,80,9,1,1,1,0,2,0,1,0,2017
386,Claveria (MO),60,370,12,0,1,1,0,2,0,0,0,2017
387,Columbio,20,20,15,1,0,0,0,1,0,0,0,2017
388,Compostela (CU),10,50,9,1,0,0,0,0,0,0,0,2017
389,Compostela (DDO),20,30,1,0,0,2,0,0,0,0,0,2017
390,Concepcion (IO),10,80,11,1,0,0,0,1,0,0,0,2017
391,Concepcion,10,10,1,0,0,0,0,0,0,0,0,2017
392,Concepcion (RN),10,30,3,1,0,0,0,0,0,0,0,2017
393,Concepcion (TC),560,470,28,1,2,8,0,13,0,2,1,2017
394,Conner,70,80,12,2,1,2,0,2,0,0,0,2017
395,Consolacion,0,0,0,0,0,0,0,0,0,0,0,2017
396,Corcuera,0,0,0,0,0,0,0,0,0,0,0,2017
397,Cordon,40,340,15,1,0,1,0,2,0,0,0,2017
398,Cordova,0,0,0,0,0,0,0,0,0,0,0,2017
399,Corella,0,0,0,0,0,0,0,0,0,0,0,2017
400,Coron,30,70,9,1,0,4,0,0,1,0,0,2017
401,Cortes (BL),0,0,0,0,0,0,0,0,0,0,0,2017
402,Cortes (SS),50,40,0,0,1,1,0,1,0,0,0,2017
403,Cotabato,1110,3800,189,6,10,15,0,37,0,15,3,2017
404,Cuartero,10,70,14,1,0,0,0,1,0,0,0,2017
405,Cuenca,50,160,9,1,1,3,0,3,0,1,1,2017
406,Culaba,10,20,4,0,0,0,0,0,0,0,0,2017
407,Culasi,50,180,16,0,1,1,0,2,0,0,0,2017
408,Culion,90,340,11,1,1,10,0,7,1,0,0,2017
409,Currimao,20,40,4,1,0,2,0,0,0,0,0,2017
410,Cuyapo,0,0,0,0,0,0,0,0,0,0,0,2017
411,Cuyo,40,120,14,1,1,4,0,2,1,1,0,2017
412,Daan Bantayan,30,100,29,0,0,0,0,0,0,0,0,2017
413,Daet,640,1660,46,8,6,5,0,23,0,2,4,2017
414,Dagami,0,0,0,0,0,0,0,0,0,0,0,2017
415,Dagohoy,0,0,0,0,0,0,0,0,0,0,0,2017
416,Daguioman,10,10,2,0,0,0,0,0,0,0,0,2017
417,Dagupan,3200,5950,51,12,7,86,0,73,12,11,4,2017
418,Dalaguete,20,110,25,0,0,0,0,0,0,0,0,2017
419,Damulog,0,10,8,1,0,0,0,1,0,0,0,2017
420,Danao (BL),0,0,0,0,0,0,0,0,0,0,0,2017
421,Danao (CU),140,750,22,3,1,3,0,6,0,1,0,2017
422,Dangcagan,10,0,13,1,0,1,0,1,0,0,0,2017
423,Danglas,0,10,2,0,0,0,0,0,0,0,0,2017
424,Dao,50,150,13,0,1,1,1,2,0,0,0,2017
425,Dapa,10,0,11,0,0,0,0,0,0,0,0,2017
426,Dapitan,210,460,28,2,2,5,0,11,0,3,0,2017
427,Daraga,80,260,17,2,1,2,0,7,0,0,1,2017
428,Daram,0,0,0,0,0,0,0,0,0,0,0,2017
429,Dasmarinas,2420,4860,55,1,8,21,0,39,12,44,2,2017
430,Dasol,70,220,15,0,1,8,0,4,0,0,0,2017
431,Datu Abdullah Sangki,0,0,0,0,0,0,0,0,0,0,0,2017
432,Datu Anggal Midtimbang,10,30,6,0,0,0,0,0,0,0,0,2017
433,Datu Blah Sinsuat,0,0,0,0,0,0,0,0,0,0,0,2017
434,Datu Hoffer Ampatuan,0,0,0,0,0,0,0,0,0,0,0,2017
435,Datu Odin Sinsuat,60,140,7,4,2,2,0,4,1,1,1,2017
436,Datu Paglas,0,0,0,0,0,0,0,0,0,0,0,2017
437,Datu Piang,0,0,0,0,0,0,0,0,0,0,0,2017
438,Datu Salibo,0,0,0,0,0,0,0,0,0,0,0,2017
439,Datu Saudi-Ampatuan,0,0,0,0,0,0,0,0,0,0,0,2017
440,Datu Unsay,0,0,0,0,0,0,0,0,0,0,0,2017
441,Dauin,10,20,13,0,0,0,0,0,0,0,0,2017
442,Dauis,0,0,0,0,0,0,0,0,0,0,0,2017
443,Davao,6830,1353,113,27,25,89,0,190,2,84,3,2017
444,Del Carmen,10,40,2,1,0,0,0,0,0,0,0,2017
445,Delfin Albano,50,110,9,0,0,1,0,3,0,0,0,2017
446,Del Gallego,10,0,5,0,0,0,0,1,0,0,0,2017
447,Diadi,10,10,3,1,0,0,0,0,0,0,0,2017
448,Diffun,30,240,19,2,1,2,0,3,0,1,0,2017
449,Digos,1510,2490,47,12,4,56,0,35,1,10,4,2017
450,Dilasag,0,10,7,1,0,0,0,1,0,0,0,2017
451,Dimasalang,50,90,1,0,0,1,0,1,0,0,0,2017
452,Dimataling,10,10,6,0,0,1,0,0,0,0,0,2017
453,Dimiao,0,0,0,0,0,0,0,0,0,0,0,2017
454,Dinagat,50,40,7,0,0,0,0,0,0,0,0,2017
455,Dinalungan,0,0,0,0,0,0,0,0,0,0,0,2017
456,Dinalupihan,180,470,14,1,1,4,0,8,1,1,1,2017
457,Dinapigue,10,10,4,0,0,0,0,0,0,0,0,2017
458,Dinas,0,0,0,0,0,0,0,0,0,0,0,2017
459,Dingalan,20,80,1,0,0,1,0,0,0,0,0,2017
460,Dingle,10,20,8,0,0,0,1,0,0,0,0,2017
461,Dingras,60,130,18,1,1,15,0,2,0,0,0,2017
462,Dipaculao,10,10,8,1,0,0,0,0,0,0,0,2017
463,Diplahan,0,10,4,1,0,1,0,1,0,0,0,2017
464,Dipolog,950,970,11,2,5,7,0,22,2,3,1,2017
465,Ditsaan-Ramain,0,0,0,0,0,0,0,0,0,0,0,2017
466,Divilacan,0,0,0,0,0,0,0,0,0,0,0,2017
467,Dolores (AA),50,100,6,0,0,0,0,2,0,0,0,2017
468,Dolores (ES),40,100,14,2,0,2,0,6,0,0,0,2017
469,Dolores (QN),0,0,0,0,0,0,0,0,0,0,0,2017
470,Don Carlos,10,0,0,0,0,0,0,0,0,0,0,2017
471,Don Marcelino,20,30,15,1,0,1,0,0,0,0,0,2017
472,Donsol,40,190,7,2,1,1,0,2,0,0,1,2017
473,Don Victoriano Chiongbian,10,10,4,0,0,0,0,0,0,0,0,2017
474,Dona Remedios Trinidad,10,10,5,0,1,0,0,1,0,0,0,2017
475,Duero,50,140,5,0,0,0,0,1,0,0,0,2017
476,Duenas,10,60,11,0,0,0,0,1,0,0,0,2017
477,Dulag,10,20,5,1,0,6,0,1,0,0,0,2017
478,Dumaguete,1340,4130,40,7,12,22,0,77,6,11,0,2017
479,Dumalag,10,100,13,0,0,0,0,1,0,0,0,2017
480,Dumalinao,10,10,5,0,0,1,0,0,0,0,0,2017
481,Dumalneg,10,10,1,0,0,0,0,0,0,0,0,2017
482,Dumangas,100,340,10,1,1,3,0,7,0,2,0,2017
483,Dumanjug,0,0,0,0,0,0,0,0,0,0,0,2017
484,Dumaran,0,0,9,0,0,0,0,0,0,0,0,2017
485,Dumarao,10,90,16,0,0,0,0,1,0,0,0,2017
486,Dumingag,30,40,6,0,0,0,0,1,0,0,0,2017
487,Dupax Del Norte,40,320,16,2,1,2,0,4,0,0,1,2017
488,Dupax Del Sur,10,60,11,1,0,0,0,1,0,0,0,2017
489,Echague,140,880,42,2,3,9,0,8,2,4,0,2017
490,El Nido,10,10,10,0,0,0,0,1,0,0,0,2017
491,El Salvador,30,20,6,0,0,0,0,0,0,0,0,2017
492,Enrile,10,20,8,1,0,0,0,0,0,0,0,2017
493,E. B. Magalona,10,160,16,1,0,0,0,1,0,0,0,2017
494,Enrique Villanueva,0,0,0,0,0,0,0,0,0,0,0,2017
495,Escalante,130,360,20,2,1,4,2,2,2,0,0,2017
496,Esperanza (AS),20,50,19,2,0,1,0,3,0,0,0,2017
497,Esperanza (MS),0,10,5,0,0,0,0,1,0,0,0,2017
498,Esperanza (SK),430,260,27,2,2,5,0,4,0,2,0,2017
499,Estancia,20,100,9,0,0,0,0,1,0,0,0,2017
500,Famy,10,10,2,0,0,0,0,0,0,0,0,2017
501,Ferrol,0,0,0,0,0,0,0,0,0,0,0,2017
502,Flora,40,110,11,2,1,1,0,2,0,0,0,2017
503,Floridablanca,170,360,20,3,1,1,0,14,0,1,0,2017
504,Gabaldon,30,60,4,0,0,0,0,1,0,0,0,2017
505,Gainza,10,0,3,0,0,0,0,1,0,0,0,2017
506,Galimuyod,10,10,3,0,0,0,0,0,0,0,0,2017
507,Gamay,20,60,9,1,1,1,0,2,0,0,0,2017
508,Gamu,10,10,8,0,0,0,0,0,0,0,0,2017
509,Ganassi,0,0,0,0,0,0,0,0,0,0,0,2017
510,Gandara,0,0,0,0,0,0,0,1,0,0,0,2017
511,Gapan,420,630,3,2,1,4,0,8,1,2,4,2017
512,Garchitorena,20,60,5,0,0,0,0,3,0,0,0,2017
513,Garcia-Hernandez,20,20,0,0,0,0,0,1,0,0,0,2017
514,Gasan,10,20,6,0,0,6,0,0,1,0,0,2017
515,Gattaran,40,80,11,2,0,0,0,2,0,0,0,2017
516,Gen. Emilio Aguinaldo,0,0,0,0,0,0,0,0,0,0,0,2017
517,General Luna (QN),0,0,0,0,0,0,0,0,0,0,0,2017
518,General Luna  (SN),0,0,6,0,0,0,0,0,0,0,0,2017
519,General Macarthur,20,40,8,1,0,0,0,4,0,0,0,2017
520,General Mamerto Natividad,0,50,1,1,0,1,0,0,0,0,0,2017
521,General Nakar,0,0,0,0,0,0,0,0,0,0,0,2017
522,General Santos,1890,7520,116,7,16,23,0,54,11,22,7,2017
523,General Tinio,20,70,7,1,0,0,0,1,0,0,0,2017
524,General Trias,670,1480,4,2,3,5,0,16,0,9,0,2017
525,Gen. Mariano Alvarez,50,150,8,0,1,2,0,2,0,0,0,2017
526,Gen S.K Pendatun,0,0,0,0,0,0,0,0,0,0,0,2017
527,Gerona,50,100,15,0,1,1,0,3,0,0,0,2017
528,Getafe,10,90,8,0,0,0,0,0,0,0,0,2017
529,Gigaquit,20,50,4,1,1,2,0,0,0,0,0,2017
530,Gigmoto,20,40,3,1,1,1,0,1,0,0,0,2017
531,Ginatilan,0,0,0,0,0,1,0,0,0,0,0,2017
532,Gingoog,380,870,65,3,1,4,0,9,0,3,0,2017
533,Giporlos,0,0,3,0,0,0,0,1,0,0,0,2017
534,Gitagum,0,0,4,0,0,0,0,0,0,0,0,2017
535,Glan,30,190,4,0,0,1,0,2,0,1,0,2017
536,Gloria,40,170,18,0,0,5,0,1,0,0,0,2017
537,Goa,180,360,19,5,1,2,0,10,0,0,1,2017
538,Godod,10,20,6,0,0,0,0,0,0,0,0,2017
539,Gonzaga,90,350,16,2,1,1,0,4,0,1,0,2017
540,Governor Generoso,70,200,18,0,3,5,0,5,0,0,1,2017
541,Gregorio Del Pilar,20,20,5,0,0,0,0,0,0,0,0,2017
542,Guagua,270,800,62,9,5,8,0,25,0,0,0,2017
543,Gubat,110,150,25,8,1,1,0,6,0,1,0,2017
544,Guiguinto (BU),390,300,11,1,0,1,0,12,0,1,0,2017
545,Guihulngan,90,300,33,1,1,1,0,5,0,0,1,2017
546,Guimba,160,380,15,2,0,4,0,7,0,0,3,2017
547,Guimbal,100,290,1,1,0,2,0,6,0,2,0,2017
548,Guinayangan,40,110,0,0,0,1,0,2,0,1,0,2017
549,Guindulman,60,20,0,0,0,1,0,1,0,0,0,2017
550,Guindulungan,0,0,0,0,0,0,0,0,0,0,0,2017
551,Guinobatan,130,200,18,1,0,0,0,3,0,0,0,2017
552,Guinsiliban,10,40,2,0,0,0,0,0,0,0,0,2017
553,Guipos,0,0,0,0,0,0,0,0,0,0,0,2017
554,Guiuan,110,90,10,0,0,1,0,8,0,0,0,2017
555,Gumaca,160,590,8,0,1,1,0,5,0,0,2,2017
556,Gutalac,10,50,5,0,0,1,0,1,0,0,0,2017
557,Hadji Mohammad Ajul,0,0,0,0,0,0,0,0,0,0,0,2017
558,Hadji Muhtamad,0,0,0,0,0,0,0,0,0,0,0,2017
559,Hadji Panglima Tahil,0,0,0,0,0,0,0,0,0,0,0,2017
560,Hagonoy (BU),280,440,31,2,1,4,0,5,1,2,0,2017
561,Hagonoy (DS),80,200,13,1,0,1,0,1,0,0,0,2017
562,Hamtic,20,10,12,0,0,0,0,1,0,0,0,2017
563,Hermosa,10,50,16,1,0,0,0,1,0,0,0,2017
564,Hernani,10,10,5,0,0,0,0,0,0,0,0,2017
565,Hilongos,80,120,19,3,1,1,0,7,0,0,0,2017
566,Himamaylan,100,420,37,2,1,2,0,3,1,0,1,2017
567,Hinabangan,0,0,0,0,0,0,0,0,0,0,0,2017
568,Hinatuan,70,140,20,2,1,2,0,3,0,1,0,2017
569,Hindang,10,0,7,0,0,0,0,1,0,0,0,2017
570,Hingyon,10,10,4,0,0,0,0,0,0,0,0,2017
571,Hinigaran,0,0,0,0,0,0,0,0,0,0,0,2017
572,Hinobaan,30,200,22,0,1,1,0,2,0,1,0,2017
573,Hinunangan,60,110,11,1,0,5,0,2,0,0,0,2017
574,Hinundayan,10,30,6,0,0,0,0,3,0,0,0,2017
575,Hungduan,30,80,11,0,1,1,0,2,0,0,0,2017
576,Iba,360,1320,17,3,4,5,0,11,1,4,0,2017
577,Ibaan,80,160,2,0,1,3,0,3,0,1,2,2017
578,Ibajay,20,150,13,1,0,0,0,1,0,0,0,2017
579,Igbaras,0,0,0,0,0,0,0,0,0,0,0,2017
580,Iguig,10,50,10,2,0,0,0,1,0,0,0,2017
581,Ilagan,730,1970,115,6,9,18,0,30,0,9,3,2017
582,Iligan,1450,3240,81,4,8,14,0,24,5,2,4,2017
583,Ilog,10,120,22,1,0,0,0,1,0,0,0,2017
584,Iloilo,1132,1386,180,27,38,86,1,227,37,86,16,2017
585,Imelda,30,40,3,2,0,6,0,1,0,0,0,2017
586,Impasug-Ong,10,20,16,1,0,0,0,1,0,0,0,2017
587,Imus,950,2480,9,0,6,7,2,17,16,29,1,2017
588,Inabanga,40,150,0,0,0,1,0,3,0,0,1,2017
589,Indanan,0,0,0,0,0,0,0,0,0,0,0,2017
590,Indang,0,0,0,0,0,0,0,0,0,0,0,2017
591,Infanta (PS),0,10,7,0,0,4,0,1,0,0,0,2017
592,Infanta (QN),60,250,5,1,1,1,0,3,0,1,0,2017
593,Initao,100,190,14,1,1,2,0,3,0,0,0,2017
594,Inopacan,10,10,5,0,0,0,0,1,0,0,0,2017
595,Ipil,450,1420,18,3,3,29,0,18,0,6,3,2017
596,Iriga,650,1810,35,7,4,6,0,16,0,4,4,2017
597,Irosin,140,360,21,2,1,1,0,3,0,2,0,2017
598,Isabel,110,100,3,3,1,1,0,4,0,0,0,2017
599,Isabela (BAS),320,1090,40,3,4,21,0,21,0,6,3,2017
600,Isabela (NO),0,0,0,0,0,0,0,0,0,0,0,2017
601,Igacos,230,480,8,3,2,4,0,8,0,4,0,2017
602,Isulan,380,630,32,8,4,17,0,14,1,4,0,2017
603,Itbayat,0,40,6,1,0,0,0,0,0,0,0,2017
604,Itogon,20,70,20,2,1,1,0,1,0,0,0,2017
605,Ivana,10,20,2,0,0,0,0,0,0,0,0,2017
606,Ivisan,10,10,8,0,0,0,0,1,0,0,0,2017
607,Jabonga,20,40,12,1,0,1,0,1,0,0,0,2017
608,Jaen,10,20,9,1,0,0,0,0,0,0,0,2017
609,Jagna,90,660,10,0,1,2,0,5,0,1,0,2017
610,Jalajala,10,10,2,0,0,0,0,0,0,0,0,2017
611,Jamindan,30,120,17,0,0,1,2,1,0,0,0,2017
612,Janiuay,60,130,0,1,1,1,0,4,0,0,0,2017
613,Jaro,10,20,13,0,0,0,0,1,0,0,0,2017
614,Jasaan,40,30,17,0,0,0,0,1,0,0,0,2017
615,Javier,0,0,0,0,0,0,0,0,0,0,0,2017
616,Jiabong,0,0,0,0,0,0,0,0,0,0,0,2017
617,Jimalalud,0,0,0,0,0,0,0,0,0,0,0,2017
618,Jimenez,10,50,9,0,0,0,0,2,0,0,0,2017
619,Jipapad,0,0,0,0,0,0,0,0,0,0,0,2017
620,Jolo,190,310,4,2,1,1,0,4,0,0,1,2017
621,Jomalig,20,70,2,0,0,0,0,0,0,0,0,2017
622,Jones,40,60,22,0,1,1,0,0,0,0,0,2017
623,Jordan,20,380,21,4,3,4,0,17,2,0,0,2017
624,Jose Abad Santos,40,20,2,1,0,1,0,0,0,0,0,2017
625,Jose Dalman,10,20,5,0,0,0,0,0,0,0,0,2017
626,Josefina,10,10,1,0,0,0,0,0,0,0,0,2017
627,Jose Panganiban,100,230,12,1,0,1,0,3,0,0,1,2017
628,Jovellar,10,10,6,1,0,0,0,1,0,0,0,2017
629,Juban,10,0,6,0,0,0,0,1,0,0,0,2017
630,Julita,10,0,3,0,0,0,0,0,0,0,0,2017
631,Kabacan,360,770,31,2,3,14,0,12,0,3,4,2017
632,Kabankalan,30,240,8,2,0,0,0,0,0,0,0,2017
633,Kabasalan,60,170,1,0,1,10,0,2,0,1,0,2017
634,Kabayan,10,0,9,0,0,0,0,0,0,0,0,2017
635,Kabugao,20,60,10,1,1,1,0,2,0,1,0,2017
636,Kabuntalan,10,30,8,0,0,0,0,0,0,0,0,2017
637,Kadingilan,20,10,7,0,0,0,0,2,0,0,0,2017
638,Kalamansig,20,40,3,0,1,6,0,1,0,0,0,2017
639,Kalawit,10,10,10,0,0,0,0,0,0,0,0,2017
640,Kalayaan (LA),20,10,5,0,0,0,0,0,0,0,0,2017
641,Kalayaan (PN),0,0,0,0,0,0,0,0,0,0,0,2017
642,Kalibo,1150,1260,6,5,6,12,3,14,3,4,6,2017
643,Kalilangan,30,170,6,0,1,1,0,2,0,1,0,2017
644,Kalingalan Caluang,0,0,0,0,0,0,0,0,0,0,0,2017
645,Kananga,20,60,8,0,0,0,0,2,0,0,0,2017
646,Kapai,0,0,0,0,0,0,0,0,0,0,0,2017
647,Kapalong,120,170,8,0,0,2,0,3,0,1,0,2017
648,Kapangan,40,80,11,0,0,1,0,3,0,1,0,2017
649,Kapatagan (LN),50,120,7,2,1,1,0,3,0,0,0,2017
650,Kapatagan (LS),0,0,0,0,0,0,0,0,0,0,0,2017
651,Kasibu,40,310,19,2,1,2,0,3,0,0,0,2017
652,Katipunan,10,20,14,0,0,1,0,1,0,0,0,2017
653,Kauswagan,0,0,0,0,0,0,0,0,0,0,0,2017
654,Kawayan,10,0,6,0,0,0,0,1,0,0,0,2017
655,Kawit,0,0,0,0,0,0,0,0,0,0,0,2017
656,Kayapa,50,80,13,1,1,2,0,2,0,1,0,2017
657,Kiamba,40,90,11,2,1,1,0,2,0,0,0,2017
658,Kiangan,10,10,7,1,0,0,0,2,0,0,0,2017
659,Kibawe,230,50,9,0,0,0,0,1,0,0,0,2017
660,Kiblawan,50,70,6,2,1,3,0,1,0,0,0,2017
661,Kibungan,0,0,8,0,0,0,0,1,0,0,0,2017
662,Kidapawan,1560,5430,144,5,15,51,1,70,3,14,5,2017
663,Kinoguitan,0,0,0,0,0,0,0,0,0,0,0,2017
664,Kitaotao,10,30,19,1,0,1,0,1,0,0,0,2017
665,Kitcharao,50,90,8,1,0,1,0,2,0,0,1,2017
666,Kolambugan,10,10,6,0,0,0,0,1,0,0,0,2017
667,Koronadal,860,2220,65,3,4,40,0,36,3,13,1,2017
668,Kumalarang,20,80,9,0,0,0,0,1,0,0,0,2017
669,Laak,160,190,0,0,0,1,0,3,0,0,0,2017
670,Labangan,20,20,5,0,0,0,0,0,0,0,0,2017
671,Labason,100,70,12,0,1,5,0,2,0,0,0,2017
672,Labo,160,530,32,1,1,2,0,13,0,2,0,2017
673,Labrador,60,120,9,0,0,5,0,2,0,0,0,2017
674,La Carlota,90,540,27,3,2,5,1,5,0,4,0,2017
675,La Castellana,0,0,0,0,0,0,0,0,0,0,0,2017
676,Lacub,10,60,6,0,0,0,0,0,0,0,0,2017
677,Lagangilang,0,10,3,0,0,0,0,0,0,0,0,2017
678,Lagawe,210,410,10,0,2,1,0,3,0,1,0,2017
679,Lagayan,0,10,1,0,0,0,0,0,0,0,0,2017
680,Lagonglong,0,0,0,0,0,0,0,0,0,0,0,2017
681,Lagonoy,0,0,0,0,0,0,0,0,0,0,0,2017
682,Laguindingan,0,0,0,0,0,0,0,0,0,0,0,2017
683,Lake Sebu,30,40,4,0,1,1,0,1,0,0,0,2017
684,Lakewood,10,10,0,0,0,0,0,0,0,0,0,2017
685,Lala,70,370,10,0,1,1,0,8,0,1,0,2017
686,La Libertad (NR),20,20,2,0,0,0,0,0,0,0,0,2017
687,La Libertad (ZN),20,110,8,0,0,0,0,0,0,0,0,2017
688,Lallo,30,20,8,1,0,0,0,0,0,0,0,2017
689,Lambayong,70,130,21,0,1,5,0,5,0,0,0,2017
690,Lambunao,100,240,0,1,0,3,0,5,0,2,1,2017
691,Lamitan,90,260,5,2,1,2,0,3,0,2,0,2017
692,Lamut,50,60,8,1,1,1,0,2,0,0,0,2017
693,Langiden,0,10,2,0,0,0,0,0,0,0,0,2017
694,Languyan,10,40,3,0,0,1,0,1,0,1,0,2017
695,Lantapan,20,40,11,1,0,3,0,2,0,0,0,2017
696,Lantawan,0,0,0,0,0,0,0,0,0,0,0,2017
697,Lanuza,10,10,6,1,0,0,0,1,0,0,0,2017
698,Laoac,0,0,0,0,0,1,0,0,0,0,0,2017
699,Laoag,1090,2690,69,9,3,53,0,26,4,9,1,2017
700,Laoang,10,10,13,1,0,0,0,3,0,0,0,2017
701,La Paz (AA),20,140,8,0,1,1,0,1,0,0,0,2017
702,La Paz (AS),30,50,6,1,0,1,0,2,0,0,0,2017
703,La Paz (LE),10,10,5,0,0,1,0,0,0,0,0,2017
704,La Paz (TC),50,110,15,1,0,1,0,5,0,0,0,2017
705,Lapinig,0,0,0,0,0,0,0,0,0,0,0,2017
706,Lapu Lapu,280,2260,43,2,6,16,1,33,8,8,2,2017
707,Lapuyan,10,30,6,0,0,0,0,0,0,0,0,2017
708,Larena,0,0,0,0,0,0,0,0,0,0,0,2017
709,Lasam,60,180,9,1,0,3,0,3,0,3,0,2017
710,Las Navas,10,10,8,0,0,2,0,1,0,0,0,2017
711,Las Nieves,10,40,7,1,0,1,0,2,0,0,0,2017
712,Las Pinas,4860,4910,111,30,10,29,1,66,24,26,13,2017
713,La Trinidad,620,950,17,4,2,7,0,8,0,3,0,2017
714,Laua-An,10,20,8,0,0,0,0,1,0,0,0,2017
715,Laur,10,100,6,1,0,0,0,1,0,0,0,2017
716,Laurel,0,0,0,0,0,0,0,0,0,0,0,2017
717,Lavezares,10,20,6,0,0,0,0,1,0,0,0,2017
718,Lawaan,10,40,7,0,0,0,0,1,0,0,0,2017
719,Lazi,20,30,5,0,0,0,0,1,0,0,0,2017
720,Lebak,50,50,19,0,0,5,0,0,0,0,0,2017
721,Leganes,10,20,5,0,0,0,1,0,0,0,0,2017
722,Legazpi,2520,6140,58,6,12,19,2,53,6,10,8,2017
723,Lemery (BS),1120,1790,15,2,3,11,0,16,3,14,3,2017
724,Lemery (IO),0,0,0,0,0,0,0,0,0,0,0,2017
725,Leon,10,100,13,1,0,0,0,1,0,0,0,2017
726,Leyte,10,10,7,0,0,0,0,0,0,0,0,2017
727,Lezo,0,60,4,0,0,0,0,0,0,0,0,2017
728,Lian,130,60,3,0,1,2,0,1,0,0,0,2017
729,Lianga,50,60,9,2,1,1,0,3,0,0,0,2017
730,Libacao,20,30,0,1,0,0,0,1,0,0,0,2017
731,Libagon,10,10,4,0,0,0,0,0,0,0,0,2017
732,Libertad (AE),10,10,9,0,0,0,0,0,0,0,0,2017
733,Libertad (MO),10,10,2,0,0,0,0,0,0,0,0,2017
734,Libjo,30,60,7,0,1,1,0,2,0,0,0,2017
735,Libmanan,60,370,39,2,1,1,0,9,0,1,2,2017
736,Libon,60,120,14,1,0,1,0,3,0,0,0,2017
737,Libona,10,0,1,0,0,0,0,1,0,0,0,2017
738,Libungan,10,80,15,1,0,1,0,1,0,0,0,2017
739,Licab,10,30,4,1,0,0,0,0,0,0,0,2017
740,Licuan-Baay,10,20,2,0,0,0,0,0,0,0,0,2017
741,Lidlidda,10,50,3,0,0,0,0,0,0,0,0,2017
742,Ligao,160,680,20,2,1,3,0,10,0,2,1,2017
743,Lila,10,50,4,0,0,0,0,0,0,0,0,2017
744,Liliw,10,20,8,0,0,0,0,0,0,0,0,2017
745,Liloan (CU),10,60,16,1,0,4,0,0,0,0,0,2017
746,Liloan (SL),20,20,9,1,0,0,0,0,0,0,0,2017
747,Liloy,50,170,15,2,1,8,0,3,0,1,0,2017
748,Limasawa,20,40,6,1,0,0,0,1,0,0,0,2017
749,Limay,30,40,2,1,1,1,0,2,0,0,0,2017
750,Linamon,10,20,6,1,0,0,0,1,0,0,0,2017
751,Linapacan,10,60,9,1,0,0,0,0,0,0,0,2017
752,Lingayen,310,700,28,18,6,30,0,20,1,1,2,2017
753,Lingig,40,120,15,1,0,0,0,2,0,0,0,2017
754,Lipa,1590,5390,30,1,8,20,0,58,7,22,11,2017
755,Llanera,20,130,14,0,0,0,0,1,0,0,1,2017
756,Llorente,20,20,8,1,0,3,0,2,0,0,0,2017
757,Loay,0,60,6,2,0,0,0,0,0,0,0,2017
758,Lobo,40,150,7,1,1,2,0,2,0,0,1,2017
759,Loboc,10,10,5,1,0,0,0,0,0,0,0,2017
760,Looc (OM),0,20,2,1,0,0,0,0,0,0,0,2017
761,Looc (RN),60,130,13,0,1,1,0,1,0,0,0,2017
762,Loon,20,90,15,0,0,0,0,0,0,0,0,2017
763,Lope De Vega,0,10,6,0,0,0,0,0,0,0,0,2017
764,Lopez,0,0,0,0,0,0,0,0,0,0,0,2017
765,Lopez Jaena,20,50,5,0,0,0,0,1,0,0,0,2017
766,Loreto (AS),20,50,10,0,0,1,0,0,0,0,0,2017
767,Loreto (DI),30,40,7,0,0,0,0,1,0,0,0,2017
768,Los Banos,520,1630,8,2,5,6,0,14,4,16,1,2017
769,Luba,10,10,6,0,0,0,0,0,0,0,0,2017
770,Lubang,90,170,18,2,1,4,0,1,2,0,0,2017
771,Lubao,680,550,24,2,1,2,0,9,0,1,0,2017
772,Lubuagan,40,150,7,1,1,0,0,2,0,1,0,2017
773,Lucban,120,70,4,0,1,2,0,3,0,0,1,2017
774,Lucena,2880,5350,60,27,14,17,1,40,8,21,1,2017
775,Lugait,10,10,6,1,0,0,0,1,0,0,0,2017
776,Lugus,0,0,0,0,0,0,0,0,0,0,0,2017
777,Luisiana,70,180,6,3,1,2,0,3,0,0,0,2017
778,Lumba-Bayabao,0,0,0,0,0,0,0,0,0,0,0,2017
779,Lumbaca-Unayan,0,0,0,0,0,0,0,0,0,0,0,2017
780,Lumban,10,40,9,0,0,0,0,0,0,0,0,2017
781,Lumbatan,0,0,0,0,0,0,0,0,0,0,0,2017
782,Lumbayanague,0,0,0,0,0,0,0,0,0,0,0,2017
783,Luna (AO),380,850,25,1,1,6,0,11,0,7,0,2017
784,Luna (IA),10,60,6,0,0,0,0,1,0,0,0,2017
785,Luna (LU),10,10,12,1,0,0,0,0,0,0,0,2017
786,Lupao,10,10,4,1,0,0,0,1,0,0,0,2017
787,Lupi,10,10,8,0,0,0,0,1,0,0,0,2017
788,Lupon,50,130,32,1,1,5,0,3,0,1,0,2017
789,Lutayan,10,20,7,0,0,0,0,0,0,0,0,2017
790,Luuk,70,80,15,1,0,1,0,2,0,0,0,2017
791,Maasim,40,50,9,1,1,1,0,1,0,0,0,2017
792,Maasin (IO),0,0,0,0,0,0,0,0,0,0,0,2017
793,Maasin (SL),340,1030,25,8,2,21,0,19,3,2,0,2017
794,Ma-Ayon,10,70,12,0,0,0,0,0,0,0,0,2017
795,Mabalacat,1080,2240,30,3,1,4,0,9,1,1,4,2017
796,Mabinay,50,120,30,0,1,0,0,3,0,0,0,2017
797,Mabini (BS),0,0,0,0,0,0,0,0,0,0,0,2017
798,Mabini (BL),10,10,2,0,0,0,0,0,0,0,0,2017
799,Mabini (CV),0,0,0,0,0,0,0,0,0,0,0,2017
800,Mabini (PS),20,10,3,3,0,1,0,0,0,0,0,2017
801,Mabitac,20,10,4,0,0,0,0,1,0,0,0,2017
802,Mabuhay,10,20,6,0,0,2,0,0,0,0,0,2017
803,Macabebe,280,260,16,2,1,2,0,5,0,0,0,2017
804,Macalelon,0,0,0,0,0,0,0,0,0,0,0,2017
805,Macarthur,10,10,1,0,0,0,0,1,0,0,0,2017
806,Maco,20,50,0,0,0,0,0,1,0,0,0,2017
807,Maconacon,10,70,6,0,0,0,0,1,0,0,0,2017
808,Macrohon,30,10,4,0,0,0,0,0,0,0,0,2017
809,Madalag,20,110,8,1,0,1,1,1,0,0,0,2017
810,Madalum,10,70,2,0,0,0,0,0,0,0,0,2017
811,Madamba,0,0,0,0,0,0,0,0,0,0,0,2017
812,Maddela,50,170,30,2,1,6,0,4,0,1,0,2017
813,Madrid,80,300,8,2,1,1,0,3,0,1,0,2017
814,Madridejos,0,0,0,0,0,0,0,0,0,0,0,2017
815,Magalang,70,130,13,0,0,0,0,1,0,0,0,2017
816,Magallanes (AN),50,110,6,1,0,0,0,2,0,0,0,2017
817,Magallanes (CE),0,0,0,0,0,0,0,0,0,0,0,2017
818,Magallanes (SO),20,80,3,0,0,0,0,1,0,0,0,2017
819,Magarao,10,40,1,0,0,0,0,1,0,0,0,2017
820,Magdalena,10,20,3,0,0,0,0,0,0,0,0,2017
821,Magdiwang,10,20,5,1,0,0,0,0,0,0,0,2017
822,Magpet,0,0,0,0,0,0,0,0,0,0,0,2017
823,Magsaysay (DS),10,20,10,1,0,2,0,1,0,0,0,2017
824,Magsaysay (LN),10,70,4,0,0,0,0,1,0,0,0,2017
825,Magsaysay (MO),30,50,4,1,0,1,0,2,0,0,0,2017
826,Magsaysay (OM),0,0,0,0,0,0,0,0,0,0,0,2017
827,Magsaysay (PN),10,0,0,0,0,0,0,0,0,0,0,2017
828,Magsingal,40,230,9,7,0,6,0,2,0,2,0,2017
829,Maguing,0,0,0,0,0,0,0,0,0,0,0,2017
830,Mahaplag,0,20,4,0,0,0,0,0,0,0,0,2017
831,Mahatao,0,0,1,0,0,0,0,0,0,0,0,2017
832,Mahayag,20,120,0,0,0,0,0,2,0,0,0,2017
833,Mahinog,0,0,0,0,0,0,0,0,0,0,0,2017
834,Maigo,10,110,10,0,0,0,0,1,0,0,0,2017
835,Maimbung,0,0,0,0,0,0,0,0,0,0,0,2017
836,Mainit,10,30,7,0,0,0,0,1,0,0,0,2017
837,Maitum,40,70,10,1,0,1,0,2,0,0,0,2017
838,Majayjay,60,100,7,0,0,1,0,2,0,0,0,2017
839,Makati,1299,1486,141,49,27,108,4,326,37,107,19,2017
840,Makato,20,80,9,0,0,0,0,0,0,0,0,2017
841,Makilala,40,170,19,1,1,8,0,4,0,1,0,2017
842,Malabang,50,200,16,1,0,1,0,2,0,0,1,2017
843,Malabon,290,390,24,3,1,4,0,22,0,6,3,2017
844,Malabuyoc,30,100,1,1,1,6,0,1,0,0,0,2017
845,Malalag,80,170,2,0,0,0,0,5,0,1,0,2017
846,Malangas,30,60,11,1,0,3,0,1,0,0,0,2017
847,Malapatan,10,20,8,1,0,0,0,0,0,0,0,2017
848,Malasiqui,190,500,36,8,0,18,0,5,0,1,0,2017
849,Malay,150,360,14,1,2,4,0,5,0,1,1,2017
850,Malaybalay,790,1820,54,6,5,5,0,20,0,5,1,2017
851,Malibcong,10,50,6,0,0,0,0,0,0,0,0,2017
852,Malilipot,10,30,9,0,0,0,0,1,0,0,0,2017
853,Malimono,10,40,3,0,0,0,0,0,0,0,0,2017
854,Malinao (AK),0,0,0,0,0,0,0,0,0,0,0,2017
855,Malinao (AY),30,140,10,1,0,0,0,1,0,0,0,2017
856,Malita,150,370,6,1,1,3,0,5,0,2,2,2017
857,Malitbog (BK),10,10,8,1,0,0,0,1,0,0,0,2017
858,Malitbog (SL),10,10,7,0,0,0,0,0,0,0,0,2017
859,Mallig,10,80,9,1,0,0,0,1,0,0,0,2017
860,Malolos,1360,2710,40,13,10,17,0,38,1,14,5,2017
861,Malungon,40,60,29,1,0,1,0,2,0,0,1,2017
862,Maluso,0,0,0,0,0,0,0,0,0,0,0,2017
863,Malvar,50,90,6,0,0,0,0,3,0,0,0,2017
864,Mamasapano,0,0,0,0,0,0,0,0,0,0,0,2017
865,Mambajao,180,660,16,2,2,3,0,4,1,0,0,2017
866,Mamburao,160,280,4,3,4,2,0,0,3,0,0,2017
867,Mambusao,50,260,13,0,1,2,3,1,0,0,0,2017
868,Manabo,10,10,5,0,0,0,0,1,0,0,0,2017
869,Manaoag,130,180,14,6,1,9,0,1,0,0,1,2017
870,Manapla,10,10,14,1,0,0,0,1,1,0,0,2017
871,Manay,40,90,15,1,0,1,0,3,0,2,0,2017
872,Mandaluyong,3200,3290,70,44,2,23,1,92,12,15,2,2017
873,Mandaon,40,10,6,1,0,1,0,1,0,0,0,2017
874,Mandaue,530,1790,19,5,3,8,0,20,0,7,1,2017
875,Mangaldan,70,130,19,14,0,17,0,5,0,0,0,2017
876,Mangatarem,80,510,27,1,1,19,0,6,0,3,1,2017
877,Mangudadatu,0,0,0,0,0,0,0,0,0,0,0,2017
878,Manila,29470,25341,949,216,100,212,10,653,61,181,,2017
879,Manito,20,90,4,1,0,0,0,2,0,0,0,2017
880,Manjuyod,10,10,13,0,0,0,0,1,0,0,0,2017
881,Mankayan,70,250,18,1,1,1,0,2,0,1,0,2017
882,Manolo Fortich,170,400,25,1,0,0,0,1,1,1,2,2017
883,Mansalay,40,170,9,1,0,2,0,0,1,0,0,2017
884,Manticao,160,250,12,0,0,1,0,2,0,0,0,2017
885,Manukan,30,30,13,0,0,2,0,1,0,0,0,2017
886,Mapanas,10,40,2,0,0,0,0,1,0,0,0,2017
887,Mapandan,60,190,13,2,1,3,0,3,0,0,0,2017
888,Mapun,20,130,23,0,1,1,0,3,0,0,0,2017
889,Marabut,0,0,0,0,0,0,0,1,0,0,0,2017
890,Maragondon,40,80,0,1,0,1,0,1,0,0,0,2017
891,Maragusan,70,290,4,0,1,2,0,4,0,0,0,2017
892,Maramag,520,840,43,2,1,12,0,7,0,5,0,2017
893,Marantao,0,0,0,0,0,0,0,0,0,0,0,2017
894,Marawi,880,320,13,4,1,5,0,9,0,0,0,2017
895,Marcos,120,150,14,2,2,2,0,4,1,1,0,2017
896,Margosatubig,240,270,13,1,1,3,0,4,0,3,0,2017
897,Maria,0,0,0,0,0,0,0,0,0,0,0,2017
898,Maria Aurora,30,80,9,1,0,0,0,2,0,0,0,2017
899,Maribojoc,40,160,7,0,0,1,0,1,0,0,0,2017
900,Marihatag,60,50,7,0,1,1,0,1,0,0,0,2017
901,Marikina,2110,3030,49,5,9,22,1,58,8,28,6,2017
902,Marilao,20,10,11,2,0,0,0,1,0,0,0,2017
903,Maripipi,0,10,5,0,0,0,0,1,0,0,0,2017
904,Mariveles,70,230,7,2,0,0,0,3,0,0,0,2017
905,Marogong,0,0,0,0,0,0,0,0,0,0,0,2017
906,Masbate,400,400,18,2,0,7,1,11,1,1,4,2017
907,Masinloc,0,10,0,0,0,0,0,0,0,0,0,2017
908,Masiu,0,0,0,0,0,0,0,0,0,0,0,2017
909,Maslog,0,0,3,0,0,0,0,0,0,0,0,2017
910,Masantol,20,20,7,1,0,0,0,1,0,0,0,2017
911,Mataasnakahoy,50,100,6,0,0,0,0,2,0,1,0,2017
912,Matag-Ob,10,10,7,0,0,0,0,0,0,0,0,2017
913,Matalam,0,0,0,0,0,3,0,0,0,0,0,2017
914,Matalom,10,50,10,0,0,0,0,1,0,0,0,2017
915,Matanao,50,10,0,0,0,2,0,0,0,0,0,2017
916,Matanog,0,0,0,0,0,0,0,0,0,0,0,2017
917,Mati,590,940,60,4,5,4,0,13,0,1,0,2017
918,Matnog,60,210,13,0,0,0,0,2,0,0,0,2017
919,Matuguinao,0,0,0,0,0,0,0,0,0,0,0,2017
920,Matungao,0,0,0,0,0,0,0,0,0,0,0,2017
921,Mauban,30,70,0,1,1,1,0,2,0,0,0,2017
922,Mawab,90,110,0,0,0,2,0,1,0,1,0,2017
923,Mayantoc,10,20,3,1,0,0,0,0,0,0,0,2017
924,Maydolong,10,20,8,0,0,0,0,0,0,0,0,2017
925,Mayorga,0,10,1,0,0,0,0,1,0,0,0,2017
926,Mayoyao,30,80,11,1,1,1,0,2,0,1,0,2017
927,Medellin,30,160,1,0,0,0,0,1,0,0,1,2017
928,Medina,10,0,8,0,0,0,0,0,0,0,0,2017
929,Mendez,0,0,0,0,0,0,0,0,0,0,0,2017
930,Mercedes,70,500,13,1,1,2,0,5,0,4,1,2017
931,Mercedes (ES),10,10,2,0,0,0,0,0,0,0,0,2017
932,Merida,0,0,0,0,0,0,0,0,0,0,0,2017
933,Mexico,30,30,18,0,0,0,0,2,0,0,0,2017
934,Meycauayan,2060,2630,54,7,4,14,0,45,2,28,1,2017
935,Miag-ao,20,60,13,1,0,0,0,1,0,0,0,2017
936,Midsalip,10,20,5,0,0,1,0,0,0,0,0,2017
937,Midsayap,300,1020,50,2,3,19,0,17,0,3,2,2017
938,Milagros,20,10,0,0,0,0,0,0,0,0,0,2017
939,Milaor,20,20,5,1,0,0,0,1,0,0,0,2017
940,Mina,0,0,0,0,0,0,0,0,0,0,0,2017
941,Minalabac,10,10,15,0,0,0,0,1,0,0,0,2017
942,Minalin,10,10,9,1,0,0,0,1,0,0,0,2017
943,Minglanilla,70,130,7,1,1,1,0,1,0,0,0,2017
944,Mlang,190,350,11,0,1,12,0,4,0,2,0,2017
945,Moalboal,0,90,2,0,0,0,0,1,0,0,0,2017
946,Mobo,10,10,1,1,0,0,0,1,0,0,0,2017
947,Mogpog,20,30,6,0,0,5,0,0,1,0,0,2017
948,Moises Padilla,10,10,11,1,0,0,0,1,0,0,0,2017
949,Molave,450,620,13,1,1,6,0,7,0,3,0,2017
950,Moncada,50,50,14,2,0,0,0,1,0,0,0,2017
951,Mondragon,10,0,3,0,0,0,0,1,0,0,0,2017
952,Monkayo,0,0,0,0,0,0,0,0,0,0,0,2017
953,Monreal,10,100,10,0,0,0,0,1,0,0,0,2017
954,Montevista,200,650,18,1,3,8,0,6,0,3,0,2017
955,Morong (BN),20,40,11,1,0,0,0,1,0,0,1,2017
956,Morong (RL),170,80,11,0,1,0,0,1,0,0,0,2017
957,Motiong,0,0,0,0,0,0,0,0,0,0,0,2017
958,Mulanay,0,0,0,0,0,0,0,0,0,0,0,2017
959,Mulondo,0,0,0,0,0,0,0,0,0,0,0,2017
960,Munai,0,0,0,0,0,0,0,0,0,0,0,2017
961,Muntinlupa,1094,7450,91,58,21,51,1,130,36,60,7,2017
962,Murcia,10,300,35,0,0,0,0,1,0,0,0,2017
963,Mutia,10,20,8,0,0,0,0,0,0,0,0,2017
964,Naawan,10,10,6,0,0,0,0,0,0,0,0,2017
965,Nabas,10,90,9,0,0,0,0,0,0,0,0,2017
966,Nabua,100,770,44,4,0,1,0,4,1,1,1,2017
967,Nabunturan,160,170,6,2,2,4,0,9,0,0,2,2017
968,Naga (CS),2940,7020,133,7,15,13,1,49,19,19,5,2017
969,Naga (CU),0,470,6,0,2,12,0,18,2,0,0,2017
970,Naga (ZS),20,30,10,0,0,0,0,1,0,0,0,2017
971,Nagbukel,10,10,2,0,0,0,0,0,0,0,0,2017
972,Nagcarlan,50,130,10,2,1,1,0,3,0,0,0,2017
973,Nagtipunan,10,90,14,0,0,0,0,1,0,0,0,2017
974,Naguilian (IA),10,80,11,0,0,0,0,1,0,0,0,2017
975,Naguilian (LU),50,210,5,0,1,3,0,3,0,1,0,2017
976,Naic,390,940,20,2,1,7,0,7,0,2,1,2017
977,Nampicuan,10,10,4,0,0,0,0,0,0,0,0,2017
978,Narra,50,40,19,1,1,7,0,1,1,0,0,2017
979,Narvacan,60,170,18,6,1,9,0,4,0,0,0,2017
980,Nasipit,60,180,21,3,0,1,0,2,0,0,0,2017
981,Nasugbu,100,200,1,1,1,2,0,4,0,1,0,2017
982,Natividad,10,10,5,1,1,1,0,1,0,0,0,2017
983,Natonin,20,40,2,0,0,1,0,1,0,0,0,2017
984,Naujan,50,170,29,2,2,5,0,2,1,0,0,2017
985,Naval,200,320,16,1,1,1,0,11,0,0,0,2017
986,Navotas,180,150,47,11,3,0,0,11,0,0,0,2017
987,New Bataan,0,0,0,0,0,0,0,0,0,0,0,2017
988,New Corella,0,0,0,0,0,0,0,0,0,0,0,2017
989,New Lucena,10,50,10,1,0,0,0,1,0,0,0,2017
990,New Washington,20,110,9,0,0,0,0,1,0,1,0,2017
991,Norala,80,120,16,2,1,6,0,4,0,0,0,2017
992,Northern Kabuntalan,0,0,0,0,0,0,0,0,0,0,0,2017
993,Norzagaray,120,370,27,2,1,0,0,1,0,0,0,2017
994,Noveleta,230,330,9,1,1,1,0,3,0,0,1,2017
995,Nueva Era,0,10,3,0,0,2,0,0,0,0,0,2017
996,Nueva Valencia,20,130,19,1,0,0,0,1,0,0,0,2017
997,Numancia,0,0,0,0,0,0,0,0,0,0,0,2017
998,Nunungan,0,0,2,0,0,0,0,0,0,0,0,2017
999,Oas,90,260,15,2,1,1,0,3,0,1,0,2017
1000,Obando,10,20,11,1,0,0,0,1,0,0,0,2017
1001,Ocampo,40,190,15,0,1,1,0,2,0,0,0,2017
1002,Odiongan,140,250,10,2,1,2,0,2,0,2,0,2017
1003,Old Panamao,20,60,6,1,0,1,0,1,0,1,0,2017
1004,Olongapo,2490,4110,46,3,7,26,1,89,3,27,7,2017
1005,Olutanga,20,60,11,1,1,7,0,1,0,0,0,2017
1006,Omar,0,0,0,0,0,0,0,0,0,0,0,2017
1007,Opol,0,10,11,0,0,0,0,0,0,0,0,2017
1008,Orani,170,290,24,1,1,4,0,7,0,1,2,2017
1009,Oras,0,0,0,0,0,0,0,1,0,0,0,2017
1010,Orion,50,270,14,1,1,1,0,3,0,0,0,2017
1011,Ormoc,760,1730,70,5,2,10,0,34,0,3,0,2017
1012,Oroquieta,360,320,16,8,2,2,0,11,0,1,1,2017
1013,Oslob,50,240,14,0,1,1,0,1,0,0,0,2017
1014,Oton,0,0,0,0,0,0,0,0,0,0,0,2017
1015,Ozamiz,790,2490,68,2,6,30,0,23,2,6,0,2017
1016,Padada,230,510,13,1,1,12,0,8,0,1,1,2017
1017,Padre Burgos (QN),0,0,0,0,0,0,0,0,0,0,0,2017
1018,Padre Burgos (SL),20,30,7,0,0,2,0,2,0,0,0,2017
1019,Padre Garcia,60,110,8,1,1,0,0,2,1,1,0,2017
1020,Paete,100,110,12,1,1,1,0,1,0,0,0,2017
1021,Pagadian,1060,1770,35,6,9,28,1,48,1,8,5,2017
1022,Pagagawan,0,0,0,0,0,0,0,0,0,0,0,2017
1023,Pagalungan,0,0,0,0,0,0,0,0,0,0,0,2017
1024,Pagayawan,0,0,0,0,0,0,0,0,0,0,0,2017
1025,Pagbilao,120,110,1,0,2,2,0,2,0,2,0,2017
1026,Paglat,0,0,0,0,0,0,0,0,0,0,0,2017
1027,Pagsanghan,20,50,3,0,0,0,0,0,0,0,0,2017
1028,Pagsanjan,190,110,6,0,0,0,0,5,1,0,1,2017
1029,Pagudpud,10,60,7,1,0,7,0,0,0,0,0,2017
1030,Pakil,90,220,15,2,2,2,0,6,0,2,0,2017
1031,Palanan,20,70,9,1,0,0,0,2,0,0,0,2017
1032,Palanas,10,20,8,1,0,0,0,1,0,0,0,2017
1033,Palapag,10,10,9,0,0,0,0,1,0,0,0,2017
1034,Palauig,10,10,6,1,0,0,0,0,0,0,0,2017
1035,Palayan,60,420,15,5,1,2,0,4,2,3,1,2017
1036,Palimbang,0,10,6,1,0,0,0,0,0,0,0,2017
1037,Palo,330,1010,17,15,3,3,0,18,0,0,2,2017
1038,Palompon,70,280,9,2,1,2,0,3,0,1,0,2017
1039,Paluan,20,30,2,0,0,0,0,0,1,0,0,2017
1040,Pambujan,10,10,7,0,0,0,0,1,0,0,0,2017
1041,Pamplona (CG),10,130,10,1,0,0,0,1,0,0,0,2017
1042,Pamplona (CS),10,10,6,0,0,0,0,0,0,0,0,2017
1043,Pamplona (NR),10,20,18,1,0,0,0,1,0,0,0,2017
1044,Panabo,670,2480,50,3,6,28,0,34,1,15,1,2017
1045,Panaon,10,10,3,0,0,0,0,1,0,0,0,2017
1046,Panay,10,60,11,4,0,0,0,1,0,0,0,2017
1047,Pandag,0,0,0,0,0,0,0,0,0,0,0,2017
1048,Pandami,0,0,0,0,0,0,0,0,0,0,0,2017
1049,Pandan (AE),80,260,18,2,1,2,0,3,0,0,1,2017
1050,Pandan (CT),40,290,15,1,1,1,0,2,0,1,0,2017
1051,Pandi,60,70,2,0,0,0,0,0,0,0,0,2017
1052,Panganiban,0,0,0,0,0,0,0,2,0,0,0,2017
1053,Pangantucan,20,110,24,1,0,1,0,2,0,0,0,2017
1054,Pangil,20,10,5,0,0,0,0,1,0,0,0,2017
1055,Panglao,0,0,0,0,0,0,0,0,0,0,0,2017
1056,Panglima Estino,0,0,0,0,0,0,0,0,0,0,0,2017
1057,Panglima Sugala,0,0,0,0,0,0,0,0,0,0,0,2017
1058,Pangutaran,0,0,0,0,0,0,0,0,0,0,0,2017
1059,Paniqui,290,380,20,1,1,3,0,13,0,0,0,2017
1060,Panitan,10,20,9,0,0,0,0,1,0,0,0,2017
1061,Pantabangan,0,0,0,0,0,0,0,0,0,0,0,2017
1062,Pantao Ragat,0,0,0,0,0,0,0,0,0,0,0,2017
1063,Pantar,0,0,0,0,0,0,0,0,0,0,0,2017
1064,Pantukan,150,430,0,0,0,0,0,2,0,0,2,2017
1065,Panukulan,0,0,0,0,0,0,0,0,0,0,0,2017
1066,Paoay,10,30,10,2,0,6,0,1,0,0,0,2017
1067,Paombong,40,200,19,1,0,3,0,3,2,1,1,2017
1068,Paracale,20,70,25,2,0,0,0,2,0,0,0,2017
1069,Paracelis,30,110,14,3,2,1,0,3,0,1,0,2017
1070,Paranas,0,0,0,0,0,0,0,0,0,0,0,2017
1071,Parang (MA),30,50,0,0,0,0,0,0,0,0,0,2017
1072,Parang (SU),60,90,16,1,0,1,0,4,0,0,0,2017
1073,Paranaque,7830,5330,74,28,11,18,0,79,15,44,7,2017
1074,Pasacao,30,20,10,0,0,0,0,1,0,0,0,2017
1075,Pasay,3500,5920,141,21,13,20,0,92,13,28,4,2017
1076,Pasig,5820,6420,150,42,24,38,2,147,19,61,17,2017
1077,Pasil,10,20,8,1,0,0,0,0,0,0,0,2017
1078,Passi,190,680,51,3,3,3,2,10,0,1,2,2017
1079,Pastrana,10,10,3,0,0,0,0,0,0,0,0,2017
1080,Pasuquin,40,40,9,1,0,5,0,2,0,0,0,2017
1081,Pata,0,0,0,0,0,0,0,0,0,0,0,2017
1082,Pateros,80,50,19,4,1,0,0,14,0,0,1,2017
1083,Patikul,0,0,0,0,0,0,0,0,0,0,0,2017
1084,Patnanungan,0,0,0,0,0,0,0,0,0,0,0,2017
1085,Patnongon,0,10,7,0,0,0,0,0,0,0,0,2017
1086,Pavia,0,0,0,0,0,0,0,0,0,0,0,2017
1087,Payao,20,40,11,1,0,2,0,2,0,0,0,2017
1088,Perez,0,0,0,0,0,0,0,0,0,0,0,2017
1089,Penablanca,10,30,21,1,0,0,0,1,0,0,0,2017
1090,Penaranda,10,10,4,2,0,0,0,1,0,0,0,2017
1091,Penarrubia,10,10,3,0,0,0,0,0,0,0,0,2017
1092,Piagapo,0,0,0,0,0,0,0,0,0,0,0,2017
1093,Piat,60,150,8,2,0,1,0,2,0,0,0,2017
1094,Picong,0,0,0,0,0,0,0,0,0,0,0,2017
1095,Piddig,40,80,7,0,0,4,0,1,0,0,0,2017
1096,Pidigan,10,10,3,0,0,0,0,0,0,0,0,2017
1097,Pigcawayan,20,50,11,1,0,3,0,0,0,0,0,2017
1098,Pikit,10,60,14,0,0,4,0,0,0,0,0,2017
1099,Pila,10,20,6,0,0,0,0,0,0,0,0,2017
1100,Pilar (AA),10,50,5,0,0,0,0,0,0,0,0,2017
1101,Pilar (BN),0,0,0,0,0,0,0,0,0,0,0,2017
1102,Pilar (BL),0,0,0,0,0,0,0,0,0,0,0,2017
1103,Pilar (CZ),10,140,17,0,0,0,0,2,0,0,0,2017
1104,Pilar (CU),0,0,0,0,0,0,0,0,0,0,0,2017
1105,Pilar (SO),10,40,8,0,0,0,0,0,0,0,0,2017
1106,Pilar (SN),30,30,5,1,1,1,0,0,0,0,0,2017
1107,Pili,20,20,16,0,0,0,0,3,0,0,0,2017
1108,Pililla,30,30,0,1,0,0,0,1,0,0,0,2017
1109,Pinabacdao,0,0,0,0,0,0,0,0,0,0,0,2017
1110,Pinamalayan,190,460,39,1,1,14,0,5,0,1,0,2017
1111,Pinamungajan,10,0,0,0,0,3,0,0,0,0,0,2017
1112,Pinili,30,50,5,0,0,4,0,0,0,0,0,2017
1113,Pintuyan,20,80,10,2,1,1,0,1,0,0,0,2017
1114,Pinukpuk,40,110,20,1,1,1,0,2,0,1,0,2017
1115,Pio Duran,80,160,4,2,1,1,0,2,0,0,1,2017
1116,Pio V Corpuz,0,0,0,0,0,0,0,0,0,0,0,2017
1117,Pitogo (QN),0,0,0,0,0,0,0,0,0,0,0,2017
1118,Pitogo (ZR),20,20,3,0,0,0,0,1,0,0,0,2017
1119,Pinan,40,190,11,1,0,3,0,2,0,2,0,2017
1120,Placer (MS),20,20,10,1,0,0,0,1,0,0,0,2017
1121,Placer (SN),20,130,12,1,1,1,0,1,0,0,0,2017
1122,Plaridel (BU),860,1070,30,4,4,8,0,13,0,3,0,2017
1123,Plaridel (MC),20,40,10,0,0,0,0,0,0,0,0,2017
1124,Plaridel (QN),0,0,0,0,0,0,0,0,0,0,0,2017
1125,Pola,10,70,17,0,0,1,0,2,0,0,0,2017
1126,Polanco,10,20,11,0,0,0,0,1,0,0,0,2017
1127,Polangui,30,230,19,2,0,0,0,4,0,1,0,2017
1128,Polillo,0,0,0,0,0,0,0,0,0,0,0,2017
1129,Polomolok,450,850,49,5,3,10,0,16,0,5,0,2017
1130,Pontevedra (CZ),100,470,17,0,0,2,0,6,0,0,1,2017
1131,Pontevedra (NO),10,100,23,0,1,0,0,1,0,0,0,2017
1132,Poona Bayabao,0,0,0,0,0,0,0,0,0,0,0,2017
1133,Poona Piagapo,0,0,0,0,0,0,0,0,0,0,0,2017
1134,Porac,120,350,44,4,1,4,0,9,0,3,1,2017
1135,Poro,0,0,0,0,0,0,0,0,0,0,0,2017
1136,Pototan,280,500,14,1,1,4,1,10,0,4,0,2017
1137,Pozorrubio,20,130,5,1,1,4,0,2,0,0,0,2017
1138,Presentacion,10,30,8,0,0,0,0,1,0,0,0,2017
1139,President Garcia,30,50,2,1,1,1,0,1,0,0,0,2017
1140,President Quirino,10,10,12,1,1,0,0,1,0,0,0,2017
1141,President Roxas (CZ),10,100,10,1,0,0,0,1,0,0,0,2017
1142,President Roxas (NC),0,50,16,1,0,3,0,1,0,0,0,2017
1143,Roxas (ZN),10,0,8,0,0,0,0,0,0,0,0,2017
1144,Prieto Diaz,20,10,4,0,0,0,0,1,0,0,0,2017
1145,Prosperidad,260,790,32,4,2,5,0,12,0,3,0,2017
1146,Pualas,10,30,6,0,0,0,0,0,0,0,0,2017
1147,Pudtol,50,90,9,0,0,1,0,3,0,0,0,2017
1148,Puerto Galera,30,60,12,1,0,4,0,2,1,0,0,2017
1149,Puerto Princesa,390,1090,55,9,6,18,0,11,18,3,0,2017
1150,Pugo,0,0,0,0,0,0,0,0,0,0,0,2017
1151,Pulilan,320,600,5,2,2,5,0,12,1,0,2,2017
1152,Pulupandan,10,10,6,0,0,0,1,0,0,0,0,2017
1153,Pura,10,10,6,1,0,0,0,0,0,0,0,2017
1154,Quezon (BK),100,340,36,1,0,2,0,3,0,1,0,2017
1155,Quezon (IA),30,50,11,0,0,0,0,1,0,0,0,2017
1156,Quezon (MM),2905,408,523,117,152,244,43,898,105,261,45,2017
1157,Quezon (NE),0,0,0,0,0,0,0,0,0,0,0,2017
1158,Quezon (NV),0,0,0,0,0,0,0,0,0,0,0,2017
1159,Quezon (PN),20,50,0,0,0,5,0,3,0,0,0,2017
1160,Quezon (QN),0,0,0,0,0,0,0,0,0,0,0,2017
1161,Quinapondan,0,0,0,0,0,0,0,1,0,0,0,2017
1162,Quirino (IS),40,50,15,1,0,0,0,1,0,0,0,2017
1163,Quirino (IA),0,30,8,1,0,0,0,1,0,0,0,2017
1164,Ragay,20,30,9,1,0,0,0,1,0,0,0,2017
1165,Rajah Buayan,0,0,0,0,0,0,0,0,0,0,0,2017
1166,Ramon,10,50,8,1,0,1,0,1,0,0,0,2017
1167,Ramon Magsaysay,30,20,6,0,0,0,0,1,0,0,0,2017
1168,Ramos,10,10,7,0,0,0,0,1,0,0,0,2017
1169,Rapu-Rapu,40,100,3,1,1,1,0,5,0,0,1,2017
1170,Real,0,0,0,0,0,0,0,0,0,0,0,2017
1171,Reina Mercedes,10,10,5,0,0,0,0,0,0,0,0,2017
1172,Remedios T. Romualdez,0,20,4,0,0,0,0,0,0,0,0,2017
1173,Rizal (CG),0,20,5,0,0,0,0,1,0,0,0,2017
1174,Rizal (KA),30,70,6,1,1,1,0,1,0,1,0,2017
1175,Rizal (LA),0,0,2,0,0,0,0,0,0,0,0,2017
1176,Rizal (NE),10,30,7,1,0,0,0,1,0,0,0,2017
1177,Rizal (OM),30,20,0,0,0,0,0,0,1,0,0,2017
1178,Rizal (PN),30,50,14,0,0,5,0,0,1,0,0,2017
1179,Rizal (ZN),20,10,9,0,0,0,0,0,0,0,0,2017
1180,Rodriguez,550,1340,8,1,1,7,0,8,0,3,2,2017
1181,Romblon,100,410,23,2,1,1,0,2,0,0,0,2017
1182,Ronda,0,0,0,0,0,0,0,0,0,0,0,2017
1183,Rosales,290,1020,15,8,1,20,1,17,4,2,2,2017
1184,Rosario (AS),10,10,9,1,0,0,0,1,0,0,0,2017
1185,Rosario (BS),340,810,21,2,3,10,0,14,0,6,3,2017
1186,Rosario (CE),60,90,2,0,0,0,0,2,0,0,0,2017
1187,Rosario (LU),60,150,23,2,1,3,0,4,0,2,0,2017
1188,Rosario (NS),10,10,5,0,0,0,0,1,0,0,0,2017
1189,R.T. Lim,0,0,0,0,0,2,0,0,0,0,0,2017
1190,Roxas (CZ),1700,4650,33,19,9,12,1,36,6,15,1,2017
1191,Roxas (IA),500,950,46,3,2,8,0,9,1,4,1,2017
1192,Roxas (OR),60,190,13,4,1,13,0,1,2,0,0,2017
1193,Roxas (PN),10,0,1,0,0,0,0,0,0,0,0,2017
1194,Sabangan,10,10,8,0,0,0,0,0,0,0,0,2017
1195,Sablan,10,10,7,0,0,0,0,0,0,0,0,2017
1196,Sablayan,110,300,33,3,2,1,0,2,0,0,0,2017
1197,Sabtang,10,30,2,0,0,0,0,0,0,0,0,2017
1198,Sadanga,10,10,10,1,0,0,0,0,0,0,0,2017
1199,Sagada,40,110,10,1,1,2,0,2,0,1,0,2017
1200,Sagay (CM),0,0,0,0,0,0,0,0,0,0,0,2017
1201,Sagay (NO),40,450,41,3,0,1,0,3,0,0,0,2017
1202,Sagbayan,0,0,0,0,0,0,0,0,0,0,0,2017
1203,Saguday,10,50,7,1,0,0,0,1,0,0,0,2017
1204,Saguiaran,0,0,0,0,0,0,0,0,0,0,0,2017
1205,Sagnay,10,10,7,0,0,0,0,1,0,0,0,2017
1206,Saint Bernard,10,10,10,1,0,0,0,1,0,0,0,2017
1207,Salay,10,10,8,0,0,0,0,1,0,0,0,2017
1208,Salcedo (ES),10,10,6,1,0,0,0,1,0,0,0,2017
1209,Salcedo (IS),60,130,5,0,0,1,0,1,0,0,0,2017
1210,Sallapadan,0,10,1,0,0,0,0,1,0,0,0,2017
1211,Salug,20,0,10,0,0,2,0,1,0,0,0,2017
1212,Salvador,0,0,6,0,0,0,0,0,0,0,0,2017
1213,Salvador Benedicto,0,0,1,0,0,0,0,0,0,0,0,2017
1214,Samal,10,100,19,1,0,0,0,0,0,0,0,2017
1215,Samboan,0,0,0,0,0,1,0,0,0,0,0,2017
1216,Sampaloc,10,60,2,1,0,0,0,1,0,0,0,2017
1217,San Agustin (IA),20,100,8,0,0,0,0,0,0,0,0,2017
1218,San Agustin (RN),10,10,6,0,0,0,0,0,0,0,0,2017
1219,San Agustin (SS),10,0,3,1,0,0,0,1,0,0,0,2017
1220,San Andres (CT),50,170,5,1,1,1,0,4,0,1,0,2017
1221,San Andres (QN),0,0,0,0,0,0,0,0,0,0,0,2017
1222,San Andres (RN),10,50,1,0,0,0,0,1,0,0,0,2017
1223,San Antonio (NS),30,30,4,1,1,1,0,2,0,0,0,2017
1224,San Antonio (NE),100,180,3,1,2,1,0,2,0,0,1,2017
1225,San Antonio (QN),0,0,0,0,0,0,0,0,0,0,0,2017
1226,San Antonio (ZA),0,0,0,0,0,0,0,0,0,0,0,2017
1227,San Benito,0,10,3,0,0,0,0,0,0,0,0,2017
1228,San Carlos (NO),20,120,36,2,0,1,0,2,0,0,0,2017
1229,San Carlos (PS),1060,3110,84,11,6,30,0,39,1,13,8,2017
1230,Sanchez-Mira,80,200,13,1,1,3,0,4,0,3,0,2017
1231,San Clemente,10,10,4,1,0,0,0,0,0,0,0,2017
1232,San Dionisio,10,10,4,1,0,0,0,1,0,0,0,2017
1233,San Emilio,0,0,0,0,0,0,0,0,0,0,0,2017
1234,San Enrique (IO),0,0,0,0,0,0,0,0,0,0,0,2017
1235,San Enrique (NO),10,100,12,0,0,0,0,1,0,0,0,2017
1236,San Esteban,10,0,4,1,0,0,0,0,0,0,0,2017
1237,San Fabian,10,30,10,0,0,0,0,0,0,0,0,2017
1238,San Felipe,0,0,0,0,0,0,0,0,0,0,0,2017
1239,San Fernando (BK),10,20,22,1,0,0,0,1,0,0,0,2017
1240,San Fernando (CS),10,10,6,0,0,0,0,1,0,0,0,2017
1241,San Fernando (CU),0,0,0,0,0,0,0,0,0,0,0,2017
1242,San Fernando (LU),2330,4520,76,7,9,22,0,64,9,17,10,2017
1243,San Fernando (MS),10,80,10,1,0,0,0,0,0,0,0,2017
1244,San Fernando (PA),5230,5900,90,7,11,30,0,77,4,22,7,2017
1245,San Fernando (RN),10,10,5,1,1,0,0,0,0,0,0,2017
1246,San Francisco (AS),40,410,11,1,1,0,0,4,0,5,0,2017
1247,San Francisco (CU),0,0,0,0,0,0,0,0,0,0,0,2017
1248,San Francisco (QN),0,0,0,0,0,0,0,0,0,0,0,2017
1249,San Francisco (SL),0,10,4,0,0,0,0,1,0,0,0,2017
1250,San Francisco (SN),0,10,5,0,0,0,0,0,0,0,0,2017
1251,San Gabriel,10,10,8,0,0,0,0,1,0,0,0,2017
1252,San Guillermo,10,10,7,0,0,0,0,0,0,0,0,2017
1253,San Ildefonso (BU),40,230,15,1,0,2,0,2,0,1,0,2017
1254,San Ildefonso (IS),10,0,3,0,0,0,0,0,0,0,0,2017
1255,San Isidro (AA),0,10,1,0,0,0,0,0,0,0,0,2017
1256,San Isidro (BL),0,0,0,0,0,0,0,0,0,0,0,2017
1257,San Isidro (DN),0,0,0,0,0,0,0,0,0,0,0,2017
1258,San Isidro (DO),30,30,17,0,0,0,0,1,0,0,0,2017
1259,San Isidro (IA),10,10,5,0,0,0,0,1,0,0,0,2017
1260,San Isidro (LE),10,10,7,0,0,0,0,1,0,0,0,2017
1261,San Isidro (NS),10,10,10,1,0,0,0,1,0,0,0,2017
1262,San Isidro (NE),30,30,5,1,0,0,0,1,0,0,0,2017
1263,San Isidro (SN),0,0,1,0,0,0,0,0,0,0,0,2017
1264,San Jacinto (MS),40,110,9,2,0,1,0,2,0,1,0,2017
1265,San Jacinto (PS),20,10,10,7,0,6,0,0,0,0,0,2017
1266,San Joaquin,20,20,17,0,0,0,0,1,0,0,0,2017
1267,San Jorge,0,0,0,0,0,0,0,0,0,0,0,2017
1268,San Jose (AE),460,60,16,0,0,0,0,0,0,0,0,2017
1269,San Jose (BS),790,840,10,2,1,0,0,1,0,0,0,2017
1270,San Jose (CS),60,130,12,1,1,1,0,2,0,3,1,2017
1271,San Jose (DI),30,80,14,0,0,0,0,0,0,0,0,2017
1272,San Jose (NR),0,0,0,0,0,0,0,0,0,0,0,2017
1273,San Jose (NS),10,0,4,1,0,0,0,0,0,0,0,2017
1274,San Jose (NE),400,700,26,4,2,4,0,9,0,0,3,2017
1275,San Jose (OM),150,150,3,1,1,1,0,0,3,0,0,2017
1276,San Jose (RN),30,110,3,1,0,0,0,1,0,0,0,2017
1277,San Jose (TC),0,10,10,1,0,0,0,0,0,0,0,2017
1278,San Jose De Buan,0,0,0,0,0,0,0,0,0,0,0,2017
1279,San Jose Del Monte,830,640,38,6,1,5,0,20,2,3,2,2017
1280,San Juan (AA),10,40,3,0,0,0,0,0,0,0,0,2017
1281,San Juan (BS),140,320,9,0,1,3,0,2,0,2,1,2017
1282,San Juan (IS),10,30,6,0,0,2,0,0,0,0,0,2017
1283,San Juan (LU),10,20,15,1,0,0,0,1,0,0,0,2017
1284,San Juan (MM),2150,5760,15,2,2,17,1,45,16,43,4,2017
1285,San Juan (SR),0,0,0,0,0,0,0,0,0,0,0,2017
1286,San Juan (SL),10,10,3,0,0,0,0,0,0,0,0,2017
1287,San Julian,10,20,4,0,0,0,0,0,0,0,0,2017
1288,San Leonardo,360,1000,10,2,2,5,0,7,0,1,3,2017
1289,San Lorenzo,10,20,13,0,0,0,0,0,0,0,0,2017
1290,San Lorenzo Ruiz,0,10,6,0,0,0,0,1,0,0,0,2017
1291,San Luis (AS),0,0,0,0,0,0,0,0,0,0,0,2017
1292,San Luis (AU),10,20,11,1,0,0,0,0,0,0,0,2017
1293,San Luis (BS),0,0,0,0,0,0,0,0,0,0,0,2017
1294,San Luis (PA),60,70,17,1,0,1,0,3,0,0,0,2017
1295,San Manuel (IA),10,10,9,1,0,0,0,1,0,0,0,2017
1296,San Manuel (PS),30,110,14,4,0,5,0,1,0,1,0,2017
1297,San Manuel (TC),10,30,3,1,0,0,0,0,0,0,0,2017
1298,San Marcelino,130,850,21,1,1,3,0,7,0,1,4,2017
1299,San Mariano,30,170,22,1,1,4,0,3,0,1,0,2017
1300,San Mateo (IA),100,300,22,1,1,2,0,4,1,0,0,2017
1301,San Mateo (RL),20,30,11,0,0,0,0,0,0,0,0,2017
1302,San Miguel (BL),20,60,3,0,0,1,0,1,0,0,0,2017
1303,San Miguel (BU),330,620,25,0,1,3,0,4,0,2,2,2017
1304,San Miguel (CT),10,120,13,1,0,0,0,1,0,0,0,2017
1305,San Miguel (IO),10,50,9,1,0,0,0,1,0,0,0,2017
1306,San Miguel (LE),0,0,0,0,0,0,0,0,0,0,0,2017
1307,San Miguel (SS),30,50,8,1,0,1,0,2,0,0,0,2017
1308,San Miguel (ZR),0,20,3,0,0,0,0,0,0,0,0,2017
1309,San Narciso (QN),0,0,0,0,0,0,0,0,0,0,0,2017
1310,San Narciso (ZA),0,0,0,0,0,0,0,0,0,0,0,2017
1311,San Nicolas (BS),20,40,2,0,0,0,0,1,0,0,0,2017
1312,San Nicolas (IN),70,150,9,1,0,17,0,3,0,0,1,2017
1313,San Nicolas (PS),30,60,7,0,0,5,0,1,1,0,0,2017
1314,San Pablo (IA),0,0,1,0,0,0,0,0,0,0,0,2017
1315,San Pablo (LA),2630,4460,101,3,8,18,2,30,12,25,6,2017
1316,San Pablo (ZR),0,0,0,0,0,0,0,0,0,0,0,2017
1317,San Pascual (BS),0,0,0,0,0,0,0,0,0,0,0,2017
1318,San Pascual (MS),10,30,9,1,0,0,0,1,0,0,0,2017
1319,San Pedro,760,1910,24,4,3,9,0,21,4,8,0,2017
1320,San Policarpo,10,10,5,0,0,0,0,0,0,0,0,2017
1321,San Quintin (AA),0,10,2,0,0,0,0,0,0,0,0,2017
1322,San Quintin (PS),60,40,8,0,0,4,0,3,0,2,0,2017
1323,San Rafael (BU),40,50,19,1,0,0,0,3,0,0,0,2017
1324,San Rafael (IO),0,0,0,0,0,0,0,0,0,0,0,2017
1325,San Remigio (AE),10,10,7,0,0,0,0,0,0,0,0,2017
1326,San Remigio (CU),20,50,16,1,0,0,0,1,0,0,0,2017
1327,San Ricardo,0,10,3,0,0,0,0,1,0,0,0,2017
1328,San Roque,10,10,3,0,0,0,0,1,0,0,0,2017
1329,San Sebastian,0,0,0,0,0,0,0,0,0,0,0,2017
1330,San Simon,0,10,4,0,0,0,0,4,0,0,0,2017
1331,San Teodoro,10,50,3,1,0,0,0,0,0,0,0,2017
1332,Santiago (AN),10,10,5,0,0,0,0,1,0,0,0,2017
1333,Santiago (IS),0,30,3,0,0,2,0,0,0,0,0,2017
1334,Santiago (IA),950,4060,58,6,7,23,2,27,14,15,4,2017
1335,San Vicente (CN),20,40,5,0,0,0,0,1,1,0,0,2017
1336,San Vicente (IS),0,10,1,0,0,2,0,1,0,0,0,2017
1337,San Vicente (NS),10,10,3,0,0,0,0,0,0,0,0,2017
1338,San Vicente (PN),10,40,12,1,0,1,0,1,0,0,0,2017
1339,Sapad,10,80,6,0,0,0,0,0,0,0,0,2017
1340,Sapang Dalaga,30,120,17,0,0,1,0,1,0,0,0,2017
1341,Sapa-Sapa,40,150,29,2,0,1,0,2,0,0,0,2017
1342,Sapi-An,10,60,8,0,0,0,0,1,0,0,0,2017
1343,Sara,80,190,1,1,1,1,2,0,0,0,0,2017
1344,Sarangani,0,0,0,0,0,0,0,0,0,0,0,2017
1345,Sariaya,90,180,4,0,1,1,0,1,0,1,0,2017
1346,Sarrat,10,30,6,1,0,3,0,1,0,0,0,2017
1347,Sasmuan,10,10,8,0,0,0,0,1,0,0,0,2017
1348,Science City of Munoz,30,130,2,1,0,1,0,1,0,1,0,2017
1349,Sebaste,30,130,6,1,0,1,0,1,0,0,0,2017
1350,Senator Ninoy Aquino,50,70,12,0,1,1,0,3,0,0,0,2017
1351,Sergio Osmena,10,80,12,0,0,1,0,2,0,0,0,2017
1352,Sevilla,0,0,0,0,0,0,0,0,0,0,0,2017
1353,Shariff Aguak,0,0,0,0,0,0,0,0,0,0,0,2017
1354,Shariff Saydona Mustapha,0,0,0,0,0,0,0,0,0,0,0,2017
1355,Siasi,10,0,0,0,0,0,0,0,0,0,0,2017
1356,Siaton,40,190,4,1,1,3,0,1,0,0,1,2017
1357,Siay,0,0,0,0,0,3,0,0,0,0,0,2017
1358,Siayan,10,0,4,0,0,0,0,1,0,0,0,2017
1359,Sibagat,10,10,8,1,0,0,0,1,0,0,0,2017
1360,Sibalom,40,120,11,2,1,2,0,2,0,0,0,2017
1361,Sibonga,10,20,7,0,0,0,0,0,0,0,0,2017
1362,Sibuco,0,20,4,0,0,0,0,0,0,0,0,2017
1363,Sibulan,10,60,19,1,1,0,0,0,0,0,0,2017
1364,Sibunag,0,0,0,0,0,0,0,0,0,0,0,2017
1365,Sibutad,10,40,3,0,0,1,0,1,0,0,0,2017
1366,Sibutu,30,40,2,0,1,1,0,1,0,0,0,2017
1367,Sierra Bullones,10,110,11,1,0,1,0,1,0,0,0,2017
1368,Sigay,10,0,3,0,0,0,0,0,0,0,0,2017
1369,Sigma,10,70,11,1,0,0,0,1,0,0,0,2017
1370,Sikatuna,0,0,0,0,0,0,0,0,0,0,0,2017
1371,Silago,10,10,5,0,0,1,0,1,0,0,0,2017
1372,Silang,260,300,7,1,0,3,0,10,0,4,1,2017
1373,Silay,700,1080,41,3,3,11,1,17,0,9,1,2017
1374,Silvino Lobos,10,10,4,0,0,0,0,0,0,0,0,2017
1375,Simunul,0,0,0,0,0,0,0,0,0,0,0,2017
1376,Sinacaban,20,80,10,0,0,0,0,1,0,0,0,2017
1377,Sinait,160,480,18,5,1,9,0,7,0,1,0,2017
1378,Sindangan,130,390,42,5,2,21,0,4,0,1,0,2017
1379,Siniloan,50,240,15,2,0,1,0,3,1,1,1,2017
1380,Siocon,0,0,0,0,0,0,0,0,0,0,0,2017
1381,Sipalay,0,0,0,0,0,0,0,0,0,0,0,2017
1382,Sipocot,30,10,1,0,0,0,0,2,0,0,0,2017
1383,Siquijor,60,470,14,3,3,1,0,7,0,1,0,2017
1384,Sirawai,30,120,6,0,0,0,0,0,0,0,0,2017
1385,Siruma,0,0,0,0,0,0,0,0,0,0,0,2017
1386,Sison (PS),90,390,11,15,0,3,0,2,0,0,0,2017
1387,Sison (SN),10,10,4,0,0,0,0,0,0,0,0,2017
1388,Sitangkai,0,0,0,0,0,0,0,0,0,0,0,2017
1389,Socorro (OR),10,70,13,0,0,5,0,1,0,0,0,2017
1390,Socorro (SN),0,40,1,1,0,0,0,0,0,0,0,2017
1391,Sofronio Espanola,10,10,10,0,0,1,0,0,0,0,0,2017
1392,Sogod (CU),10,20,6,0,0,0,0,0,0,0,0,2017
1393,Sogod (SL),160,220,16,3,2,2,0,13,0,0,0,2017
1394,Solana,30,10,0,1,0,0,0,0,0,0,0,2017
1395,Solano,350,770,25,2,0,11,0,5,0,3,1,2017
1396,Solsona,10,30,4,1,0,6,0,1,0,0,0,2017
1397,Sominot,10,10,3,0,0,0,0,0,0,0,0,2017
1398,Sorsogon,460,1030,99,15,6,4,0,25,0,2,1,2017
1399,South Ubian,0,0,0,0,0,0,0,0,0,0,0,2017
1400,South Upi,40,180,5,0,1,1,0,2,0,0,0,2017
1401,Santa,0,0,0,0,0,0,0,0,0,0,0,2017
1402,Santa Ana (CG),90,230,6,1,0,1,0,6,0,3,0,2017
1403,Santa Ana (PA),10,0,3,0,0,0,0,0,0,0,0,2017
1404,Santa Barbara (IO),50,130,1,1,1,1,0,4,1,0,0,2017
1405,Santa Barbara (PS),40,40,12,7,0,8,0,1,0,0,0,2017
1406,Santa Catalina (IS),20,70,4,0,0,0,0,1,0,1,0,2017
1407,Santa Catalina (NR),30,50,28,1,0,0,0,1,0,0,0,2017
1408,Santa Cruz (DS),30,50,0,0,0,4,0,1,0,0,0,2017
1409,Santa Cruz (IS),10,10,7,2,0,2,0,0,0,0,1,2017
1410,Santa Cruz (LA),1920,3060,123,8,11,9,0,22,2,4,2,2017
1411,Santa Cruz (ME),110,100,20,8,2,12,0,3,0,1,0,2017
1412,Santa Cruz (OM),30,40,2,0,0,1,0,0,1,0,0,2017
1413,Santa Cruz (ZA),40,90,5,1,1,2,0,3,0,0,1,2017
1414,Santa Elena,30,30,15,1,0,0,0,1,0,0,0,2017
1415,Santa Fe (CU),0,0,0,0,0,0,0,0,0,0,0,2017
1416,Santa Fe (LE),0,0,0,0,0,0,0,0,0,0,0,2017
1417,Santa Fe (NV),10,0,3,1,0,0,0,1,0,0,0,2017
1418,Santa Fe (RN),10,10,5,1,0,0,0,0,0,0,0,2017
1419,Santa Ignacia,0,20,7,1,0,0,0,1,0,0,0,2017
1420,Santa Josefa,10,10,8,0,1,0,0,1,0,0,0,2017
1421,Santa Lucia,50,100,4,2,1,4,0,2,0,0,0,2017
1422,Santa Magdalena,10,0,5,0,0,0,0,1,0,0,0,2017
1423,Santa Marcela,60,110,11,1,0,1,0,3,0,0,0,2017
1424,Santa Margarita,0,0,0,0,0,0,0,0,0,0,0,2017
1425,Santa Maria (BU),750,1250,33,3,0,9,0,24,0,5,1,2017
1426,Santa Maria (DS),210,290,11,1,0,0,0,4,0,0,0,2017
1427,Santa Maria (IS),190,960,13,1,0,8,0,4,0,1,1,2017
1428,Santa Maria (IA),20,60,11,1,0,0,0,1,0,0,0,2017
1429,Santa Maria (LA),10,20,7,1,0,0,0,0,0,0,0,2017
1430,Santa Maria (PS),10,40,8,0,0,5,0,0,0,0,0,2017
1431,Santa Maria (Imelda),0,10,4,0,0,0,0,0,0,0,0,2017
1432,Santa Monica,20,40,6,1,1,1,0,1,0,0,0,2017
1433,Santander,0,0,0,0,0,0,0,0,0,0,0,2017
1434,Santa Praxedes,10,120,3,0,0,1,0,1,0,0,0,2017
1435,Santa Rita (PA),10,10,6,1,0,0,0,0,0,0,0,2017
1436,Santa Rita (WS),0,10,0,0,0,0,0,0,0,0,0,2017
1437,Santa Rosa (LA),420,3190,26,0,6,15,2,34,19,32,2,2017
1438,Santa Rosa (NE),0,140,16,0,0,1,0,1,0,0,0,2017
1439,Santa Teresita (BS),0,0,0,0,0,0,0,0,0,0,0,2017
1440,Santa Teresita (CG),10,90,8,0,0,0,0,0,0,0,0,2017
1441,Santo Domingo (AY),10,10,3,1,0,0,0,1,0,0,0,2017
1442,Santo Domingo (IS),10,140,6,0,0,6,0,1,0,0,1,2017
1443,Santo Domingo (NE),40,110,7,1,0,0,0,1,0,0,0,2017
1444,Santol,20,0,9,0,0,0,0,1,1,0,0,2017
1445,Santo Nino (CG),10,20,6,0,0,0,0,2,0,0,0,2017
1446,Santo Nino (WS),0,0,0,0,0,0,0,0,0,0,0,2017
1447,Santo Nino (SC),20,40,13,1,0,1,0,1,0,0,0,2017
1448,Santo Tomas (BS),600,640,5,1,1,3,0,1,6,9,0,2017
1449,Santo Tomas (DN),90,160,3,2,0,5,0,4,1,0,0,2017
1450,Santo Tomas (IA),10,30,7,0,0,0,0,0,0,0,0,2017
1451,Santo Tomas (LU),0,0,0,0,0,0,0,0,0,0,0,2017
1452,Santo Tomas (PA),10,10,7,0,0,0,0,1,0,0,0,2017
1453,Santo Tomas (PS),10,20,3,0,0,0,0,0,0,0,0,2017
1454,Sual,10,50,9,1,0,4,0,1,1,0,0,2017
1455,Subic,10,30,10,1,0,1,0,5,0,0,0,2017
1456,Sudipen,20,10,9,0,0,0,0,1,0,1,0,2017
1457,Sugbongcogon,10,0,1,0,0,0,0,0,0,0,0,2017
1458,Sugpon,10,10,4,0,0,0,0,0,0,0,0,2017
1459,Sulat,20,10,9,2,0,2,0,1,0,0,0,2017
1460,Sulop,50,90,1,0,0,2,0,1,0,0,0,2017
1461,Sultan Dumalondong,0,0,0,0,0,0,0,0,0,0,0,2017
1462,Sultan Kudarat,10,40,3,2,0,1,0,2,1,0,0,2017
1463,Sultan Mastura,0,0,0,0,0,0,0,0,0,0,0,2017
1464,Sultan Naga Dimaporo,10,90,7,0,0,0,0,0,0,0,0,2017
1465,Sultan Sa Barongis,0,0,0,0,0,0,0,0,0,0,0,2017
1466,Sumilao,10,70,9,0,0,0,0,0,0,0,0,2017
1467,Sumisip,0,0,0,0,0,0,0,0,0,0,0,2017
1468,Surallah,190,880,42,7,1,17,0,8,0,2,0,2017
1469,Surigao,730,1690,58,5,3,13,0,29,0,4,1,2017
1470,Suyo,10,10,7,0,0,0,0,1,0,0,0,2017
1471,Taal,140,500,2,0,1,2,0,6,1,0,2,2017
1472,Tabaco,650,1430,39,6,4,7,0,19,1,3,5,2017
1473,Tabango,0,30,0,0,0,1,0,1,0,0,0,2017
1474,Tabina,0,0,0,0,0,0,0,0,0,0,0,2017
1475,Tabogon,10,60,5,0,0,0,0,0,0,0,0,2017
1476,Tabontabon,10,0,3,0,0,0,0,0,0,0,0,2017
1477,Tabuan-Lasa,0,0,0,0,0,0,0,0,0,0,0,2017
1478,Tabuelan,940,10,6,1,0,1,0,0,0,0,0,2017
1479,Tabuk,460,940,47,4,4,4,0,15,0,4,0,2017
1480,Tacloban,3860,3980,65,7,8,35,0,112,13,27,1,2017
1481,Tacurong,390,990,20,3,3,12,0,16,0,3,4,2017
1482,Tadian,10,20,14,1,0,0,0,1,0,0,0,2017
1483,Taft,50,70,5,1,1,1,0,2,0,0,0,2017
1484,Tagana-An,0,0,0,0,0,0,0,0,0,0,0,2017
1485,Tagapul-An,0,0,0,0,0,0,0,0,0,0,0,2017
1486,Tagaytay,880,1190,3,0,0,1,0,4,5,1,0,2017
1487,Tagbilaran,1180,1830,36,2,4,17,0,35,2,8,0,2017
1488,Tagbina,10,0,13,1,0,0,0,0,0,0,0,2017
1489,Tagkawayan,10,110,1,2,1,1,0,1,0,1,0,2017
1490,Tago,10,20,10,1,0,0,0,1,0,0,0,2017
1491,Tagoloan (LN),0,0,1,0,0,0,0,0,0,0,0,2017
1492,Tagoloan (MO),20,80,12,1,0,0,0,1,0,0,0,2017
1493,Tagoloan Ii,0,0,0,0,0,0,0,0,0,0,0,2017
1494,Tagudin,180,480,17,2,1,8,0,4,0,0,1,2017
1495,Taguig,1830,2260,67,24,4,13,0,42,7,14,4,2017
1496,Tagum,1590,2020,49,6,4,14,1,51,3,8,2,2017
1497,Talacogon,0,30,11,1,0,0,0,1,0,0,0,2017
1498,Talaingod,0,0,0,0,0,0,0,0,0,0,0,2017
1499,Talakag,50,110,16,1,0,1,0,2,0,2,0,2017
1500,Talalora,10,50,3,0,0,0,0,0,0,0,0,2017
1501,Talavera,10,60,11,1,0,0,0,0,0,0,0,2017
1502,Talayan,0,0,0,0,0,0,0,0,0,0,0,2017
1503,Talibon,90,430,4,1,1,1,0,7,0,1,0,2017
1504,Talipao,0,0,0,0,0,0,0,0,0,0,0,2017
1505,Talisay (BS),140,50,0,1,1,1,0,3,0,0,0,2017
1506,Talisay (CN),10,20,4,0,0,0,0,1,0,0,0,2017
1507,Talisay  (CU),170,330,8,2,2,10,0,5,0,2,0,2017
1508,Talisay (NO),40,100,21,2,0,0,3,0,0,0,0,2017
1509,Talisayan,70,130,18,1,1,1,0,3,1,0,0,2017
1510,Talitay,0,0,0,0,0,0,0,0,0,0,0,2017
1511,Talugtug,10,20,4,0,0,0,0,0,0,0,0,2017
1512,Talusan,0,10,4,0,0,2,0,0,0,0,0,2017
1513,Tambulig,10,20,5,0,0,0,0,0,0,0,0,2017
1514,Tampakan,0,30,13,1,0,0,0,0,0,0,0,2017
1515,Tamparan,220,780,36,2,1,5,0,4,0,3,0,2017
1516,Tampilisan,10,10,3,1,0,2,0,0,0,0,0,2017
1517,Tanauan (BS),1070,1270,37,5,8,10,1,24,4,3,0,2017
1518,Tanauan (LE),10,30,5,1,0,0,0,1,0,0,0,2017
1519,Tanay,640,240,4,0,1,4,0,8,0,3,1,2017
1520,Tandag,650,1310,36,6,3,9,0,13,0,7,0,2017
1521,Tandubas,0,0,0,0,0,0,0,0,0,0,0,2017
1522,Tangalan,20,70,7,0,0,0,0,1,0,0,0,2017
1523,Tangcal,0,0,0,0,0,0,0,0,0,0,0,2017
1524,Tangub,130,500,30,2,1,3,0,5,0,0,0,2017
1525,Tanjay,20,150,32,0,0,1,0,5,0,0,0,2017
1526,Tantangan,0,0,0,0,0,0,0,0,0,0,0,2017
1527,Tanudan,0,10,7,0,0,0,0,0,0,0,0,2017
1528,Tanza,530,830,23,3,1,6,0,10,2,4,2,2017
1529,Tapaz,0,20,16,1,0,0,0,1,0,0,,2017
1530,Tapul,20,70,2,0,0,1,0,1,0,0,0,2017
1531,Taraka,0,0,0,0,0,0,0,0,0,0,0,2017
1532,Tarangnan,0,0,0,0,0,0,0,1,0,0,0,2017
1533,Tarlac,3530,6210,86,12,13,44,0,109,13,26,12,2017
1534,Tarragona,0,0,8,1,0,0,0,1,0,0,0,2017
1535,Tayabas,290,280,8,0,1,1,0,2,0,0,2,2017
1536,Tayasan,10,10,3,0,0,0,0,0,0,0,0,2017
1537,Taysan,0,0,0,0,0,0,0,0,0,0,0,2017
1538,Taytay (PN),60,280,14,1,2,8,0,5,0,2,0,2017
1539,Taytay (RL),1470,930,9,1,2,8,0,15,0,7,1,2017
1540,Tayug,340,630,26,8,2,11,0,6,0,2,1,2017
1541,Tayum,10,10,5,0,0,0,0,0,0,0,0,2017
1542,T'Boli,40,70,24,0,0,1,0,1,0,0,0,2017
1543,Teresa,250,380,0,0,1,3,0,3,0,3,0,2017
1544,Ternate,0,0,0,0,0,0,0,0,0,0,0,2017
1545,Tiaong,50,110,0,0,0,1,0,1,0,1,0,2017
1546,Tibiao,10,20,6,0,0,0,0,1,0,0,0,2017
1547,Tigaon,50,110,14,1,0,0,0,2,0,0,0,2017
1548,Tigbao,10,0,4,0,0,1,0,0,0,0,0,2017
1549,Tigbauan,20,110,21,1,0,0,0,1,0,0,0,2017
1550,Tinambac,50,50,19,2,0,0,0,2,0,0,0,2017
1551,Tineg,10,70,5,0,0,0,0,0,0,0,0,2017
1552,Tinglayan,10,30,13,0,0,0,0,1,0,0,0,2017
1553,Tingloy,0,0,0,0,0,0,0,0,0,0,0,2017
1554,Tinoc,40,100,13,1,1,1,0,1,0,0,0,2017
1555,Tipo-Tipo,0,0,0,0,0,0,0,0,0,0,0,2017
1556,Titay,60,160,6,2,1,7,0,8,0,3,0,2017
1557,Tiwi,80,240,17,1,0,0,0,1,0,0,0,2017
1558,Tobias Fornier,70,70,14,1,1,0,0,3,0,0,0,2017
1559,Toboso,10,80,15,0,0,0,0,0,0,0,0,2017
1560,Toledo,70,60,5,5,1,5,0,1,0,0,0,2017
1561,Tolosa,10,10,3,1,0,0,0,1,0,0,0,2017
1562,Tomas Oppus,10,10,6,1,0,0,0,1,0,0,0,2017
1563,Tongkil,30,80,2,1,0,1,0,1,0,0,0,2017
1564,Torrijos,40,140,16,1,1,3,0,0,1,0,0,2017
1565,Trece Martires,610,2810,30,2,3,6,0,4,2,0,0,2017
1566,Trento,20,20,10,0,0,1,0,1,0,0,0,2017
1567,Trinidad,0,0,0,0,0,0,0,0,0,0,0,2017
1568,Tuao,50,290,15,2,1,1,0,2,0,0,0,2017
1569,Tuba,70,180,1,2,1,2,0,2,0,2,0,2017
1570,Tubajon,20,0,4,0,0,0,0,0,0,0,0,2017
1571,Tubao,0,0,0,0,0,0,0,0,0,0,0,2017
1572,Tubaran,10,40,1,0,0,0,0,0,0,0,0,2017
1573,Tubay,10,10,7,0,0,0,0,1,0,0,0,2017
1574,Tubigon,70,270,16,1,1,2,0,0,0,0,0,2017
1575,Tublay,10,10,5,0,0,0,0,0,0,0,0,2017
1576,Tubo,10,30,4,0,0,0,0,1,0,0,0,2017
1577,Tubod (LN),90,130,11,3,1,0,0,3,0,0,0,2017
1578,Tubod (SN),10,10,3,0,0,0,0,0,0,0,0,2017
1579,Tubungan,10,120,17,1,0,0,0,1,0,0,0,2017
1580,Tuburan (BA),0,0,0,0,0,0,0,0,0,0,0,2017
1581,Tuburan (CU),30,20,1,1,1,3,0,1,0,0,0,2017
1582,Tudela (CU),0,0,0,0,0,0,0,0,0,0,0,2017
1583,Tudela (MC),10,10,6,0,0,2,0,1,0,0,0,2017
1584,Tugaya,0,0,0,0,0,0,0,0,0,0,0,2017
1585,Tuguegarao,2810,5240,112,9,17,25,2,85,12,38,3,2017
1586,Tukuran,10,10,5,0,0,0,0,0,0,0,0,2017
1587,Tulunan,100,120,1,3,2,5,0,3,0,2,1,2017
1588,Tumauini,20,240,21,1,0,0,0,1,0,0,0,2017
1589,Tunga,10,0,2,0,0,0,0,0,0,0,0,2017
1590,Tungawan,10,10,7,0,0,2,0,0,0,0,0,2017
1591,Tupi,60,20,1,2,0,3,0,1,0,0,0,2017
1592,Turtle Islands,0,0,0,0,0,0,0,0,0,0,0,2017
1593,Tuy,0,0,0,0,0,0,0,0,0,0,0,2017
1594,Ubay,120,160,7,1,1,1,0,2,0,0,0,2017
1595,Umingan,20,140,10,0,0,4,0,3,0,1,0,2017
1596,Ungkaya Pukan,0,0,0,0,0,0,0,0,0,0,0,2017
1597,Unisan,30,180,9,0,0,1,0,1,0,1,0,2017
1598,Upi,60,250,7,0,0,1,0,2,0,0,2,2017
1599,Urbiztondo,10,20,12,5,0,5,0,0,0,0,0,2017
1600,Urdaneta,960,1670,35,3,5,25,1,32,5,8,5,2017
1601,Uson,30,120,14,0,0,0,0,1,0,0,0,2017
1602,Uyugan,20,50,2,0,0,0,0,0,0,0,0,2017
1603,Valderrama,20,50,8,0,0,1,0,2,0,0,0,2017
1604,Valencia (BL),210,340,7,0,1,3,0,4,0,1,0,2017
1605,Valencia (BK),600,1700,61,12,4,27,0,14,6,4,1,2017
1606,Valencia (NR),10,20,10,1,0,0,0,1,0,0,0,2017
1607,Valenzuela,1450,2650,101,32,9,14,0,59,13,21,3,2017
1608,Valladolid,80,400,30,1,1,1,0,2,0,1,0,2017
1609,Vallehermoso,0,0,0,0,0,0,0,0,0,0,0,2017
1610,Veruela,10,30,8,0,0,0,0,1,0,0,0,2017
1611,Victoria (LA),10,80,6,0,0,0,0,1,0,0,0,2017
1612,Victoria (NS),10,10,4,0,0,0,0,0,0,0,0,2017
1613,Victoria (OR),90,130,16,1,0,10,0,1,1,0,0,2017
1614,Victoria (TC),30,20,8,1,0,0,0,1,0,0,0,2017
1615,Victorias,50,170,20,0,0,1,3,0,0,0,0,2017
1616,Viga,50,200,15,2,1,1,0,2,0,1,0,2017
1617,Vigan,1380,3580,54,11,4,25,0,32,0,5,6,2017
1618,Villaba,10,20,9,0,0,0,0,2,0,0,0,2017
1619,Villanueva,0,0,0,0,0,0,0,0,0,0,0,2017
1620,Villareal,10,20,8,0,0,0,0,1,0,0,0,2017
1621,Villasis,140,260,8,5,1,13,0,7,1,3,0,2017
1622,Villaverde,10,70,6,0,0,0,0,1,0,0,0,2017
1623,Villaviciosa,30,130,6,0,0,0,0,1,0,0,0,2017
1624,Vincenzo A Sagun,10,10,6,0,0,0,0,0,0,0,0,2017
1625,Vintar,40,70,14,0,0,5,0,1,0,0,0,2017
1626,Vinzons,10,10,8,0,0,0,0,2,0,0,0,2017
1627,Virac,560,1340,65,7,8,6,0,17,2,7,0,2017
1628,Wao,40,70,4,1,1,2,0,3,0,1,0,2017
1629,Zamboanga,3810,1365,394,11,30,51,0,118,20,54,10,2017
1630,Zamboanguita,10,40,7,0,0,0,0,1,0,0,0,2017
1631,Zaragoza,20,30,10,1,0,0,0,1,0,0,0,2017
1632,Zarraga,10,80,6,1,0,0,0,0,0,0,0,2017
1633,Zumarraga,0,0,0,0,0,0,0,0,0,0,0,2017
