,name,Elementary_school,Secondary_school,Enrollment_Elementary_Male,Enrollment_Elementary_Female,Enrollment_Secondary_Male,Enrollment_Secondary_Female,year
0,Aborlan,310,120,3.217,2.983,1.779,1.663,2018
1,Abra De Ilog,260,40,3.454,3.208,1.050,1.021,2018
2,Abucay,120,20,2.743,2.623,1.021,1.002,2018
3,Abulug,250,30,2.584,2.461,853,883,2018
4,Abuyog,580,50,5.082,4.474,1.702,1.677,2018
5,Adams,20,10,154,129,85,71,2018
6,Agdangan,60,20,914,941,534,532,2018
7,Aglipay,290,60,2.296,1.988,884,885,2018
8,Agno,180,40,2.223,2.036,971,878,2018
9,Agoncillo,130,30,2.452,2.181,967,899,2018
10,Agoo,180,60,4.460,4.085,2.046,2.056,2018
11,Aguilar,170,60,3.439,3.217,1.545,1.304,2018
12,Aguinaldo,250,40,1.764,1.533,500,627,2018
13,Agutaya,80,20,1.041,931,603,541,2018
14,Ajuy,270,70,4.241,3.820,2.186,2.237,2018
15,Akbar,60,10,820,781,119,111,2018
16,Alabat,50,20,1.207,1.155,849,829,2018
17,Alabel,420,200,7.472,6.924,3.220,3.479,2018
18,Alamada,380,70,5.702,5.200,2.061,2.127,2018
19,Alaminos (LA),120,30,3.325,2.906,1.130,1.167,2018
20,Alaminos (PS),370,90,6.932,6.448,2.827,3.015,2018
21,Alang-Alang,480,70,5.047,4.482,1.971,2.269,2018
22,Al-Barka,110,0,1.078,1.072,0,0,2018
23,Albuera,200,40,3.712,3.538,1.515,1.756,2018
24,Alburquerque,70,10,672,591,454,472,2018
25,Alcala (CG),260,30,2.969,2.681,819,782,2018
26,Alcala (PS),160,70,3.134,2.924,1.622,1.536,2018
27,Alcantara (CU),90,20,1.384,1.243,479,540,2018
28,Alcantara (RN),130,30,1.394,1.254,702,682,2018
29,Alcoy,80,30,1.389,1.264,759,771,2018
30,Alegria (CU),200,40,2.169,1.937,684,627,2018
31,Alegria (SN),90,10,1.278,1.196,766,688,2018
32,Aleosan,250,80,3.564,3.241,1.480,1.437,2018
33,Alfonso,180,60,3.593,3.153,1.862,1.708,2018
34,Alfonso Castaneda,110,30,823,706,322,360,2018
35,Alfonso Lista,270,50,2.824,2.473,1.292,1.396,2018
36,Aliaga,230,50,4.512,4.168,1.827,1.914,2018
37,Alicia (BL),170,40,2.001,1.801,1.060,1.088,2018
38,Alicia (IA),340,40,4.824,4.370,1.616,1.779,2018
39,Alicia (ZS),290,50,3.703,3.294,1.574,1.618,2018
40,Alilem,140,10,514,468,258,251,2018
41,Alimodian,310,60,2.905,2.492,1.653,1.439,2018
42,Alitagtag,80,10,1.590,1.436,534,493,2018
43,Allacapan,250,60,2.703,2.460,1.134,1.201,2018
44,Allen,140,30,2.003,1.759,1.219,1.273,2018
45,Almagro,150,20,766,715,341,300,2018
46,Almeria,150,30,1.369,1.157,775,702,2018
47,Aloguinsan,170,30,2.837,2.604,1.301,1.248,2018
48,Aloran,330,30,1.944,1.757,1.053,1.014,2018
49,Altavas,190,50,1.924,1.656,1.161,1.152,2018
50,Alubijid,180,30,2.491,2.238,1.266,1.292,2018
51,Amadeo,100,40,2.243,1.995,1.489,1.333,2018
52,Amai Manabilang,60,10,1.184,1.293,120,152,2018
53,Ambaguio,150,20,964,892,162,264,2018
54,Amlan,100,40,1.740,1.508,736,714,2018
55,Ampatuan,100,40,2.524,2.493,827,894,2018
56,Amulung,420,70,3.615,3.394,1.475,1.464,2018
57,Anahawan,70,10,613,506,179,156,2018
58,Anao,60,10,692,584,403,374,2018
59,Anda (BL),170,30,1.309,1.149,595,545,2018
60,Anda (PS),210,90,3.249,2.888,1.353,1.308,2018
61,Angadanan,490,120,2.929,2.734,1.351,1.275,2018
62,Angat,140,40,4.046,3.746,1.357,1.333,2018
63,Angeles,430,140,28.596,26.531,12.718,13.074,2018
64,Angono,50,40,7.098,6.621,3.494,3.378,2018
65,Anilao,180,30,2.276,1.976,1.035,1.009,2018
66,Anini-Y,180,20,1.629,1.397,343,319,2018
67,Antequera,170,20,1.007,837,349,340,2018
68,Antipas,150,40,2.281,2.064,794,904,2018
69,Antipolo,450,210,53.830,49.256,26.222,26.717,2018
70,Apalit,150,70,6.746,6.023,2.582,2.491,2018
71,Aparri,350,40,5.108,4.731,1.807,1.957,2018
72,Araceli,180,40,1.297,1.209,659,558,2018
73,Arakan,390,150,4.760,4.445,1.936,2.040,2018
74,Arayat,310,50,9.651,8.621,3.877,3.880,2018
75,Argao,470,90,5.765,4.929,2.314,2.233,2018
76,Aringay,230,40,3.394,3.077,1.100,1.094,2018
77,Aritao,250,20,2.945,2.656,1.007,1.043,2018
78,Aroroy,470,140,9.444,8.323,3.908,4.104,2018
79,Arteche,170,30,1.418,1.268,869,802,2018
80,Asingan,190,70,3.679,3.285,2.022,1.939,2018
81,Asipulo,220,40,1.158,1.103,372,569,2018
82,Asturias,300,40,4.955,4.317,1.375,1.454,2018
83,Asuncion,270,40,4.809,4.362,2.135,2.095,2018
84,Atimonan,270,50,4.595,4.147,1.823,1.744,2018
85,Atok,220,20,1.321,1.240,306,308,2018
86,Aurora (IA),280,10,2.543,2.393,1.243,1.295,2018
87,Aurora (ZR),410,80,4.326,4.060,1.791,1.771,2018
88,Ayungon,310,50,3.837,3.478,1.408,1.704,2018
89,Baao,250,50,4.868,4.218,2.041,2.067,2018
90,Babatngon,200,40,2.648,2.364,1.163,1.160,2018
91,Bacacay,410,70,6.047,5.259,2.234,2.150,2018
92,Bacarra,240,20,1.971,1.842,1.309,1.272,2018
93,Baclayon,120,20,1.236,1.113,356,339,2018
94,Bacnotan,170,20,2.455,2.084,1.296,1.149,2018
95,Baco,340,50,3.416,2.991,1.352,1.307,2018
96,Bacolod (LN),140,30,1.770,1.589,699,615,2018
97,Bacolod (NO),460,240,36.437,33.842,17.712,18.196,2018
98,Bacolod-Kalawi,180,30,2.299,2.800,354,457,2018
99,Bacolor,240,50,5.289,4.934,1.881,1.702,2018
100,Bacong,100,30,2.226,2.067,734,692,2018
101,Bacoor,270,50,27.650,25.577,10.639,10.714,2018
102,Bacuag,140,30,1.159,1.029,652,606,2018
103,Bacungan Leon B. Postigo,200,40,2.945,2.614,1.079,1.146,2018
104,Badian,250,50,3.505,3.099,1.512,1.522,2018
105,Badiangan,200,20,1.672,1.451,573,575,2018
106,Badoc,210,30,2.133,1.814,420,326,2018
107,Bagabag,240,40,2.725,2.456,1.063,1.123,2018
108,Bagac,100,30,2.133,1.942,973,903,2018
109,Bagamanoc,130,30,936,852,592,498,2018
110,Baganga,270,50,5.335,4.827,1.827,1.877,2018
111,Baggao,640,90,7.038,6.382,2.665,2.599,2018
112,Bago,360,70,13.347,12.036,5.827,5.612,2018
113,Baguio,450,230,18.534,17.333,10.144,10.826,2018
114,Bagulin,140,50,971,829,553,512,2018
115,Bagumbayan,410,100,5.392,4.846,1.934,1.937,2018
116,Bais,410,180,6.314,5.821,2.938,3.218,2018
117,Bakun,290,40,1.036,943,294,348,2018
118,Balabac,350,70,4.675,4.436,1.313,1.595,2018
119,Balabagan,130,80,2.274,2.444,792,1.028,2018
120,Balagtas,120,10,4.676,4.406,1.421,1.443,2018
121,Balamban,310,100,8.227,7.311,3.666,3.641,2018
122,Balanga,180,20,6.231,5.865,3.626,3.700,2018
123,Balangiga,90,10,1.264,1.084,542,583,2018
124,Balangkayan,120,10,858,756,371,313,2018
125,Balaoan,180,50,2.439,2.191,1.246,1.104,2018
126,Balasan,170,20,2.873,2.651,1.540,1.678,2018
127,Balatan,170,50,3.146,2.796,1.120,1.103,2018
128,Balayan,270,30,6.236,5.707,2.864,2.766,2018
129,Balbalan,290,30,1.010,876,342,267,2018
130,Baleno,240,60,2.964,2.545,1.118,1.170,2018
131,Baler,110,70,3.243,2.890,1.411,1.471,2018
132,Balete (AK),140,60,1.976,1.755,971,900,2018
133,Balete (BS),100,10,1.415,1.243,498,505,2018
134,Baliangao,140,20,1.163,1.026,363,356,2018
135,Baliguian,180,20,1.879,1.628,361,349,2018
136,Balilihan,170,30,1.342,1.098,460,508,2018
137,Balindong,340,10,4.957,5.082,466,634,2018
138,Balingasag,320,60,6.317,5.717,2.390,2.157,2018
139,Balingoan,90,20,964,907,342,340,2018
140,Baliwag,230,50,9.714,9.085,3.768,3.701,2018
141,Ballesteros,200,10,2.510,2.365,960,962,2018
142,Baloi,250,10,4.030,3.975,301,334,2018
143,Balud,330,60,4.245,3.851,1.600,1.642,2018
144,Balungao,180,40,1.988,1.744,1.003,869,2018
145,Bamban,220,20,5.419,4.893,2.220,2.423,2018
146,Bambang,300,20,3.797,3.571,1.241,1.410,2018
147,Banate,130,20,2.723,2.495,1.395,1.373,2018
148,Banaue,230,30,1.547,1.486,300,331,2018
149,Banaybanay,180,40,3.904,3.503,1.436,1.527,2018
150,Banayoyo,70,10,558,512,264,251,2018
151,Banga (AK),250,60,2.748,2.469,1.199,1.076,2018
152,Banga (SC),310,110,6.574,5.856,2.578,2.371,2018
153,Bangar,160,50,2.476,2.309,1.478,1.441,2018
154,Bangued,240,20,3.208,2.864,1.132,1.179,2018
155,Bangui,130,30,985,976,672,635,2018
156,Bani,290,100,3.797,3.364,2.047,1.915,2018
157,Banisilan,280,60,4.081,3.904,1.505,1.612,2018
158,Banna,170,40,1.375,1.228,517,473,2018
159,Bansalan,270,50,4.637,4.369,1.261,1.169,2018
160,Bansud,200,80,3.566,3.315,1.779,1.848,2018
161,Bantay,180,20,2.028,1.933,411,320,2018
162,Bantayan Island,250,120,6.753,6.177,3.539,3.394,2018
163,Banton,80,20,354,375,241,216,2018
164,Baras (CT),160,20,1.163,1.080,680,605,2018
165,Baras (RL),80,30,5.283,4.813,1.740,1.673,2018
166,Barbaza,170,10,1.679,1.472,596,653,2018
167,Barcelona,210,30,1.609,1.340,880,830,2018
168,Barili,340,120,7.047,6.072,2.940,2.861,2018
169,Barira,330,30,3.246,3.473,365,505,2018
170,Barlig,100,40,309,332,228,190,2018
171,Barobo,310,70,4.691,4.242,1.867,1.877,2018
172,Barotac Nuevo,260,40,4.307,3.828,1.945,1.918,2018
173,Barotac Viejo,270,40,3.704,3.342,1.671,1.741,2018
174,Baroy,130,20,1.726,1.634,1.595,1.582,2018
175,Barugo,330,40,2.868,2.590,1.131,1.111,2018
176,Basay,130,40,2.631,2.434,1.097,1.214,2018
177,Basco,50,10,585,546,373,392,2018
178,Basey,600,70,4.964,4.627,2.474,2.616,2018
179,Basilisa,280,80,1.835,1.590,876,861,2018
180,Basista,110,30,2.852,2.532,1.465,1.339,2018
181,Basud (CN),260,40,3.735,3.470,1.985,1.957,2018
182,Batac,260,40,3.203,2.884,1.296,1.297,2018
183,Batad,140,20,1.858,1.659,853,877,2018
184,Batan,200,130,2.452,2.084,1.278,1.147,2018
185,Batangas,820,190,19.978,18.416,9.028,8.691,2018
186,Bataraza,430,100,7.852,7.362,2.279,2.739,2018
187,Bato (CS),250,60,4.517,4.044,1.658,1.598,2018
188,Bato (CT),180,30,1.732,1.552,908,855,2018
189,Bato (LE),260,50,3.108,2.923,1.801,1.867,2018
190,Batuan (BL),150,30,1.112,933,496,595,2018
191,Batuan (MS),130,40,1.456,1.345,711,679,2018
192,Bauan,250,40,5.490,5.366,2.491,2.356,2018
193,Bauang,260,70,4.668,4.212,2.159,2.006,2018
194,Bauko,400,120,2.442,2.276,1.078,1.088,2018
195,Baungon,180,20,3.305,2.970,981,960,2018
196,Bautista,110,30,2.645,2.429,1.314,1.199,2018
197,Bay,140,40,4.764,4.283,1.734,1.783,2018
198,Bayabas,80,10,702,626,172,184,2018
199,Bayambang,490,90,9.797,8.624,4.168,4.220,2018
200,Bayang,310,30,2.511,2.702,418,481,2018
201,Bayawan,530,220,11.020,9.728,4.543,5.017,2018
202,Baybay,700,140,8.428,7.335,4.182,4.028,2018
203,Bayog,320,50,2.886,2.749,1.114,1.140,2018
204,Bayombong,260,50,4.323,3.972,1.865,1.991,2018
205,Bayugan,560,100,9.589,8.601,4.313,4.635,2018
206,Belison,80,10,876,832,524,475,2018
207,Benito Soliven,310,60,2.442,2.224,1.192,1.073,2018
208,Besao,160,50,527,473,274,247,2018
209,Bien Unido,140,30,2.473,2.245,926,848,2018
210,Bilar,180,10,1.333,1.183,454,467,2018
211,Biliran,120,20,1.484,1.396,834,825,2018
212,Binalbagan,310,60,6.431,5.699,2.007,2.078,2018
213,Binalonan,220,60,3.482,3.213,2.188,2.162,2018
214,Binangonan,360,90,18.385,17.021,8.130,8.154,2018
215,Bindoy,290,30,3.269,3.034,1.367,1.629,2018
216,Bingawan,150,20,1.277,1.213,622,521,2018
217,Binidayan,150,20,1.459,1.682,371,427,2018
218,Binmaley,290,40,5.976,5.502,2.016,1.870,2018
219,Binuangan,80,20,635,525,273,266,2018
220,Biri,110,20,1.102,1.012,567,581,2018
221,Bislig,510,180,7.510,6.786,2.954,2.905,2018
222,Binan,260,80,19.516,18.210,8.575,8.818,2018
223,Boac,380,30,4.594,4.019,2.265,2.238,2018
224,Bobon,170,20,2.227,2.135,1.110,1.278,2018
225,Bocaue,150,40,8.591,7.745,2.852,2.815,2018
226,Bogo,230,120,6.618,5.921,1.774,1.709,2018
227,Bokod,380,30,974,891,412,438,2018
228,Bolinao,340,160,6.910,6.428,3.765,3.527,2018
229,Boliney,80,10,300,249,96,70,2018
230,Boljoon,110,30,1.474,1.263,678,595,2018
231,Bombon,70,20,1.464,1.232,364,353,2018
232,Bongabon,230,30,4.629,4.374,2.111,2.236,2018
233,Bongabong,390,110,6.016,5.553,2.477,2.433,2018
234,Bongao,590,40,9.082,8.751,1.778,2.285,2018
235,Bonifacio,310,40,2.800,2.509,1.065,1.060,2018
236,Bontoc (MP),190,60,1.445,1.282,748,801,2018
237,Bontoc (SL),330,40,2.625,2.266,1.203,1.186,2018
238,Borbon,180,60,3.123,2.840,1.115,994,2018
239,Borongan,510,70,5.569,4.924,2.943,2.916,2018
240,Boston,120,20,1.246,1.231,523,514,2018
241,Botolan,390,120,4.790,4.642,1.990,1.883,2018
242,Braulio E. Dujali,110,30,1.829,1.777,1.088,1.010,2018
243,Brooke's Point,390,110,6.420,5.934,2.524,2.716,2018
244,Buadiposo-Buntong,110,20,1.274,1.441,541,623,2018
245,Bubong,150,30,2.028,2.222,1.028,1.392,2018
246,Bucay,170,30,1.317,1.164,755,692,2018
247,Bucloc,40,0,172,156,0,0,2018
248,Buenavista (AN),370,110,5.379,4.888,2.038,2.083,2018
249,Buenavista (BL),310,40,2.603,2.303,1.296,1.260,2018
250,Buenavista (GS),280,50,3.345,3.104,1.837,1.764,2018
251,Buenavista (ME),170,70,2.299,2.079,1.164,1.182,2018
252,Buenavista (QN),220,50,3.053,2.731,1.135,1.187,2018
253,Bugallon,280,50,5.830,5.169,2.618,2.617,2018
254,Bugasong,250,40,2.814,2.444,1.585,1.586,2018
255,Buguey,330,50,2.459,2.173,890,932,2018
256,Buguias,430,60,2.983,2.711,1.250,1.308,2018
257,Buhi,370,40,7.136,6.331,2.365,2.522,2018
258,Bula,340,110,6.397,5.846,2.636,2.697,2018
259,Bulakan,130,40,4.020,3.675,1.892,1.789,2018
260,Bulalacao,320,70,4.395,4.071,1.680,1.862,2018
261,Bulan,620,120,8.785,8.009,3.960,3.966,2018
262,Buldon,280,30,2.971,3.025,439,484,2018
263,Buluan,100,10,3.449,3.648,310,441,2018
264,Bulusan,200,30,1.896,1.588,1.081,936,2018
265,Bunawan,210,20,3.904,3.535,1.348,1.478,2018
266,Burauen,600,30,4.388,3.989,1.742,1.899,2018
267,Burdeos,160,20,2.656,2.399,841,759,2018
268,Burgos (IN),100,10,690,657,323,282,2018
269,Burgos (IS),90,10,810,740,333,334,2018
270,Burgos (IA),120,30,1.817,1.617,816,761,2018
271,Burgos (LU),80,30,576,579,341,303,2018
272,Burgos (PS),150,30,1.369,1.290,711,680,2018
273,Burgos (SN),50,10,330,333,154,150,2018
274,Buruanga,140,30,1.536,1.322,739,663,2018
275,Bustos,130,40,4.743,4.278,2.247,2.211,2018
276,Busuanga,150,50,1.994,1.857,996,965,2018
277,Butig,190,30,1.505,1.682,351,558,2018
278,Butuan,1070,370,28.108,26.098,12.916,13.395,2018
279,Buug,280,50,3.425,3.148,1.072,1.044,2018
280,Caba,100,60,1.438,1.275,831,788,2018
281,Cabadbaran,270,70,6.236,5.778,2.095,1.871,2018
282,Cabagan,260,40,3.727,3.440,1.727,1.750,2018
283,Cabanatuan,570,170,19.465,18.092,8.737,9.183,2018
284,Cabangan,170,10,1.920,1.764,621,570,2018
285,Cabanglasan,260,30,3.297,2.955,1.031,1.006,2018
286,Cabarroguis,250,90,2.511,2.276,1.552,1.539,2018
287,Cabatuan (IO),380,60,3.885,3.549,2.277,2.250,2018
288,Cabatuan (IA),160,30,2.465,2.257,1.051,1.051,2018
289,Cabiao,200,40,5.493,4.965,2.644,2.509,2018
290,Cabucgayan,120,20,1.827,1.822,850,920,2018
291,Cabugao,260,40,2.666,2.446,909,784,2018
292,Cabusao,80,20,1.724,1.631,910,857,2018
293,Cabuyao,190,80,18.053,16.563,9.173,8.932,2018
294,Cadiz,500,180,13.175,11.571,5.921,5.866,2018
295,Cagayancillo,80,10,474,456,232,277,2018
296,Cagayan De Oro,700,380,47.708,44.402,21.435,22.816,2018
297,Cagdianao,190,40,1.573,1.428,808,723,2018
298,Cagwait,140,30,1.818,1.659,705,720,2018
299,Caibiran,180,30,2.276,2.083,1.074,1.067,2018
300,Cainta,190,40,18.221,16.468,5.028,5.024,2018
301,Cajidiocan,140,40,2.241,1.983,1.203,1.150,2018
302,Calabanga,370,80,7.716,6.870,3.654,3.781,2018
303,Calaca,310,50,5.653,5.266,2.536,2.504,2018
304,Calamba (LA),510,200,30.678,28.233,12.232,12.308,2018
305,Calamba (MC),170,10,1.631,1.494,632,613,2018
306,Calanasan,250,50,925,835,427,430,2018
307,Calanogas,60,30,1.060,1.188,260,334,2018
308,Calapan,490,90,9.694,9.076,5.161,5.082,2018
309,Calape,190,40,2.341,2.175,1.104,1.093,2018
310,Calasiao,270,40,6.501,5.797,3.196,3.171,2018
311,Calatagan,220,20,4.571,4.042,2.050,2.037,2018
312,Calatrava (NO),450,50,7.188,6.545,2.781,3.170,2018
313,Calatrava (RN),80,20,1.061,935,508,496,2018
314,Calauag,450,120,6.185,5.533,2.488,2.479,2018
315,Calauan,210,40,6.084,5.644,2.087,2.333,2018
316,Calayan,170,50,1.576,1.395,778,689,2018
317,Calbayog,1550,260,15.392,14.274,7.817,8.230,2018
318,Calbiga,370,20,2.080,1.844,1.227,1.187,2018
319,Calinog,440,80,5.138,4.649,2.633,2.543,2018
320,Calintaan,200,60,2.687,2.377,1.188,1.351,2018
321,Caloocan,540,310,87.065,81.689,45.561,45.139,2018
322,Calubian,280,30,2.612,2.463,1.304,1.403,2018
323,Calumpit,260,50,6.834,6.178,3.208,2.993,2018
324,Caluya,230,40,3.171,3.004,1.380,1.308,2018
325,Camalaniugan,100,30,1.670,1.563,1.014,1.074,2018
326,Camalig,330,60,5.566,4.929,2.123,2.009,2018
327,Camaligan,60,10,1.615,1.477,847,852,2018
328,Camiling,410,50,5.384,4.994,2.343,2.140,2018
329,Canaman,180,30,2.127,1.890,719,654,2018
330,Can-Avid,190,20,2.002,1.798,854,884,2018
331,Candaba,340,110,7.322,6.504,3.721,3.688,2018
332,Candelaria (QN),260,50,9.323,8.582,3.088,3.010,2018
333,Candelaria (ZA),160,40,2.118,1.970,1.054,911,2018
334,Candijay,220,50,2.269,1.962,1.263,1.209,2018
335,Candon,290,50,3.832,3.474,1.973,2.027,2018
336,Candoni,170,30,2.024,1.821,752,740,2018
337,Canlaon,230,80,4.459,4.165,1.836,2.156,2018
338,Cantilan,230,60,2.604,2.333,1.041,936,2018
339,Caoayan,120,30,1.141,1.044,312,270,2018
340,Capalonga,220,40,3.547,2.987,1.051,1.057,2018
341,Capas,330,80,10.454,9.642,5.241,5.062,2018
342,Capoocan,200,40,3.012,2.748,1.222,1.232,2018
343,Capul,120,20,1.168,981,673,634,2018
344,Caraga,420,50,3.936,3.506,1.437,1.421,2018
345,Caramoan,530,80,5.400,4.823,2.085,2.119,2018
346,Caramoran,220,70,3.134,2.921,1.644,1.529,2018
347,Carasi,10,10,80,47,74,64,2018
348,Carcar,330,140,10.553,9.384,4.221,4.285,2018
349,Cardona,140,30,3.643,3.422,1.636,1.500,2018
350,Carigara,300,40,4.529,4.138,2.001,1.937,2018
351,Carles,360,60,6.579,5.844,2.666,2.626,2018
352,Carmen (AN),120,40,1.971,1.868,887,877,2018
353,Carmen (BL),340,80,3.706,3.294,1.535,1.561,2018
354,Carmen (CU),190,40,4.335,3.785,1.980,2.013,2018
355,Carmen (NC),430,120,8.653,8.374,2.788,3.111,2018
356,Carmen (DN),210,60,6.065,5.487,2.588,2.536,2018
357,Carmen (SS),100,20,944,904,277,233,2018
358,Carmona,90,10,5.171,4.905,2.729,2.769,2018
359,Carranglan,220,60,3.066,2.861,1.175,1.275,2018
360,Carrascal,170,30,1.827,1.728,864,834,2018
361,Casiguran (AU),150,40,2.046,1.878,1.060,962,2018
362,Casiguran (SO),200,30,2.850,2.611,1.811,1.735,2018
363,Castilla,390,110,5.662,4.888,2.866,2.756,2018
364,Castillejos,170,50,4.785,4.618,1.892,1.847,2018
365,Cataingan,390,70,5.350,4.737,2.364,2.541,2018
366,Catanauan,280,90,5.938,5.543,2.029,2.039,2018
367,Catarman (CM),120,40,1.437,1.288,771,658,2018
368,Catarman (NS),470,60,8.466,7.783,3.109,3.450,2018
369,Catbalogan,500,80,8.233,7.651,4.502,4.935,2018
370,Cateel,270,40,4.122,3.580,1.375,1.512,2018
371,Catigbian,220,40,1.648,1.482,687,696,2018
372,Catmon,190,40,2.459,2.172,950,1.009,2018
373,Catubig,400,30,3.289,3.029,1.309,1.433,2018
374,Cauayan (IA),650,140,10.014,9.145,4.110,4.408,2018
375,Cauayan (NO),610,120,10.100,8.960,3.116,3.340,2018
376,Cavinti,160,40,1.584,1.419,779,727,2018
377,Cavite,120,20,6.211,5.952,3.087,3.067,2018
378,Cawayan,420,70,7.029,6.525,2.265,2.267,2018
379,Cebu,680,540,58.420,54.055,26.185,27.562,2018
380,Cervantes,220,10,1.488,1.186,372,457,2018
381,Clarin (BL),170,30,1.641,1.470,680,711,2018
382,Clarin (MC),290,20,2.567,2.343,1.214,1.285,2018
383,Claver,160,20,3.011,2.604,1.250,1.331,2018
384,Claveria (CG),240,30,1.764,1.648,891,785,2018
385,Claveria (MS),290,80,4.530,4.163,1.655,1.642,2018
386,Claveria (MO),360,90,4.862,4.434,1.660,1.582,2018
387,Columbio,250,60,2.844,2.557,969,1.029,2018
388,Compostela (CU),180,80,4.067,3.694,1.987,2.078,2018
389,Compostela (DDO),240,110,6.986,6.361,3.969,4.030,2018
390,Concepcion (IO),360,40,3.828,3.398,1.872,1.733,2018
391,Concepcion,150,10,357,304,107,124,2018
392,Concepcion (RN),90,20,336,274,125,128,2018
393,Concepcion (TC),510,50,11.521,10.675,4.405,4.427,2018
394,Conner,360,80,2.321,2.048,1.093,1.129,2018
395,Consolacion,180,110,9.585,8.801,4.369,4.368,2018
396,Corcuera,130,30,819,720,498,493,2018
397,Cordon,210,50,3.475,3.185,1.139,1.123,2018
398,Cordova,110,20,4.872,4.390,1.106,1.123,2018
399,Corella,80,20,536,510,449,402,2018
400,Coron,320,50,5.242,4.743,2.055,1.961,2018
401,Cortes (BL),120,20,1.143,1.013,222,187,2018
402,Cortes (SS),150,40,1.486,1.323,753,681,2018
403,Cotabato,280,150,16.848,16.574,6.692,7.654,2018
404,Cuartero,200,40,2.120,1.892,1.110,995,2018
405,Cuenca,160,20,2.527,2.173,912,877,2018
406,Culaba,120,20,1.149,1.034,545,532,2018
407,Culasi,330,50,3.459,3.188,1.687,1.679,2018
408,Culion,200,20,1.907,1.787,628,620,2018
409,Currimao,90,20,744,693,392,360,2018
410,Cuyapo,440,60,4.460,4.125,2.060,2.003,2018
411,Cuyo,140,70,1.863,1.598,1.087,994,2018
412,Daan Bantayan,300,130,8.123,7.262,3.721,3.508,2018
413,Daet,240,50,7.998,7.601,3.500,3.650,2018
414,Dagami,330,30,3.219,3.091,1.209,1.201,2018
415,Dagohoy,150,20,1.691,1.524,614,608,2018
416,Daguioman,30,10,118,120,128,92,2018
417,Dagupan,340,80,11.713,10.438,5.784,5.937,2018
418,Dalaguete,420,80,6.623,5.761,3.143,3.265,2018
419,Damulog,290,20,2.885,2.602,749,864,2018
420,Danao (BL),210,40,1.698,1.443,891,892,2018
421,Danao (CU),440,320,11.339,10.351,4.961,5.001,2018
422,Dangcagan,140,20,2.426,2.213,755,883,2018
423,Danglas,50,10,285,294,211,195,2018
424,Dao,190,40,1.911,1.775,1.151,1.024,2018
425,Dapa,210,50,2.250,2.039,1.335,1.435,2018
426,Dapitan,500,100,6.760,6.153,3.077,2.958,2018
427,Daraga,480,80,8.930,8.104,5.221,5.286,2018
428,Daram,580,90,4.068,3.731,2.043,1.975,2018
429,Dasmarinas,280,120,38.446,35.500,19.709,19.531,2018
430,Dasol,170,40,2.285,2.129,744,658,2018
431,Datu Abdullah Sangki,120,0,2.835,2.895,0,0,2018
432,Datu Anggal Midtimbang,60,0,1.686,1.817,0,0,2018
433,Datu Blah Sinsuat,160,0,1.766,1.620,0,0,2018
434,Datu Hoffer Ampatuan,60,10,936,1.011,66,71,2018
435,Datu Odin Sinsuat,410,60,8.889,8.838,1.717,2.163,2018
436,Datu Paglas,230,30,3.731,3.383,1.180,1.322,2018
437,Datu Piang,150,30,2.562,2.554,746,815,2018
438,Datu Salibo,80,0,999,1.050,0,0,2018
439,Datu Saudi-Ampatuan,100,10,2.143,2.389,310,365,2018
440,Datu Unsay,50,10,716,832,133,118,2018
441,Dauin,130,70,1.820,1.685,1.044,991,2018
442,Dauis,120,30,2.879,2.595,1.164,1.044,2018
443,Davao,2840,790,115.134,106.060,46.074,48.931,2018
444,Del Carmen,190,30,1.468,1.287,539,520,2018
445,Delfin Albano,200,40,1.819,1.656,776,696,2018
446,Del Gallego,150,30,2.432,2.198,1.044,1.023,2018
447,Diadi,190,10,1.454,1.326,478,522,2018
448,Diffun,440,60,4.019,3.629,1.411,1.476,2018
449,Digos,360,90,13.426,12.624,5.906,6.323,2018
450,Dilasag,140,50,1.485,1.324,670,674,2018
451,Dimasalang,210,20,2.768,2.478,1.080,1.202,2018
452,Dimataling,250,80,2.632,2.415,1.300,1.216,2018
453,Dimiao,150,20,1.107,1.010,415,438,2018
454,Dinagat,120,30,805,703,441,395,2018
455,Dinalungan,80,20,950,904,405,495,2018
456,Dinalupihan,330,70,8.211,7.608,3.824,3.576,2018
457,Dinapigue,30,10,493,456,227,201,2018
458,Dinas,320,80,2.819,2.557,956,1.049,2018
459,Dingalan,140,40,2.225,2.016,923,982,2018
460,Dingle,240,50,3.406,2.917,1.507,1.370,2018
461,Dingras,240,60,2.764,2.387,1.099,1.025,2018
462,Dipaculao,230,60,2.708,2.458,1.123,1.177,2018
463,Diplahan,260,70,2.987,2.866,1.486,1.498,2018
464,Dipolog,380,100,9.752,9.135,5.166,5.434,2018
465,Ditsaan-Ramain,160,30,2.611,3.019,473,582,2018
466,Divilacan,50,10,355,342,164,146,2018
467,Dolores (AA),100,10,766,733,238,212,2018
468,Dolores (ES),420,50,3.940,3.504,1.854,2.057,2018
469,Dolores (QN),120,20,2.120,2.005,689,697,2018
470,Don Carlos,300,70,5.941,5.542,2.213,2.363,2018
471,Don Marcelino,220,40,4.651,4.207,1.545,1.583,2018
472,Donsol,470,70,4.990,4.374,2.730,2.704,2018
473,Don Victoriano Chiongbian,120,30,807,761,294,326,2018
474,Dona Remedios Trinidad,240,40,1.830,1.667,645,642,2018
475,Duero,210,30,1.391,1.344,622,508,2018
476,Duenas,260,50,2.603,2.384,1.302,1.197,2018
477,Dulag,390,60,3.991,3.741,1.961,2.087,2018
478,Dumaguete,180,80,8.073,7.351,4.605,4.741,2018
479,Dumalag,200,20,2.130,1.963,854,860,2018
480,Dumalinao,290,80,2.890,2.567,1.371,1.334,2018
481,Dumalneg,20,10,201,203,96,113,2018
482,Dumangas,310,40,4.803,4.181,2.134,2.004,2018
483,Dumanjug,290,60,4.975,4.467,2.241,2.215,2018
484,Dumaran,360,90,2.224,1.976,1.071,1.034,2018
485,Dumarao,330,60,3.636,3.163,1.787,1.623,2018
486,Dumingag,520,50,4.611,4.161,1.626,1.742,2018
487,Dupax Del Norte,210,50,2.137,1.904,891,925,2018
488,Dupax Del Sur,170,30,1.426,1.292,443,446,2018
489,Echague,570,80,5.855,5.313,2.038,2.034,2018
490,El Nido,270,90,3.954,3.730,1.918,2.085,2018
491,El Salvador,150,70,3.954,3.646,1.410,1.249,2018
492,Enrile,190,40,2.499,2.348,1.326,1.129,2018
493,E. B. Magalona,220,40,4.954,4.500,1.698,1.721,2018
494,Enrique Villanueva,40,10,413,328,320,286,2018
495,Escalante,270,140,8.330,7.397,3.788,3.962,2018
496,Esperanza (AS),530,100,6.274,5.661,1.897,1.946,2018
497,Esperanza (MS),180,20,1.730,1.650,706,690,2018
498,Esperanza (SK),350,80,5.118,4.908,2.328,2.584,2018
499,Estancia,110,20,4.053,3.713,1.941,2.101,2018
500,Famy,50,10,1.301,1.192,789,809,2018
501,Ferrol,60,10,613,554,216,185,2018
502,Flora,170,30,1.477,1.311,562,528,2018
503,Floridablanca,340,60,7.586,6.841,3.354,3.005,2018
504,Gabaldon,200,30,3.004,2.700,871,870,2018
505,Gainza,60,10,884,818,359,353,2018
506,Galimuyod,90,10,533,474,131,91,2018
507,Gamay,210,50,1.981,1.906,1.301,1.248,2018
508,Gamu,160,30,2.115,1.962,944,843,2018
509,Ganassi,240,60,2.225,2.452,999,1.189,2018
510,Gandara,560,40,3.212,2.937,1.447,1.413,2018
511,Gapan,330,100,8.633,7.782,4.509,4.532,2018
512,Garchitorena,230,80,3.306,2.898,1.119,1.107,2018
513,Garcia-Hernandez,180,30,1.665,1.439,640,599,2018
514,Gasan,220,50,3.028,2.822,1.456,1.428,2018
515,Gattaran,460,40,4.356,3.814,1.605,1.681,2018
516,Gen. Emilio Aguinaldo,100,10,1.328,1.105,488,492,2018
517,General Luna (QN),150,20,2.204,1.883,642,619,2018
518,General Luna  (SN),170,40,1.477,1.421,806,809,2018
519,General Macarthur,240,10,1.382,1.188,501,518,2018
520,General Mamerto Natividad,190,40,2.981,2.736,1.020,1.035,2018
521,General Nakar,260,40,2.633,2.397,969,948,2018
522,General Santos,740,260,46.552,43.537,21.636,22.388,2018
523,General Tinio,150,40,3.337,3.210,1.805,1.839,2018
524,General Trias,270,80,19.390,18.330,8.828,8.527,2018
525,Gen. Mariano Alvarez,80,20,10.889,9.965,4.801,4.856,2018
526,Gen S.K Pendatun,160,30,2.623,2.645,761,791,2018
527,Gerona,430,70,5.843,5.347,2.327,2.253,2018
528,Getafe,240,40,2.884,2.599,971,944,2018
529,Gigaquit,180,20,1.766,1.584,544,556,2018
530,Gigmoto,70,30,828,768,440,442,2018
531,Ginatilan,110,50,1.205,1.064,491,432,2018
532,Gingoog,740,220,11.693,10.440,4.264,4.469,2018
533,Giporlos,120,20,1.193,1.056,609,621,2018
534,Gitagum,110,10,1.187,1.096,219,245,2018
535,Glan,530,220,10.426,9.421,3.766,4.022,2018
536,Gloria,280,40,3.980,3.606,1.489,1.413,2018
537,Goa,260,70,6.745,6.218,2.319,2.483,2018
538,Godod,210,30,1.874,1.729,488,471,2018
539,Gonzaga,270,60,3.188,2.955,1.169,1.168,2018
540,Governor Generoso,220,60,5.655,5.266,2.250,2.420,2018
541,Gregorio Del Pilar,90,10,267,229,111,104,2018
542,Guagua,250,40,6.813,6.298,2.526,2.438,2018
543,Gubat,390,60,4.843,4.249,2.544,2.656,2018
544,Guiguinto (BU),140,40,6.132,5.740,3.656,3.565,2018
545,Guihulngan,570,120,8.854,8.245,3.124,3.536,2018
546,Guimba,550,80,7.941,7.281,2.622,2.878,2018
547,Guimbal,120,40,2.362,2.126,1.587,1.609,2018
548,Guinayangan,250,50,3.343,3.130,1.280,1.291,2018
549,Guindulman,200,30,2.461,2.131,981,927,2018
550,Guindulungan,80,10,1.652,1.610,384,457,2018
551,Guinobatan,350,60,6.580,5.813,3.918,4.064,2018
552,Guinsiliban,60,20,512,524,281,238,2018
553,Guipos,200,40,1.841,1.624,864,902,2018
554,Guiuan,450,70,4.240,3.876,2.030,1.757,2018
555,Gumaca,280,70,5.414,5.079,2.710,2.606,2018
556,Gutalac,340,60,3.875,3.468,1.234,1.305,2018
557,Hadji Mohammad Ajul,100,20,1.080,1.060,195,188,2018
558,Hadji Muhtamad,30,20,529,495,250,333,2018
559,Hadji Panglima Tahil,60,10,118,132,38,44,2018
560,Hagonoy (BU),290,40,8.915,8.224,4.308,4.252,2018
561,Hagonoy (DS),220,20,4.149,3.862,1.250,1.149,2018
562,Hamtic,410,60,4.084,3.633,2.143,1.967,2018
563,Hermosa,170,30,5.085,4.629,1.582,1.573,2018
564,Hernani,100,10,681,678,481,436,2018
565,Hilongos,500,60,4.790,4.297,2.169,2.081,2018
566,Himamaylan,440,110,10.140,9.267,3.169,3.349,2018
567,Hinabangan,190,20,1.200,1.109,710,786,2018
568,Hinatuan,390,120,3.691,3.342,1.812,1.758,2018
569,Hindang,180,30,1.559,1.372,753,649,2018
570,Hingyon,150,20,824,725,310,340,2018
571,Hinigaran,300,40,6.833,6.066,2.728,2.643,2018
572,Hinobaan,280,40,5.891,5.388,2.050,2.054,2018
573,Hinunangan,300,30,2.096,1.900,969,866,2018
574,Hinundayan,140,10,877,777,372,372,2018
575,Hungduan,140,20,721,575,214,254,2018
576,Iba,170,40,3.905,3.681,2.215,2.162,2018
577,Ibaan,160,20,3.437,3.016,1.797,1.788,2018
578,Ibajay,330,50,3.686,3.319,1.562,1.552,2018
579,Igbaras,200,20,2.270,2.019,1.186,1.063,2018
580,Iguig,140,30,2.033,1.786,927,853,2018
581,Ilagan,880,170,10.370,9.533,5.051,4.891,2018
582,Iligan,850,300,27.637,25.367,10.326,11.510,2018
583,Ilog,240,70,4.647,4.294,1.459,1.510,2018
584,Iloilo,530,180,26.480,24.402,12.965,13.494,2018
585,Imelda,190,10,2.099,1.904,590,667,2018
586,Impasug-Ong,290,50,4.890,4.522,1.485,1.762,2018
587,Imus,260,50,22.224,20.367,11.218,10.905,2018
588,Inabanga,460,60,3.862,3.512,1.801,1.654,2018
589,Indanan,330,40,3.957,3.764,764,906,2018
590,Indang,260,20,3.893,3.544,1.384,1.331,2018
591,Infanta (PS),150,40,2.143,1.865,718,739,2018
592,Infanta (QN),190,40,5.675,5.280,2.670,2.737,2018
593,Initao,170,40,3.031,2.710,1.006,1.035,2018
594,Inopacan,190,50,1.593,1.423,856,810,2018
595,Ipil,280,70,7.022,6.463,2.365,2.555,2018
596,Iriga,400,120,7.923,7.567,4.004,3.875,2018
597,Irosin,310,30,5.141,4.524,2.751,2.722,2018
598,Isabel,210,50,3.293,3.095,1.738,1.602,2018
599,Isabela (BAS),520,100,9.702,9.251,4.516,5.077,2018
600,Isabela (NO),280,40,5.632,5.145,2.195,2.418,2018
601,Igacos,510,210,8.689,7.906,3.936,3.931,2018
602,Isulan,270,50,6.848,6.339,2.382,2.613,2018
603,Itbayat,40,20,270,192,151,144,2018
604,Itogon,390,70,3.907,3.581,879,903,2018
605,Ivana,20,10,70,87,68,53,2018
606,Ivisan,150,20,2.357,2.111,1.117,1.095,2018
607,Jabonga,180,50,2.190,2.015,841,849,2018
608,Jaen,260,50,4.694,4.329,1.764,1.710,2018
609,Jagna,220,50,2.459,2.208,805,685,2018
610,Jalajala,80,30,2.345,2.091,1.087,1.109,2018
611,Jamindan,300,40,2.990,2.660,1.621,1.527,2018
612,Janiuay,370,50,5.316,4.568,2.833,2.825,2018
613,Jaro,420,50,3.845,3.451,1.917,1.845,2018
614,Jasaan,150,40,4.253,3.952,1.930,1.853,2018
615,Javier,260,20,2.238,2.014,804,830,2018
616,Jiabong,280,30,1.506,1.375,654,646,2018
617,Jimalalud,240,30,2.609,2.358,946,1.144,2018
618,Jimenez,200,30,1.798,1.642,571,604,2018
619,Jipapad,120,10,864,814,383,370,2018
620,Jolo,340,40,8.946,9.171,3.642,4.642,2018
621,Jomalig,50,20,798,798,311,331,2018
622,Jones,440,80,2.859,2.623,1.400,1.445,2018
623,Jordan,160,20,2.869,2.672,1.295,1.308,2018
624,Jose Abad Santos,310,50,8.084,7.725,1.922,2.065,2018
625,Jose Dalman,210,30,2.854,2.563,1.032,1.125,2018
626,Josefina,140,30,784,698,486,525,2018
627,Jose Panganiban,270,40,5.696,5.458,2.357,2.532,2018
628,Jovellar,200,30,1.617,1.367,704,738,2018
629,Juban,240,60,3.179,2.773,1.240,1.145,2018
630,Julita,200,10,1.327,1.187,548,566,2018
631,Kabacan,320,100,8.613,8.286,2.200,2.371,2018
632,Kabankalan,680,210,17.318,15.679,6.508,7.251,2018
633,Kabasalan,360,50,4.532,4.227,2.181,2.258,2018
634,Kabayan,220,40,1.101,941,390,449,2018
635,Kabugao,350,40,1.480,1.232,308,276,2018
636,Kabuntalan,260,20,2.534,2.332,369,459,2018
637,Kadingilan,210,20,3.254,2.906,795,796,2018
638,Kalamansig,240,80,4.678,4.343,1.426,1.530,2018
639,Kalawit,180,60,2.455,2.146,721,741,2018
640,Kalayaan (LA),70,20,1.727,1.578,590,626,2018
641,Kalayaan (PN),10,0,16,9,0,0,2018
642,Kalibo,170,60,5.457,4.758,1.848,2.090,2018
643,Kalilangan,240,30,3.875,3.567,1.388,1.518,2018
644,Kalingalan Caluang,130,20,1.262,1.290,282,315,2018
645,Kananga,230,60,5.212,4.747,1.746,2.148,2018
646,Kapai,160,10,1.095,1.098,207,311,2018
647,Kapalong,470,130,7.054,6.491,2.847,2.901,2018
648,Kapangan,270,40,1.449,1.237,702,666,2018
649,Kapatagan (LN),290,60,4.786,4.503,2.291,2.226,2018
650,Kapatagan (LS),90,50,1.546,1.698,527,743,2018
651,Kasibu,350,50,3.398,3.029,995,1.177,2018
652,Katipunan,440,80,4.027,3.602,1.835,1.865,2018
653,Kauswagan,130,30,2.067,1.941,653,712,2018
654,Kawayan,190,30,1.688,1.583,826,840,2018
655,Kawit,110,20,4.375,4.088,2.497,2.510,2018
656,Kayapa,410,70,1.975,1.821,563,696,2018
657,Kiamba,310,70,5.726,5.393,1.942,2.259,2018
658,Kiangan,150,10,1.187,1.107,143,131,2018
659,Kibawe,260,10,3.859,3.545,424,432,2018
660,Kiblawan,300,40,3.438,3.060,1.233,1.170,2018
661,Kibungan,240,30,1.314,1.255,250,301,2018
662,Kidapawan,580,250,11.565,10.513,5.416,5.751,2018
663,Kinoguitan,110,30,1.242,1.133,499,439,2018
664,Kitaotao,440,60,4.906,4.567,1.395,1.605,2018
665,Kitcharao,110,20,1.650,1.496,660,641,2018
666,Kolambugan,120,20,1.963,1.887,734,866,2018
667,Koronadal,450,90,12.860,11.894,6.430,6.479,2018
668,Kumalarang,220,50,2.667,2.505,1.019,1.144,2018
669,Laak,500,70,6.657,6.094,2.849,2.977,2018
670,Labangan,250,60,3.575,3.308,749,800,2018
671,Labason,210,60,3.664,3.261,1.332,1.281,2018
672,Labo,460,130,9.411,8.631,3.322,3.341,2018
673,Labrador,90,20,1.661,1.522,825,802,2018
674,La Carlota,240,50,5.213,4.871,2.776,2.996,2018
675,La Castellana,290,40,7.124,6.487,2.823,3.108,2018
676,Lacub,70,10,305,269,68,73,2018
677,Lagangilang,150,20,1.039,916,340,325,2018
678,Lagawe,180,30,1.602,1.398,299,241,2018
679,Lagayan,80,10,371,339,142,157,2018
680,Lagonglong,110,20,1.986,1.780,646,609,2018
681,Lagonoy,330,60,5.367,4.798,1.610,1.572,2018
682,Laguindingan,110,20,2.048,1.789,919,974,2018
683,Lake Sebu,470,80,6.858,6.342,1.667,1.668,2018
684,Lakewood,150,50,2.038,1.895,680,791,2018
685,Lala,290,20,6.095,5.429,1.832,2.031,2018
686,La Libertad (NR),270,20,3.126,2.862,1.246,1.374,2018
687,La Libertad (ZN),100,10,675,581,227,242,2018
688,Lallo,310,40,3.331,2.999,1.549,1.488,2018
689,Lambayong,280,80,5.334,5.077,2.048,2.141,2018
690,Lambunao,540,50,6.188,5.589,3.109,2.950,2018
691,Lamitan,420,70,7.922,7.588,1.798,2.154,2018
692,Lamut,230,70,2.182,1.945,795,929,2018
693,Langiden,50,10,236,217,98,81,2018
694,Languyan,280,20,2.005,1.886,192,208,2018
695,Lantapan,180,20,6.014,5.523,1.160,1.280,2018
696,Lantawan,310,30,2.723,2.572,435,469,2018
697,Lanuza,130,50,1.106,1.001,529,496,2018
698,Laoac,140,50,2.181,1.856,860,808,2018
699,Laoag,340,70,6.037,5.658,3.760,3.932,2018
700,Laoang,540,130,5.651,5.010,2.881,2.965,2018
701,La Paz (AA),140,20,1.108,1.124,363,310,2018
702,La Paz (AS),280,20,2.988,2.912,689,739,2018
703,La Paz (LE),290,30,1.807,1.717,861,923,2018
704,La Paz (TC),210,30,4.924,4.389,1.680,1.642,2018
705,Lapinig,130,20,1.114,1.068,560,573,2018
706,Lapu Lapu,440,250,30.965,28.761,14.513,15.068,2018
707,Lapuyan,270,50,2.602,2.417,1.146,1.182,2018
708,Larena,80,20,732,634,234,177,2018
709,Lasam,250,50,2.703,2.515,1.148,1.180,2018
710,Las Navas,540,90,4.057,3.719,1.707,1.734,2018
711,Las Nieves,260,90,3.117,2.783,1.399,1.465,2018
712,Las Pinas,220,130,31.585,29.716,16.525,16.854,2018
713,La Trinidad,230,70,5.569,5.183,2.067,2.312,2018
714,Laua-An,270,30,2.082,1.838,1.059,1.063,2018
715,Laur,170,30,2.567,2.432,935,978,2018
716,Laurel,190,10,2.783,2.630,1.394,1.394,2018
717,Lavezares,260,20,2.722,2.440,960,982,2018
718,Lawaan,70,20,1.065,978,543,502,2018
719,Lazi,150,40,1.563,1.400,863,861,2018
720,Lebak,390,100,8.329,7.693,2.187,2.471,2018
721,Leganes,110,30,2.497,2.190,1.273,1.211,2018
722,Legazpi,440,130,14.721,13.425,6.150,6.013,2018
723,Lemery (BS),250,40,6.537,6.025,4.157,3.983,2018
724,Lemery (IO),280,30,2.636,2.295,1.104,1.110,2018
725,Leon,330,60,3.522,3.149,1.824,1.686,2018
726,Leyte,300,30,4.043,3.699,1.206,1.323,2018
727,Lezo,80,20,932,838,329,287,2018
728,Lian,150,20,3.788,3.449,1.160,1.161,2018
729,Lianga,180,40,2.603,2.416,1.096,1.084,2018
730,Libacao,290,60,2.493,2.412,1.214,1.223,2018
731,Libagon,80,20,1.159,1.001,536,504,2018
732,Libertad (AE),150,20,1.277,1.184,654,641,2018
733,Libertad (MO),80,10,1.040,945,559,490,2018
734,Libjo,170,70,1.700,1.530,833,818,2018
735,Libmanan,620,180,10.035,8.898,4.120,4.135,2018
736,Libon,450,130,6.908,6.117,3.675,3.691,2018
737,Libona,220,20,3.641,3.248,1.340,1.387,2018
738,Libungan,290,70,4.053,3.709,1.690,1.708,2018
739,Licab,130,20,1.922,1.824,812,809,2018
740,Licuan-Baay,130,10,343,319,77,76,2018
741,Lidlidda,50,10,274,228,163,149,2018
742,Ligao,550,120,10.232,9.003,5.186,5.653,2018
743,Lila,100,10,671,570,505,476,2018
744,Liliw,80,10,2.080,2.036,727,721,2018
745,Liloan (CU),150,60,8.259,7.669,3.258,3.127,2018
746,Liloan (SL),230,30,1.855,1.660,964,875,2018
747,Liloy,380,30,3.557,3.200,1.711,1.725,2018
748,Limasawa,50,10,425,344,259,242,2018
749,Limay,130,30,4.631,4.323,2.584,2.329,2018
750,Linamon,70,10,1.491,1.327,327,283,2018
751,Linapacan,120,30,1.635,1.496,516,573,2018
752,Lingayen,320,60,7.879,7.351,4.804,4.627,2018
753,Lingig,420,50,3.132,2.873,1.012,983,2018
754,Lipa,670,180,22.403,20.604,10.057,10.131,2018
755,Llanera,230,50,2.626,2.340,1.003,942,2018
756,Llorente,220,20,1.774,1.544,898,916,2018
757,Loay,120,10,1.181,1.013,212,181,2018
758,Lobo,230,50,3.025,2.633,1.238,1.187,2018
759,Loboc,160,30,1.170,970,567,532,2018
760,Looc (OM),80,20,678,660,285,240,2018
761,Looc (RN),130,20,1.936,1.740,1.068,990,2018
762,Loon,390,40,3.076,2.735,884,848,2018
763,Lope De Vega,240,10,1.404,1.297,463,514,2018
764,Lopez,580,140,7.627,6.986,3.201,3.149,2018
765,Lopez Jaena,280,20,1.992,1.789,455,459,2018
766,Loreto (AS),390,110,4.658,4.322,1.747,1.865,2018
767,Loreto (DI),100,30,859,785,375,352,2018
768,Los Banos,130,60,6.766,6.364,3.847,3.721,2018
769,Luba,150,20,508,449,113,97,2018
770,Lubang,150,40,1.331,1.148,799,675,2018
771,Lubao,420,140,10.436,9.322,5.446,5.140,2018
772,Lubuagan,150,10,709,660,106,97,2018
773,Lucban,130,20,3.216,3.006,1.120,1.102,2018
774,Lucena,440,110,20.579,19.180,8.977,9.411,2018
775,Lugait,70,10,1.527,1.412,710,741,2018
776,Lugus,170,10,1.675,1.691,126,175,2018
777,Luisiana,90,20,1.342,1.185,226,213,2018
778,Lumba-Bayabao,280,40,4.012,5.062,1.198,1.460,2018
779,Lumbaca-Unayan,70,0,761,850,0,0,2018
780,Lumban,90,10,2.064,1.946,615,628,2018
781,Lumbatan,170,40,1.325,1.343,522,700,2018
782,Lumbayanague,240,10,1.944,2.156,147,215,2018
783,Luna (AO),230,60,1.520,1.375,785,766,2018
784,Luna (IA),100,30,1.238,1.230,645,607,2018
785,Luna (LU),200,60,2.384,2.138,1.225,1.095,2018
786,Lupao,210,30,2.957,2.727,1.348,1.452,2018
787,Lupi,330,50,3.077,2.738,1.146,1.208,2018
788,Lupon,350,100,5.448,5.126,2.243,2.483,2018
789,Lutayan,180,30,3.686,3.548,915,1.159,2018
790,Luuk,180,20,1.630,1.604,460,684,2018
791,Maasim,310,150,6.094,5.707,2.073,2.318,2018
792,Maasin (IO),310,70,2.778,2.543,1.307,1.201,2018
793,Maasin (SL),620,180,5.477,4.959,2.641,2.220,2018
794,Ma-Ayon,320,60,3.310,2.841,1.877,1.743,2018
795,Mabalacat,400,140,15.642,14.394,7.125,6.871,2018
796,Mabinay,500,140,7.406,6.840,2.841,3.225,2018
797,Mabini (BS),180,30,2.576,2.378,1.216,1.125,2018
798,Mabini (BL),220,50,2.194,1.924,915,919,2018
799,Mabini (CV),160,40,3.355,2.989,1.589,1.493,2018
800,Mabini (PS),180,50,1.943,1.751,889,760,2018
801,Mabitac,70,30,1.664,1.514,627,595,2018
802,Mabuhay,190,20,2.241,2.066,693,765,2018
803,Macabebe,280,80,5.022,4.557,2.771,2.653,2018
804,Macalelon,180,20,2.317,1.930,694,747,2018
805,Macarthur,280,20,1.914,1.795,918,897,2018
806,Maco,350,70,6.286,5.599,2.741,2.870,2018
807,Maconacon,20,10,295,255,126,135,2018
808,Macrohon,210,30,1.987,1.753,950,832,2018
809,Madalag,290,60,1.426,1.260,839,734,2018
810,Madalum,160,20,1.090,1.157,366,491,2018
811,Madamba,130,20,1.600,1.661,526,644,2018
812,Maddela,330,80,2.762,2.567,1.445,1.452,2018
813,Madrid,130,20,1.274,1.147,640,639,2018
814,Madridejos,140,40,3.597,3.279,2.102,2.080,2018
815,Magalang,300,80,7.223,6.688,5.122,5.123,2018
816,Magallanes (AN),100,20,1.795,1.680,772,794,2018
817,Magallanes (CE),100,20,1.447,1.292,362,342,2018
818,Magallanes (SO),280,80,3.568,3.051,1.960,1.840,2018
819,Magarao,70,30,2.055,1.891,826,776,2018
820,Magdalena,60,20,2.022,1.843,792,754,2018
821,Magdiwang,100,20,1.301,1.160,700,661,2018
822,Magpet,420,150,4.981,4.584,1.880,1.824,2018
823,Magsaysay (DS),260,50,4.710,4.195,1.378,1.442,2018
824,Magsaysay (LN),80,30,858,792,321,295,2018
825,Magsaysay (MO),260,60,3.103,2.855,1.193,1.207,2018
826,Magsaysay (OM),330,40,3.738,3.569,1.520,1.637,2018
827,Magsaysay (PN),130,30,956,821,437,360,2018
828,Magsingal,190,30,2.062,1.824,726,631,2018
829,Maguing,170,40,2.291,2.608,681,735,2018
830,Mahaplag,290,30,2.533,2.444,1.325,1.265,2018
831,Mahatao,20,10,81,89,63,59,2018
832,Mahayag,340,60,3.738,3.539,1.492,1.563,2018
833,Mahinog,110,20,1.152,1.073,491,433,2018
834,Maigo,120,10,1.623,1.492,587,557,2018
835,Maimbung,180,20,2.863,2.803,697,875,2018
836,Mainit,230,50,2.373,2.194,1.211,1.135,2018
837,Maitum,250,50,3.892,3.824,1.195,1.373,2018
838,Majayjay,80,40,1.951,1.774,1.014,979,2018
839,Makati,270,100,24.799,23.547,14.411,14.608,2018
840,Makato,170,50,2.127,1.807,850,856,2018
841,Makilala,490,190,7.215,6.550,2.761,2.798,2018
842,Malabang,170,80,2.613,3.018,981,1.646,2018
843,Malabon,280,120,26.138,24.048,10.870,10.959,2018
844,Malabuyoc,150,40,1.634,1.421,613,569,2018
845,Malalag,170,10,2.913,2.701,865,969,2018
846,Malangas,260,40,2.870,2.535,1.117,1.080,2018
847,Malapatan,290,120,6.585,6.292,2.694,3.027,2018
848,Malasiqui,540,200,10.595,9.592,5.145,4.811,2018
849,Malay,120,40,3.884,3.592,1.727,1.724,2018
850,Malaybalay,680,180,15.334,13.843,6.739,7.011,2018
851,Malibcong,100,10,299,239,72,61,2018
852,Malilipot,140,50,3.125,2.691,1.765,1.760,2018
853,Malimono,160,60,1.473,1.407,731,637,2018
854,Malinao (AK),220,70,1.784,1.574,834,780,2018
855,Malinao (AY),250,30,4.113,3.586,1.620,1.576,2018
856,Malita,690,70,11.635,10.990,3.257,3.788,2018
857,Malitbog (BK),240,30,2.566,2.274,595,690,2018
858,Malitbog (SL),190,20,1.313,1.131,664,540,2018
859,Mallig,160,40,2.171,2.046,877,841,2018
860,Malolos,450,130,13.835,12.340,7.334,7.179,2018
861,Malungon,760,370,9.576,8.859,3.744,4.063,2018
862,Maluso,180,10,4.010,3.961,799,1.094,2018
863,Malvar,160,40,3.590,3.313,1.641,1.633,2018
864,Mamasapano,120,40,2.840,2.929,783,959,2018
865,Mambajao,190,40,3.142,2.873,1.655,1.519,2018
866,Mamburao,240,10,3.937,3.529,1.827,1.798,2018
867,Mambusao,320,40,2.751,2.387,1.120,1.028,2018
868,Manabo,100,10,870,746,381,297,2018
869,Manaoag,170,40,4.842,4.389,2.228,2.158,2018
870,Manapla,150,20,4.417,3.914,1.755,1.572,2018
871,Manay,390,60,3.972,3.552,1.370,1.484,2018
872,Mandaluyong,180,120,16.967,15.590,8.793,8.784,2018
873,Mandaon,270,80,4.735,4.316,2.179,2.230,2018
874,Mandaue,270,180,21.716,20.342,10.710,10.595,2018
875,Mangaldan,250,40,7.676,6.895,3.451,3.473,2018
876,Mangatarem,470,70,6.042,5.394,3.089,3.020,2018
877,Mangudadatu,50,10,1.101,1.136,148,160,2018
878,Manila,730,350,,,,,2018
879,Manito,160,30,2.374,2.181,1.005,1.014,2018
880,Manjuyod,270,50,3.669,3.158,1.074,1.204,2018
881,Mankayan,350,90,2.724,2.489,1.353,1.318,2018
882,Manolo Fortich,300,40,9.149,8.600,2.443,2.803,2018
883,Mansalay,300,50,5.070,4.814,1.574,1.692,2018
884,Manticao,170,30,2.262,2.070,759,755,2018
885,Manukan,250,60,3.531,3.172,1.504,1.546,2018
886,Mapanas,130,30,1.584,1.307,570,558,2018
887,Mapandan,120,40,2.636,2.283,1.472,1.463,2018
888,Mapun,190,10,1.596,1.550,148,152,2018
889,Marabut,150,20,1.621,1.416,782,761,2018
890,Maragondon,150,50,2.713,2.435,2.075,2.108,2018
891,Maragusan,290,70,5.178,4.538,2.562,2.526,2018
892,Maramag,290,70,9.267,8.578,2.805,2.968,2018
893,Marantao,320,40,4.171,4.545,795,970,2018
894,Marawi,610,80,1.515,1.511,24,30,2018
895,Marcos,130,30,1.287,1.167,697,632,2018
896,Margosatubig,190,40,2.957,2.839,1.021,1.002,2018
897,Maria,120,10,1.019,965,352,344,2018
898,Maria Aurora,320,100,3.327,3.216,1.346,1.340,2018
899,Maribojoc,210,20,1.392,1.235,391,338,2018
900,Marihatag,130,40,1.757,1.635,559,602,2018
901,Marikina,170,150,23.535,21.853,13.989,14.284,2018
902,Marilao,180,20,13.107,12.097,5.606,5.746,2018
903,Maripipi,100,20,561,490,291,243,2018
904,Mariveles,190,80,8.748,8.325,4.596,4.421,2018
905,Marogong,70,50,738,885,562,853,2018
906,Masbate,340,80,9.684,8.877,3.804,4.507,2018
907,Masinloc,180,50,3.937,3.653,1.247,1.203,2018
908,Masiu,400,80,5.109,6.101,1.514,1.934,2018
909,Maslog,110,10,573,522,177,186,2018
910,Masantol,220,40,4.097,3.702,1.498,1.466,2018
911,Mataasnakahoy,110,20,1.905,1.762,974,942,2018
912,Matag-Ob,190,20,1.592,1.486,766,879,2018
913,Matalam,500,130,7.229,6.568,2.740,2.799,2018
914,Matalom,260,60,2.554,2.325,1.173,1.155,2018
915,Matanao,360,50,5.149,4.580,2.150,2.241,2018
916,Matanog,160,20,2.139,2.221,247,367,2018
917,Mati,540,170,11.913,10.726,5.073,5.714,2018
918,Matnog,360,40,3.836,3.261,1.802,1.600,2018
919,Matuguinao,120,10,575,595,241,267,2018
920,Matungao,110,10,1.373,1.457,267,322,2018
921,Mauban,310,60,5.671,5.189,2.708,2.743,2018
922,Mawab,180,40,3.136,2.903,1.568,1.643,2018
923,Mayantoc,190,40,2.028,1.866,665,594,2018
924,Maydolong,140,20,1.327,1.160,640,636,2018
925,Mayorga,140,10,1.648,1.400,576,522,2018
926,Mayoyao,260,20,952,854,244,234,2018
927,Medellin,210,90,4.963,4.588,1.817,1.858,2018
928,Medina,210,30,2.891,2.600,1.492,1.517,2018
929,Mendez,70,30,1.860,1.760,798,756,2018
930,Mercedes,190,70,4.617,4.309,2.221,2.187,2018
931,Mercedes (ES),110,20,453,363,355,347,2018
932,Merida,220,50,2.186,2.073,992,965,2018
933,Mexico,390,70,9.869,9.175,4.939,4.786,2018
934,Meycauayan,250,70,12.455,11.389,3.519,3.373,2018
935,Miag-ao,310,80,4.075,3.792,2.115,1.953,2018
936,Midsalip,390,40,3.285,2.930,978,1.194,2018
937,Midsayap,550,160,11.500,10.693,3.776,3.989,2018
938,Milagros,390,80,6.367,5.587,2.066,2.255,2018
939,Milaor,110,40,2.341,2.085,1.153,1.131,2018
940,Mina,110,10,1.681,1.494,837,873,2018
941,Minalabac,250,60,4.838,4.225,1.836,1.862,2018
942,Minalin,120,40,3.037,2.748,1.164,1.106,2018
943,Minglanilla,170,110,9.287,8.404,3.369,3.548,2018
944,Mlang,390,90,7.663,6.973,3.323,3.152,2018
945,Moalboal,150,30,2.794,2.398,834,807,2018
946,Mobo,280,40,4.097,3.657,1.413,1.536,2018
947,Mogpog,270,60,2.722,2.382,892,807,2018
948,Moises Padilla,190,30,4.088,3.629,1.077,1.197,2018
949,Molave,280,30,4.060,3.816,1.908,2.170,2018
950,Moncada,310,50,4.282,3.850,2.073,2.046,2018
951,Mondragon,250,40,4.128,3.477,1.012,1.247,2018
952,Monkayo,370,120,7.336,6.595,3.648,3.406,2018
953,Monreal,150,50,2.787,2.518,1.161,1.146,2018
954,Montevista,240,40,3.763,3.447,1.640,1.656,2018
955,Morong (BN),90,40,2.599,2.446,1.059,1.137,2018
956,Morong (RL),120,30,4.182,3.860,2.244,2.195,2018
957,Motiong,290,30,1.478,1.260,912,943,2018
958,Mulanay,250,70,4.995,4.614,2.127,2.238,2018
959,Mulondo,110,20,1.144,1.303,337,473,2018
960,Munai,130,10,1.382,1.385,112,190,2018
961,Muntinlupa,190,80,25.851,24.213,11.074,11.618,2018
962,Murcia,280,50,7.424,6.841,2.841,3.032,2018
963,Mutia,130,30,927,794,503,508,2018
964,Naawan,120,20,1.986,1.657,754,750,2018
965,Nabas,190,50,3.407,2.979,1.680,1.456,2018
966,Nabua,340,70,6.864,6.020,3.918,3.967,2018
967,Nabunturan,340,80,6.583,5.786,3.328,3.451,2018
968,Naga (CS),290,80,15.485,13.748,7.266,7.662,2018
969,Naga (CU),260,210,9.347,8.454,4.517,4.541,2018
970,Naga (ZS),260,70,3.901,3.583,1.544,1.527,2018
971,Nagbukel,80,10,395,365,249,193,2018
972,Nagcarlan,200,50,4.731,4.273,2.307,2.170,2018
973,Nagtipunan,300,90,1.931,1.745,757,787,2018
974,Naguilian (IA),250,30,2.390,2.283,793,784,2018
975,Naguilian (LU),280,70,3.012,2.715,1.865,1.758,2018
976,Naic,230,40,8.806,8.118,2.691,2.607,2018
977,Nampicuan,80,20,739,712,368,317,2018
978,Narra,360,120,6.446,5.867,3.143,3.031,2018
979,Narvacan,340,50,2.888,2.680,1.661,1.622,2018
980,Nasipit,180,40,3.408,3.178,979,905,2018
981,Nasugbu,320,120,9.653,8.805,4.776,4.851,2018
982,Natividad,180,40,1.756,1.543,581,617,2018
983,Natonin,140,40,822,723,263,258,2018
984,Naujan,740,110,8.505,7.615,3.606,3.435,2018
985,Naval,270,50,4.920,4.335,1.927,2.046,2018
986,Navotas,150,80,16.774,15.512,7.020,6.793,2018
987,New Bataan,240,60,3.821,3.305,1.741,1.679,2018
988,New Corella,270,50,4.520,4.072,1.840,1.907,2018
989,New Lucena,140,40,1.852,1.606,966,962,2018
990,New Washington,160,40,2.906,2.752,1.410,1.251,2018
991,Norala,250,60,3.776,3.247,1.934,1.789,2018
992,Northern Kabuntalan,0,10,0,0,77,99,2018
993,Norzagaray,250,60,8.933,8.188,3.681,3.728,2018
994,Noveleta,70,10,2.199,2.111,800,779,2018
995,Nueva Era,100,30,655,622,356,362,2018
996,Nueva Valencia,250,50,3.171,2.856,1.650,1.526,2018
997,Numancia,120,20,2.158,1.858,714,732,2018
998,Nunungan,70,10,444,466,107,107,2018
999,Oas,430,90,6.000,5.343,2.595,2.537,2018
1000,Obando,90,20,2.780,2.562,1.094,1.061,2018
1001,Ocampo,200,20,4.534,4.177,1.446,1.578,2018
1002,Odiongan,260,30,3.315,2.864,1.295,1.332,2018
1003,Old Panamao,130,40,1.649,1.667,361,502,2018
1004,Olongapo,280,120,15.997,14.673,8.168,8.091,2018
1005,Olutanga,190,20,2.042,1.879,811,832,2018
1006,Omar,110,10,1.199,1.145,211,267,2018
1007,Opol,160,50,4.201,3.686,1.654,1.621,2018
1008,Orani,160,30,4.874,4.594,1.995,1.856,2018
1009,Oras,390,60,3.337,3.030,1.528,1.493,2018
1010,Orion,140,20,3.809,3.548,1.444,1.402,2018
1011,Ormoc,830,140,17.007,15.405,7.622,8.026,2018
1012,Oroquieta,440,110,4.849,4.477,3.099,3.028,2018
1013,Oslob,160,50,2.324,2.085,984,928,2018
1014,Oton,160,50,5.222,4.735,2.660,2.648,2018
1015,Ozamiz,490,140,9.781,8.747,4.438,4.431,2018
1016,Padada,120,30,2.005,1.844,678,688,2018
1017,Padre Burgos (QN),120,40,1.736,1.607,678,623,2018
1018,Padre Burgos (SL),90,10,740,661,127,105,2018
1019,Padre Garcia,170,30,3.728,3.326,1.913,1.853,2018
1020,Paete,50,20,1.899,1.805,823,748,2018
1021,Pagadian,630,200,14.614,13.485,6.559,7.125,2018
1022,Pagagawan,140,10,2.417,2.303,307,315,2018
1023,Pagalungan,180,40,3.320,3.268,873,815,2018
1024,Pagayawan,100,10,1.189,1.395,224,350,2018
1025,Pagbilao,160,50,5.801,5.257,2.262,2.448,2018
1026,Paglat,90,20,1.399,1.289,384,415,2018
1027,Pagsanghan,90,30,747,632,543,595,2018
1028,Pagsanjan,120,20,2.954,2.745,1.096,988,2018
1029,Pagudpud,180,30,1.799,1.663,807,768,2018
1030,Pakil,90,10,1.568,1.394,465,514,2018
1031,Palanan,210,30,1.636,1.491,713,697,2018
1032,Palanas,260,60,2.615,2.430,1.288,1.249,2018
1033,Palapag,310,50,3.229,2.889,1.759,1.782,2018
1034,Palauig,190,20,2.828,2.603,799,746,2018
1035,Palayan,210,40,3.043,2.861,1.681,1.762,2018
1036,Palimbang,330,110,5.584,5.323,1.492,1.848,2018
1037,Palo,310,50,5.900,5.283,2.280,2.262,2018
1038,Palompon,440,70,4.619,4.079,1.657,1.584,2018
1039,Paluan,190,10,1.387,1.273,500,530,2018
1040,Pambujan,200,30,3.334,3.186,1.243,1.389,2018
1041,Pamplona (CG),160,30,1.936,1.638,672,650,2018
1042,Pamplona (CS),150,60,3.411,3.067,1.746,1.741,2018
1043,Pamplona (NR),220,70,2.966,2.597,1.339,1.376,2018
1044,Panabo,450,120,14.539,13.467,6.316,6.537,2018
1045,Panaon,130,10,721,615,81,71,2018
1046,Panay,290,30,3.002,2.721,1.179,1.070,2018
1047,Pandag,60,10,1.081,1.112,149,129,2018
1048,Pandami,210,10,939,1.078,129,202,2018
1049,Pandan (AE),320,40,2.744,2.598,1.103,1.090,2018
1050,Pandan (CT),220,30,2.063,1.892,1.086,1.068,2018
1051,Pandi,230,30,9.764,8.782,3.591,3.729,2018
1052,Panganiban,120,20,902,723,408,357,2018
1053,Pangantucan,290,40,5.326,4.862,1.380,1.618,2018
1054,Pangil,70,30,1.861,1.700,770,803,2018
1055,Panglao,120,10,2.476,2.335,864,964,2018
1056,Panglima Estino,100,20,950,940,235,279,2018
1057,Panglima Sugala,320,20,3.102,3.064,477,618,2018
1058,Pangutaran,310,20,3.373,3.321,492,692,2018
1059,Paniqui,360,30,6.044,5.561,1.510,1.356,2018
1060,Panitan,250,20,2.500,2.154,1.321,1.282,2018
1061,Pantabangan,170,50,2.180,1.978,771,813,2018
1062,Pantao Ragat,140,10,2.429,2.358,489,644,2018
1063,Pantar,140,10,1.674,1.816,461,627,2018
1064,Pantukan,340,90,7.260,6.559,3.201,3.216,2018
1065,Panukulan,120,40,1.283,1.188,655,564,2018
1066,Paoay,150,30,1.560,1.441,728,681,2018
1067,Paombong,120,40,2.768,2.641,1.127,1.052,2018
1068,Paracale,230,50,5.625,5.230,2.110,2.205,2018
1069,Paracelis,340,90,2.848,2.450,1.068,1.060,2018
1070,Paranas,390,60,2.846,2.627,1.411,1.378,2018
1071,Parang (MA),280,60,5.967,5.809,1.856,2.622,2018
1072,Parang (SU),300,20,3.164,3.131,582,667,2018
1073,Paranaque,220,120,31.088,28.929,17.684,17.858,2018
1074,Pasacao,200,70,4.600,4.022,1.903,2.000,2018
1075,Pasay,210,120,18.104,16.431,9.014,9.091,2018
1076,Pasig,280,130,39.433,37.027,23.337,23.448,2018
1077,Pasil,190,30,800,704,305,281,2018
1078,Passi,380,80,6.664,5.857,3.617,3.525,2018
1079,Pastrana,220,30,1.773,1.582,807,755,2018
1080,Pasuquin,230,20,1.835,1.530,759,747,2018
1081,Pata,140,10,846,782,30,44,2018
1082,Pateros,70,30,3.058,2.792,1.473,1.389,2018
1083,Patikul,240,20,4.941,4.704,488,684,2018
1084,Patnanungan,100,20,1.456,1.418,598,642,2018
1085,Patnongon,370,30,3.111,2.712,1.465,1.321,2018
1086,Pavia,110,10,3.321,3.086,1.850,1.953,2018
1087,Payao,310,60,3.066,2.776,1.547,1.503,2018
1088,Perez,70,10,1.200,1.076,383,401,2018
1089,Penablanca,260,40,3.376,3.121,1.513,1.456,2018
1090,Penaranda,80,10,2.034,1.769,851,834,2018
1091,Penarrubia,70,10,506,469,133,106,2018
1092,Piagapo,290,40,3.163,3.015,996,1.378,2018
1093,Piat,120,10,1.708,1.655,489,447,2018
1094,Picong,150,40,1.814,2.076,464,591,2018
1095,Piddig,180,10,1.551,1.324,364,324,2018
1096,Pidigan,110,10,802,756,334,246,2018
1097,Pigcawayan,410,100,5.295,5.041,2.378,2.446,2018
1098,Pikit,540,110,13.357,13.362,3.682,3.995,2018
1099,Pila,120,30,3.887,3.578,1.502,1.533,2018
1100,Pilar (AA),130,30,751,672,472,372,2018
1101,Pilar (BN),120,20,2.758,2.562,1.272,1.242,2018
1102,Pilar (BL),210,20,2.456,2.167,1.039,1.081,2018
1103,Pilar (CZ),240,50,3.798,3.364,1.827,1.682,2018
1104,Pilar (CU),110,40,960,845,557,505,2018
1105,Pilar (SO),540,100,7.099,6.147,3.255,3.248,2018
1106,Pilar (SN),120,20,752,754,345,292,2018
1107,Pili,320,120,8.096,7.290,4.358,4.252,2018
1108,Pililla,90,50,4.815,4.442,2.513,2.419,2018
1109,Pinabacdao,230,30,1.746,1.506,838,824,2018
1110,Pinamalayan,330,120,6.798,6.108,2.706,2.521,2018
1111,Pinamungajan,270,60,6.065,5.331,2.103,2.057,2018
1112,Pinili,190,20,1.044,1.022,490,535,2018
1113,Pintuyan,100,20,740,662,391,352,2018
1114,Pinukpuk,360,100,2.736,2.515,1.185,1.055,2018
1115,Pio Duran,320,50,4.485,4.041,1.484,1.594,2018
1116,Pio V Corpuz,180,30,2.206,2.030,911,889,2018
1117,Pitogo (QN),150,40,1.832,1.603,816,812,2018
1118,Pitogo (ZR),150,30,2.334,2.089,699,697,2018
1119,Pinan,210,20,1.724,1.553,724,726,2018
1120,Placer (MS),360,60,5.687,5.101,1.544,1.637,2018
1121,Placer (SN),190,40,2.425,2.105,1.098,1.121,2018
1122,Plaridel (BU),160,50,6.380,5.951,2.710,2.705,2018
1123,Plaridel (MC),220,20,2.878,2.601,1.206,1.261,2018
1124,Plaridel (QN),40,10,752,697,323,315,2018
1125,Pola,220,50,2.696,2.405,1.165,1.123,2018
1126,Polanco,300,60,3.026,2.714,1.410,1.451,2018
1127,Polangui,420,80,7.372,6.658,3.990,3.960,2018
1128,Polillo,200,50,2.934,2.620,1.102,1.138,2018
1129,Polomolok,380,100,12.082,11.104,4.598,4.551,2018
1130,Pontevedra (CZ),200,20,3.596,3.213,1.665,1.833,2018
1131,Pontevedra (NO),210,50,4.299,3.747,1.818,1.836,2018
1132,Poona Bayabao,180,30,2.879,3.415,630,945,2018
1133,Poona Piagapo,100,10,1.206,1.165,101,134,2018
1134,Porac,300,70,8.234,7.400,3.287,3.374,2018
1135,Poro,170,30,1.990,1.745,824,777,2018
1136,Pototan,290,50,5.457,5.021,2.459,2.475,2018
1137,Pozorrubio,270,90,4.861,4.428,2.599,2.394,2018
1138,Presentacion,170,60,2.203,2.020,875,929,2018
1139,President Garcia,230,60,2.297,2.032,972,899,2018
1140,President Quirino,220,40,3.489,3.371,1.254,1.545,2018
1141,President Roxas (CZ),190,10,2.276,1.928,992,1.002,2018
1142,President Roxas (NC),370,100,4.521,3.978,1.380,1.306,2018
1143,Roxas (ZN),370,50,3.453,3.227,1.162,1.135,2018
1144,Prieto Diaz,190,30,2.080,1.808,863,908,2018
1145,Prosperidad,400,120,7.661,7.200,3.090,3.040,2018
1146,Pualas,200,60,1.119,1.105,605,721,2018
1147,Pudtol,180,40,1.294,1.071,555,464,2018
1148,Puerto Galera,220,40,3.474,3.164,1.041,995,2018
1149,Puerto Princesa,750,230,19.823,17.990,9.297,9.682,2018
1150,Pugo,110,50,1.366,1.292,741,757,2018
1151,Pulilan,130,40,6.684,6.208,3.485,3.399,2018
1152,Pulupandan,80,20,1.684,1.514,766,725,2018
1153,Pura,150,40,1.513,1.418,960,868,2018
1154,Quezon (BK),410,60,9.668,8.751,2.557,3.042,2018
1155,Quezon (IA),130,40,2.038,1.891,872,885,2018
1156,Quezon (MM),950,480,136.636,127.059,72.132,73.149,2018
1157,Quezon (NE),170,10,2.765,2.626,765,838,2018
1158,Quezon (NV),180,20,1.751,1.678,588,651,2018
1159,Quezon (PN),340,100,6.217,5.479,2.609,2.858,2018
1160,Quezon (QN),110,40,1.263,1.106,503,434,2018
1161,Quinapondan,200,20,1.291,1.131,647,605,2018
1162,Quirino (IS),150,10,711,620,190,178,2018
1163,Quirino (IA),200,50,1.664,1.520,765,659,2018
1164,Ragay,330,80,5.660,5.069,2.533,2.607,2018
1165,Rajah Buayan,100,0,2.248,2.159,0,0,2018
1166,Ramon,210,50,4.073,3.729,1.689,1.712,2018
1167,Ramon Magsaysay,260,30,2.329,2.058,821,742,2018
1168,Ramos,80,10,1.522,1.434,652,594,2018
1169,Rapu-Rapu,360,70,3.851,3.386,1.537,1.587,2018
1170,Real,170,30,3.037,2.697,1.096,1.048,2018
1171,Reina Mercedes,150,40,1.855,1.725,1.146,1.053,2018
1172,Remedios T. Romualdez,90,20,1.712,1.358,779,696,2018
1173,Rizal (CG),160,20,1.317,1.228,309,286,2018
1174,Rizal (KA),170,40,1.431,1.334,697,650,2018
1175,Rizal (LA),30,10,1.077,1.066,642,649,2018
1176,Rizal (NE),250,50,3.963,3.760,1.974,1.954,2018
1177,Rizal (OM),170,40,3.867,3.452,1.540,1.643,2018
1178,Rizal (PN),320,80,5.118,4.893,1.647,1.822,2018
1179,Rizal (ZN),170,20,1.058,911,417,359,2018
1180,Rodriguez,280,150,29.055,26.476,14.263,14.169,2018
1181,Romblon,290,40,3.640,3.249,1.679,1.604,2018
1182,Ronda,100,20,1.387,1.260,526,506,2018
1183,Rosales,290,40,4.523,4.042,2.518,2.464,2018
1184,Rosario (AS),220,50,4.609,4.188,1.379,1.361,2018
1185,Rosario (BS),450,130,8.331,7.593,3.026,2.869,2018
1186,Rosario (CE),80,20,7.367,6.987,2.945,2.940,2018
1187,Rosario (LU),160,50,3.592,3.243,1.498,1.541,2018
1188,Rosario (NS),100,30,1.002,877,585,485,2018
1189,R.T. Lim,330,50,4.538,3.982,1.868,1.993,2018
1190,Roxas (CZ),410,140,11.327,10.492,5.802,5.809,2018
1191,Roxas (IA),190,60,4.165,4.025,1.989,2.072,2018
1192,Roxas (OR),240,40,4.684,4.341,1.774,1.750,2018
1193,Roxas (PN),520,120,5.830,5.313,3.151,3.081,2018
1194,Sabangan,190,40,700,685,311,308,2018
1195,Sablan,130,20,593,558,213,195,2018
1196,Sablayan,420,100,7.578,6.846,3.131,3.240,2018
1197,Sabtang,50,10,108,110,61,56,2018
1198,Sadanga,80,40,667,623,370,321,2018
1199,Sagada,140,50,996,869,481,462,2018
1200,Sagay (CM),70,40,1.219,1.030,488,491,2018
1201,Sagay (NO),520,140,13.364,11.875,5.847,6.090,2018
1202,Sagbayan,210,50,1.994,1.829,1.008,958,2018
1203,Saguday,110,10,1.108,1.024,488,560,2018
1204,Saguiaran,290,30,3.483,3.687,871,1.040,2018
1205,Sagnay,170,50,3.432,2.998,1.443,1.454,2018
1206,Saint Bernard,270,30,2.156,1.960,975,934,2018
1207,Salay,150,50,2.315,2.164,1.211,1.182,2018
1208,Salcedo (ES),320,40,1.784,1.630,931,820,2018
1209,Salcedo (IS),160,20,765,706,399,336,2018
1210,Sallapadan,130,10,461,415,74,80,2018
1211,Salug,220,50,2.889,2.516,1.174,1.296,2018
1212,Salvador,140,10,1.700,1.568,465,564,2018
1213,Salvador Benedicto,130,10,2.568,2.457,559,621,2018
1214,Samal,100,20,2.293,2.164,808,767,2018
1215,Samboan,150,40,1.568,1.398,870,872,2018
1216,Sampaloc,90,20,832,801,315,308,2018
1217,San Agustin (IA),230,40,1.321,1.198,586,522,2018
1218,San Agustin (RN),140,50,2.199,1.947,786,748,2018
1219,San Agustin (SS),130,30,1.712,1.539,637,636,2018
1220,San Andres (CT),300,60,3.271,2.993,1.704,1.524,2018
1221,San Andres (QN),130,20,3.520,3.238,1.166,1.340,2018
1222,San Andres (RN),130,20,1.366,1.251,704,721,2018
1223,San Antonio (NS),90,10,691,607,267,241,2018
1224,San Antonio (NE),190,50,5.291,4.862,1.670,1.652,2018
1225,San Antonio (QN),130,30,2.642,2.345,939,912,2018
1226,San Antonio (ZA),110,40,2.356,2.157,999,921,2018
1227,San Benito,60,10,508,457,115,133,2018
1228,San Carlos (NO),590,50,10.654,9.915,3.827,4.368,2018
1229,San Carlos (PS),590,200,15.447,13.835,6.661,6.405,2018
1230,Sanchez-Mira,190,20,1.573,1.474,843,762,2018
1231,San Clemente,120,20,887,795,249,234,2018
1232,San Dionisio,220,30,3.384,2.946,1.668,1.663,2018
1233,San Emilio,110,20,569,441,176,152,2018
1234,San Enrique (IO),200,40,2.762,2.532,1.137,1.076,2018
1235,San Enrique (NO),80,10,1.714,1.555,426,367,2018
1236,San Esteban,40,10,572,512,257,259,2018
1237,San Fabian,290,60,6.129,5.598,2.658,2.475,2018
1238,San Felipe,130,50,1.739,1.625,826,727,2018
1239,San Fernando (BK),340,20,6.033,5.532,1.310,1.431,2018
1240,San Fernando (CS),190,50,3.106,2.801,1.692,1.593,2018
1241,San Fernando (CU),220,90,5.998,5.311,2.090,2.109,2018
1242,San Fernando (LU),270,120,6.282,5.640,2.845,2.656,2018
1243,San Fernando (MS),240,40,2.017,1.816,800,733,2018
1244,San Fernando (PA),420,250,19.344,17.710,10.564,10.533,2018
1245,San Fernando (RN),120,30,2.283,2.100,1.038,1.097,2018
1246,San Francisco (AS),300,60,6.657,6.151,3.461,3.510,2018
1247,San Francisco (CU),220,60,5.223,4.663,1.960,2.112,2018
1248,San Francisco (QN),230,130,6.378,5.734,2.358,2.645,2018
1249,San Francisco (SL),110,20,938,829,369,340,2018
1250,San Francisco (SN),110,20,1.194,1.042,564,543,2018
1251,San Gabriel,140,30,1.265,1.168,619,550,2018
1252,San Guillermo,280,60,1.746,1.555,741,720,2018
1253,San Ildefonso (BU),380,50,7.442,6.899,2.152,2.178,2018
1254,San Ildefonso (IS),40,20,440,429,146,108,2018
1255,San Isidro (AA),70,10,344,297,165,172,2018
1256,San Isidro (BL),120,30,712,578,439,383,2018
1257,San Isidro (DN),150,40,2.317,2.040,950,866,2018
1258,San Isidro (DO),220,30,2.885,2.623,1.028,1.133,2018
1259,San Isidro (IA),130,30,1.560,1.442,635,558,2018
1260,San Isidro (LE),200,20,2.462,2.243,955,945,2018
1261,San Isidro (NS),140,40,2.490,2.141,1.404,1.426,2018
1262,San Isidro (NE),120,30,3.322,2.970,1.013,859,2018
1263,San Isidro (SN),120,20,657,566,331,318,2018
1264,San Jacinto (MS),220,30,2.888,2.493,946,1.001,2018
1265,San Jacinto (PS),160,20,3.079,2.851,1.620,1.583,2018
1266,San Joaquin,360,100,3.898,3.398,2.300,2.128,2018
1267,San Jorge,350,20,1.657,1.464,836,874,2018
1268,San Jose (AE),240,30,4.788,4.369,2.563,2.822,2018
1269,San Jose (BS),170,30,5.048,4.609,1.385,1.388,2018
1270,San Jose (CS),220,60,3.701,3.419,1.586,1.549,2018
1271,San Jose (DI),130,30,1.928,1.763,1.098,1.089,2018
1272,San Jose (NR),130,40,1.622,1.462,781,717,2018
1273,San Jose (NS),120,10,1.614,1.484,651,668,2018
1274,San Jose (NE),480,80,10.006,9.065,4.245,4.148,2018
1275,San Jose (OM),700,110,12.979,11.849,5.309,5.508,2018
1276,San Jose (RN),80,10,1.191,991,523,488,2018
1277,San Jose (TC),270,50,2.970,2.717,1.322,1.385,2018
1278,San Jose De Buan,140,10,746,686,225,239,2018
1279,San Jose Del Monte,350,180,39.176,36.407,16.688,17.227,2018
1280,San Juan (AA),110,20,848,801,440,390,2018
1281,San Juan (BS),420,140,8.518,7.744,4.472,4.254,2018
1282,San Juan (IS),230,30,1.771,1.592,818,825,2018
1283,San Juan (LU),160,20,2.077,1.879,934,819,2018
1284,San Juan (MM),80,10,3.947,3.574,1.460,1.431,2018
1285,San Juan (SR),100,20,1.093,1.028,522,410,2018
1286,San Juan (SL),110,10,1.150,994,575,633,2018
1287,San Julian,130,20,1.304,1.133,507,487,2018
1288,San Leonardo,110,50,3.746,3.482,1.583,1.507,2018
1289,San Lorenzo,130,20,1.923,1.803,845,822,2018
1290,San Lorenzo Ruiz,110,20,1.270,1.194,447,459,2018
1291,San Luis (AS),320,50,3.673,3.289,1.174,1.205,2018
1292,San Luis (AU),190,50,2.344,2.085,1.025,983,2018
1293,San Luis (BS),190,20,2.217,2.083,637,611,2018
1294,San Luis (PA),170,80,3.595,3.235,2.279,2.164,2018
1295,San Manuel (IA),180,50,2.387,2.195,953,932,2018
1296,San Manuel (PS),230,50,3.331,2.954,1.615,1.550,2018
1297,San Manuel (TC),150,30,1.966,1.721,627,625,2018
1298,San Marcelino,190,50,2.561,2.305,1.027,982,2018
1299,San Mariano,410,160,4.934,4.362,2.030,2.102,2018
1300,San Mateo (IA),280,40,3.824,3.682,1.538,1.539,2018
1301,San Mateo (RL),140,60,14.354,13.081,5.479,5.319,2018
1302,San Miguel (BL),190,40,2.129,1.932,1.232,1.224,2018
1303,San Miguel (BU),470,50,11.664,10.756,5.768,5.793,2018
1304,San Miguel (CT),230,20,1.378,1.261,582,602,2018
1305,San Miguel (IO),90,10,2.169,2.020,1.130,1.126,2018
1306,San Miguel (LE),210,20,1.941,1.705,947,960,2018
1307,San Miguel (SS),420,80,4.118,3.863,1.404,1.404,2018
1308,San Miguel (ZR),180,30,1.700,1.496,469,485,2018
1309,San Narciso (QN),200,50,4.227,3.996,1.545,1.716,2018
1310,San Narciso (ZA),150,20,1.845,1.586,522,508,2018
1311,San Nicolas (BS),100,20,1.412,1.310,716,604,2018
1312,San Nicolas (IN),110,20,2.308,2.086,1.121,1.072,2018
1313,San Nicolas (PS),320,90,2.654,2.303,992,897,2018
1314,San Pablo (IA),160,40,1.834,1.774,836,792,2018
1315,San Pablo (LA),640,150,18.977,17.419,7.999,7.776,2018
1316,San Pablo (ZR),280,70,2.402,2.130,966,960,2018
1317,San Pascual (BS),210,60,3.127,2.918,2.022,1.915,2018
1318,San Pascual (MS),370,110,5.217,4.595,2.054,2.257,2018
1319,San Pedro,200,70,17.233,16.151,8.019,7.878,2018
1320,San Policarpo,130,20,1.415,1.293,648,612,2018
1321,San Quintin (AA),60,10,350,320,152,141,2018
1322,San Quintin (PS),160,30,2.580,2.303,858,846,2018
1323,San Rafael (BU),250,50,6.034,5.411,3.116,3.097,2018
1324,San Rafael (IO),100,20,1.443,1.343,921,834,2018
1325,San Remigio (AE),440,30,3.130,2.721,1.003,979,2018
1326,San Remigio (CU),270,140,5.264,4.827,2.609,2.452,2018
1327,San Ricardo,80,30,791,689,372,353,2018
1328,San Roque,130,40,2.632,2.494,1.339,1.550,2018
1329,San Sebastian,100,10,736,660,229,205,2018
1330,San Simon,140,50,3.531,3.131,1.692,1.625,2018
1331,San Teodoro,120,20,1.631,1.533,546,556,2018
1332,Santiago (AN),110,20,1.856,1.607,909,984,2018
1333,Santiago (IS),110,10,1.275,1.113,372,297,2018
1334,Santiago (IA),320,120,10.232,9.495,3.709,3.886,2018
1335,San Vicente (CN),60,20,876,821,481,468,2018
1336,San Vicente (IS),60,20,774,728,326,256,2018
1337,San Vicente (NS),50,20,653,559,320,337,2018
1338,San Vicente (PN),270,50,3.052,2.688,1.374,1.350,2018
1339,Sapad,140,10,1.693,1.743,323,323,2018
1340,Sapang Dalaga,290,40,1.676,1.528,462,504,2018
1341,Sapa-Sapa,230,30,2.095,2.100,358,369,2018
1342,Sapi-An,220,20,2.187,1.984,958,984,2018
1343,Sara,220,40,4.379,3.961,1.796,1.752,2018
1344,Sarangani,160,20,2.084,1.937,504,615,2018
1345,Sariaya,370,60,11.296,10.210,3.803,3.686,2018
1346,Sarrat,150,30,1.520,1.375,1.005,887,2018
1347,Sasmuan,90,30,2.018,1.824,858,823,2018
1348,Science City of Munoz,340,70,5.970,5.460,3.080,3.197,2018
1349,Sebaste,100,10,1.374,1.180,354,286,2018
1350,Senator Ninoy Aquino,390,70,3.095,2.892,1.005,935,2018
1351,Sergio Osmena,380,50,2.970,2.695,1.014,1.076,2018
1352,Sevilla,130,30,774,698,435,381,2018
1353,Shariff Aguak,70,10,2.113,2.384,653,876,2018
1354,Shariff Saydona Mustapha,70,0,899,914,0,0,2018
1355,Siasi,510,30,5.293,5.446,254,323,2018
1356,Siaton,440,150,7.146,6.501,2.955,3.105,2018
1357,Siay,300,50,3.862,3.423,1.628,1.620,2018
1358,Siayan,320,40,4.177,3.794,867,962,2018
1359,Sibagat,290,50,3.141,2.917,1.026,1.026,2018
1360,Sibalom,540,70,4.797,4.300,2.239,2.058,2018
1361,Sibonga,230,60,3.985,3.520,1.890,1.892,2018
1362,Sibuco,300,50,3.897,3.554,1.107,1.240,2018
1363,Sibulan,200,110,3.539,3.316,1.596,1.540,2018
1364,Sibunag,150,30,1.479,1.269,634,557,2018
1365,Sibutad,150,30,1.435,1.295,516,535,2018
1366,Sibutu,100,0,1.588,1.514,0,0,2018
1367,Sierra Bullones,230,40,2.101,1.863,1.019,1.047,2018
1368,Sigay,60,10,188,141,56,42,2018
1369,Sigma,220,30,2.170,1.923,1.134,1.030,2018
1370,Sikatuna,50,10,454,368,279,267,2018
1371,Silago,140,40,1.031,903,688,616,2018
1372,Silang,450,80,16.729,15.225,6.313,6.585,2018
1373,Silay,320,150,9.374,8.450,4.472,4.460,2018
1374,Silvino Lobos,200,10,1.526,1.352,232,345,2018
1375,Simunul,240,40,2.984,3.303,432,477,2018
1376,Sinacaban,200,20,1.404,1.232,560,551,2018
1377,Sinait,180,20,1.681,1.591,1.202,1.179,2018
1378,Sindangan,580,80,9.499,8.670,3.208,3.509,2018
1379,Siniloan,90,20,2.707,2.485,1.369,1.424,2018
1380,Siocon,300,50,3.855,3.813,1.647,1.775,2018
1381,Sipalay,350,120,7.148,6.426,3.094,3.215,2018
1382,Sipocot,450,100,6.192,5.480,3.013,3.240,2018
1383,Siquijor,150,50,1.585,1.506,599,669,2018
1384,Sirawai,140,30,2.273,2.164,899,966,2018
1385,Siruma,170,40,1.886,1.680,771,795,2018
1386,Sison (PS),270,140,3.403,3.013,1.820,1.650,2018
1387,Sison (SN),130,30,1.211,1.054,564,514,2018
1388,Sitangkai,130,40,2.423,2.442,643,661,2018
1389,Socorro (OR),220,30,3.339,2.995,1.157,1.201,2018
1390,Socorro (SN),180,40,2.062,1.867,912,899,2018
1391,Sofronio Espanola,290,50,3.490,3.299,1.557,1.665,2018
1392,Sogod (CU),220,50,2.894,2.649,960,942,2018
1393,Sogod (SL),280,30,3.682,3.385,2.002,1.836,2018
1394,Solana,340,60,6.195,5.939,2.453,2.473,2018
1395,Solano,230,30,4.121,3.854,1.517,1.613,2018
1396,Solsona,140,30,1.603,1.422,822,828,2018
1397,Sominot,190,20,1.388,1.273,436,452,2018
1398,Sorsogon,670,170,14.087,12.736,7.011,7.090,2018
1399,South Ubian,120,10,1.482,1.485,110,109,2018
1400,South Upi,380,50,5.639,5.374,1.040,1.185,2018
1401,Santa,100,30,939,807,280,241,2018
1402,Santa Ana (CG),190,20,2.734,2.370,897,879,2018
1403,Santa Ana (PA),120,30,3.732,3.423,1.363,1.375,2018
1404,Santa Barbara (IO),290,60,3.988,3.560,2.201,2.160,2018
1405,Santa Barbara (PS),260,70,5.884,5.487,3.146,3.012,2018
1406,Santa Catalina (IS),70,10,769,607,152,112,2018
1407,Santa Catalina (NR),430,150,7.230,6.551,2.731,3.016,2018
1408,Santa Cruz (DS),270,70,8.483,7.827,2.978,3.135,2018
1409,Santa Cruz (IS),240,20,2.599,2.424,410,340,2018
1410,Santa Cruz (LA),170,20,8.760,8.153,4.287,4.758,2018
1411,Santa Cruz (ME),520,170,4.364,4.000,2.078,2.005,2018
1412,Santa Cruz (OM),230,40,3.301,2.953,1.570,1.527,2018
1413,Santa Cruz (ZA),280,90,4.702,4.292,2.227,2.112,2018
1414,Santa Elena,200,70,3.837,3.609,1.799,1.739,2018
1415,Santa Fe (CU),100,40,3.036,2.669,1.532,1.626,2018
1416,Santa Fe (LE),170,10,1.831,1.763,687,768,2018
1417,Santa Fe (NV),150,20,1.217,1.073,419,577,2018
1418,Santa Fe (RN),140,30,1.624,1.341,802,822,2018
1419,Santa Ignacia,230,80,3.404,3.151,1.754,1.652,2018
1420,Santa Josefa,170,60,2.374,2.108,1.104,1.097,2018
1421,Santa Lucia,140,30,1.701,1.626,690,611,2018
1422,Santa Magdalena,100,20,1.567,1.421,947,903,2018
1423,Santa Marcela,130,40,992,896,521,489,2018
1424,Santa Margarita,300,30,2.430,2.305,1.303,1.319,2018
1425,Santa Maria (BU),320,70,16.316,15.047,7.154,6.912,2018
1426,Santa Maria (DS),280,50,5.090,4.522,2.037,2.192,2018
1427,Santa Maria (IS),190,20,1.940,1.708,872,933,2018
1428,Santa Maria (IA),160,30,2.069,1.981,986,847,2018
1429,Santa Maria (LA),210,40,2.267,1.995,1.140,1.043,2018
1430,Santa Maria (PS),170,30,2.402,2.162,1.099,1.052,2018
1431,Santa Maria (Imelda),60,20,742,623,338,344,2018
1432,Santa Monica,100,30,742,630,417,382,2018
1433,Santander,90,20,1.423,1.276,691,674,2018
1434,Santa Praxedes,70,10,539,457,150,188,2018
1435,Santa Rita (PA),90,30,2.913,2.662,1.506,1.433,2018
1436,Santa Rita (WS),440,50,3.996,3.605,1.566,1.557,2018
1437,Santa Rosa (LA),180,80,20.153,18.821,8.857,9.111,2018
1438,Santa Rosa (NE),250,30,5.113,4.606,1.552,1.638,2018
1439,Santa Teresita (BS),90,10,1.141,1.051,521,529,2018
1440,Santa Teresita (CG),130,20,1.266,1.242,487,488,2018
1441,Santo Domingo (AY),120,40,2.663,2.321,1.536,1.449,2018
1442,Santo Domingo (IS),200,20,1.834,1.649,721,691,2018
1443,Santo Domingo (NE),270,30,4.093,3.707,2.218,2.299,2018
1444,Santol,150,50,1.112,977,478,482,2018
1445,Santo Nino (CG),290,40,2.184,2.036,819,809,2018
1446,Santo Nino (WS),130,40,1.137,998,599,596,2018
1447,Santo Nino (SC),130,50,3.180,2.957,1.520,1.490,2018
1448,Santo Tomas (BS),250,40,9.667,8.911,3.889,3.939,2018
1449,Santo Tomas (DN),260,90,9.454,8.684,3.855,4.055,2018
1450,Santo Tomas (IA),180,20,1.743,1.571,891,839,2018
1451,Santo Tomas (LU),150,40,2.774,2.571,1.214,1.065,2018
1452,Santo Tomas (PA),80,20,2.383,2.085,1.670,1.692,2018
1453,Santo Tomas (PS),40,20,975,914,536,489,2018
1454,Sual,190,30,2.944,2.628,1.360,1.361,2018
1455,Subic,250,160,8.553,8.051,3.908,3.683,2018
1456,Sudipen,120,40,1.080,980,418,392,2018
1457,Sugbongcogon,90,20,854,846,443,427,2018
1458,Sugpon,80,10,240,234,114,119,2018
1459,Sulat,140,30,1.181,1.007,563,547,2018
1460,Sulop,240,30,2.666,2.420,1.083,1.191,2018
1461,Sultan Dumalondong,70,10,582,711,139,320,2018
1462,Sultan Kudarat,310,50,6.026,6.080,796,950,2018
1463,Sultan Mastura,130,20,2.161,2.258,561,779,2018
1464,Sultan Naga Dimaporo,310,30,4.946,4.745,1.205,1.569,2018
1465,Sultan Sa Barongis,130,40,3.302,3.369,810,942,2018
1466,Sumilao,120,30,2.891,2.610,637,658,2018
1467,Sumisip,320,40,3.995,3.891,772,1.079,2018
1468,Surallah,340,110,7.715,7.123,3.139,3.263,2018
1469,Surigao,650,230,11.605,10.491,5.891,6.042,2018
1470,Suyo,200,20,868,744,353,357,2018
1471,Taal,160,10,3.380,2.914,1.325,1.306,2018
1472,Tabaco,390,90,11.828,10.539,7.422,7.481,2018
1473,Tabango,230,40,3.280,2.926,1.258,1.365,2018
1474,Tabina,210,60,2.266,2.057,1.008,1.166,2018
1475,Tabogon,200,80,3.338,2.983,1.193,1.021,2018
1476,Tabontabon,120,10,1.125,966,495,479,2018
1477,Tabuan-Lasa,140,20,1.715,1.712,174,222,2018
1478,Tabuelan,170,30,2.286,1.928,624,689,2018
1479,Tabuk,850,170,9.051,8.103,3.572,3.726,2018
1480,Tacloban,460,200,16.973,15.343,8.976,9.210,2018
1481,Tacurong,240,70,7.212,6.604,2.862,3.138,2018
1482,Tadian,270,100,1.347,1.243,752,613,2018
1483,Taft,190,20,1.556,1.434,907,821,2018
1484,Tagana-An,140,30,1.443,1.333,668,651,2018
1485,Tagapul-An,130,30,695,556,350,354,2018
1486,Tagaytay,170,40,4.632,4.317,3.244,3.519,2018
1487,Tagbilaran,170,70,5.787,5.250,3.364,3.888,2018
1488,Tagbina,390,160,3.607,3.321,1.665,1.592,2018
1489,Tagkawayan,380,110,5.195,4.669,1.954,1.786,2018
1490,Tago,300,50,3.393,3.070,1.447,1.484,2018
1491,Tagoloan (LN),110,10,1.622,1.684,91,81,2018
1492,Tagoloan (MO),100,40,5.682,5.213,2.568,2.726,2018
1493,Tagoloan Ii,40,10,148,161,72,94,2018
1494,Tagudin,210,50,2.682,2.344,1.595,1.516,2018
1495,Taguig,230,180,46.735,43.996,19.958,20.565,2018
1496,Tagum,290,110,19.333,17.852,9.022,9.588,2018
1497,Talacogon,280,120,3.902,3.400,1.973,2.042,2018
1498,Talaingod,280,100,2.914,2.691,783,779,2018
1499,Talakag,380,30,7.543,6.933,1.196,1.394,2018
1500,Talalora,100,10,786,737,399,410,2018
1501,Talavera,450,50,8.313,7.725,2.987,3.466,2018
1502,Talayan,80,10,1.948,1.964,599,681,2018
1503,Talibon,300,110,6.272,5.851,2.969,3.098,2018
1504,Talipao,420,30,2.882,2.983,515,721,2018
1505,Talisay (BS),110,20,3.035,2.869,889,784,2018
1506,Talisay (CN),100,30,1.954,1.747,517,457,2018
1507,Talisay  (CU),250,180,15.793,14.256,7.030,7.230,2018
1508,Talisay (NO),220,70,7.696,6.914,2.722,2.805,2018
1509,Talisayan,180,30,2.183,2.011,954,899,2018
1510,Talitay,90,10,1.075,1.054,239,291,2018
1511,Talugtug,200,20,1.641,1.483,628,605,2018
1512,Talusan,140,30,1.460,1.349,505,544,2018
1513,Tambulig,340,40,2.749,2.475,884,890,2018
1514,Tampakan,180,70,3.746,3.423,1.679,1.654,2018
1515,Tamparan,140,10,3.000,3.617,474,523,2018
1516,Tampilisan,210,50,2.283,2.097,1.045,1.031,2018
1517,Tanauan (BS),440,160,12.182,11.091,6.200,6.064,2018
1518,Tanauan (LE),390,40,4.454,4.023,1.778,1.936,2018
1519,Tanay,330,130,9.666,8.843,4.420,4.393,2018
1520,Tandag,260,50,4.857,4.602,2.352,2.426,2018
1521,Tandubas,150,20,1.918,1.961,330,367,2018
1522,Tangalan,130,40,1.760,1.615,866,875,2018
1523,Tangcal,60,10,742,754,108,146,2018
1524,Tangub,550,130,5.372,4.891,2.732,2.788,2018
1525,Tanjay,450,160,5.770,5.197,2.583,2.602,2018
1526,Tantangan,210,70,3.481,3.220,1.226,1.113,2018
1527,Tanudan,220,50,781,680,409,287,2018
1528,Tanza,160,40,15.995,15.056,8.072,8.544,2018
1529,Tapaz,550,80,4.483,3.694,1.920,1.674,2018
1530,Tapul,140,10,1.306,1.291,232,236,2018
1531,Taraka,160,40,1.970,2.130,714,891,2018
1532,Tarangnan,330,40,2.359,2.147,996,1.026,2018
1533,Tarlac,880,160,24.151,21.975,11.976,12.288,2018
1534,Tarragona,210,20,2.497,2.280,716,829,2018
1535,Tayabas,320,50,6.644,6.088,3.194,3.090,2018
1536,Tayasan,270,40,3.223,2.961,825,974,2018
1537,Taysan,190,50,2.712,2.398,1.522,1.386,2018
1538,Taytay (PN),570,160,7.913,7.075,3.380,3.329,2018
1539,Taytay (RL),160,70,19.468,17.874,8.434,8.377,2018
1540,Tayug,170,20,2.870,2.622,1.448,1.627,2018
1541,Tayum,70,20,1.030,902,412,405,2018
1542,T'Boli,520,130,9.402,8.728,2.882,3.025,2018
1543,Teresa,70,30,4.755,4.518,2.187,2.109,2018
1544,Ternate,50,20,1.598,1.566,879,747,2018
1545,Tiaong,280,70,7.514,6.938,3.972,3.972,2018
1546,Tibiao,180,20,1.993,1.886,874,888,2018
1547,Tigaon,230,70,5.338,4.776,2.994,3.188,2018
1548,Tigbao,200,40,1.830,1.741,824,840,2018
1549,Tigbauan,210,90,3.895,3.593,2.214,2.105,2018
1550,Tinambac,420,130,6.694,6.041,3.217,3.403,2018
1551,Tineg,130,20,436,433,157,178,2018
1552,Tinglayan,220,40,1.243,940,404,329,2018
1553,Tingloy,140,20,1.204,1.042,647,546,2018
1554,Tinoc,190,30,1.259,1.191,282,429,2018
1555,Tipo-Tipo,130,20,2.076,2.027,718,1.071,2018
1556,Titay,350,80,4.913,4.402,2.009,2.046,2018
1557,Tiwi,230,30,4.746,4.142,2.120,2.131,2018
1558,Tobias Fornier,330,60,2.186,1.830,1.072,1.033,2018
1559,Toboso,220,40,3.971,3.677,1.482,1.686,2018
1560,Toledo,500,120,17.063,15.191,7.061,7.376,2018
1561,Tolosa,130,20,1.769,1.659,845,887,2018
1562,Tomas Oppus,180,30,1.311,1.170,503,486,2018
1563,Tongkil,160,20,1.871,1.909,246,262,2018
1564,Torrijos,270,70,2.614,2.342,1.312,1.310,2018
1565,Trece Martires,120,50,12.438,11.689,6.111,6.399,2018
1566,Trento,310,90,5.213,4.688,2.293,2.290,2018
1567,Trinidad,250,50,2.797,2.488,1.029,1.114,2018
1568,Tuao,310,70,4.669,4.189,2.020,1.957,2018
1569,Tuba,330,60,2.771,2.439,1.059,1.019,2018
1570,Tubajon,90,30,739,670,347,323,2018
1571,Tubao,150,60,2.000,1.752,1.146,1.130,2018
1572,Tubaran,120,40,1.186,1.359,300,462,2018
1573,Tubay,140,30,2.273,2.060,642,659,2018
1574,Tubigon,310,40,3.200,2.917,1.201,1.022,2018
1575,Tublay,190,20,1.296,1.188,786,930,2018
1576,Tubo,150,30,361,337,220,163,2018
1577,Tubod (LN),250,50,3.797,3.507,1.163,1.105,2018
1578,Tubod (SN),90,20,1.087,1.073,613,572,2018
1579,Tubungan,170,20,1.447,1.289,763,738,2018
1580,Tuburan (BA),80,20,884,768,311,319,2018
1581,Tuburan (CU),490,70,5.766,5.307,2.146,2.192,2018
1582,Tudela (CU),110,20,790,727,367,373,2018
1583,Tudela (MC),300,20,2.246,1.934,630,626,2018
1584,Tugaya,180,20,2.858,3.486,485,618,2018
1585,Tuguegarao,290,60,9.997,9.317,4.491,4.677,2018
1586,Tukuran,260,60,3.521,3.324,1.745,1.822,2018
1587,Tulunan,320,70,4.867,4.405,1.797,1.840,2018
1588,Tumauini,340,80,5.251,4.888,2.483,2.468,2018
1589,Tunga,40,10,743,692,622,607,2018
1590,Tungawan,290,60,4.569,3.994,1.916,2.033,2018
1591,Tupi,250,70,5.929,5.558,2.853,2.952,2018
1592,Turtle Islands,30,10,411,416,107,122,2018
1593,Tuy,180,40,2.976,2.757,1.140,1.061,2018
1594,Ubay,450,120,6.759,6.296,2.840,2.875,2018
1595,Umingan,440,70,4.982,4.586,2.348,2.134,2018
1596,Ungkaya Pukan,130,0,1.676,1.570,0,0,2018
1597,Unisan,160,30,1.997,1.761,890,858,2018
1598,Upi,350,80,6.795,6.111,1.814,1.917,2018
1599,Urbiztondo,220,70,4.569,4.048,2.579,2.401,2018
1600,Urdaneta,450,220,9.712,8.995,5.728,5.450,2018
1601,Uson,370,60,5.921,5.316,2.472,2.868,2018
1602,Uyugan,30,20,92,63,61,45,2018
1603,Valderrama,210,10,1.844,1.659,402,406,2018
1604,Valencia (BL),210,20,2.055,1.751,1.134,1.076,2018
1605,Valencia (BK),560,110,17.527,15.747,4.799,5.172,2018
1606,Valencia (NR),200,40,2.543,2.237,980,1.076,2018
1607,Valenzuela,390,190,40.818,37.790,21.625,22.043,2018
1608,Valladolid,70,30,2.595,2.396,1.180,1.157,2018
1609,Vallehermoso,190,40,3.124,3.023,1.316,1.438,2018
1610,Veruela,280,50,3.833,3.372,1.474,1.464,2018
1611,Victoria (LA),100,50,2.404,2.308,1.128,1.105,2018
1612,Victoria (NS),150,20,1.383,1.293,615,545,2018
1613,Victoria (OR),300,50,4.098,3.867,1.425,1.380,2018
1614,Victoria (TC),230,30,4.676,4.306,1.886,1.820,2018
1615,Victorias,190,50,7.150,6.498,3.608,3.578,2018
1616,Viga,280,40,2.062,1.828,1.117,1.055,2018
1617,Vigan,180,30,3.123,2.869,3.210,3.580,2018
1618,Villaba,300,40,3.323,3.030,933,1.051,2018
1619,Villanueva,110,30,3.797,3.268,1.087,1.185,2018
1620,Villareal,380,70,2.684,2.489,1.469,1.521,2018
1621,Villasis,220,70,4.603,4.159,2.189,2.075,2018
1622,Villaverde,120,10,1.328,1.210,537,509,2018
1623,Villaviciosa,70,0,412,433,0,0,2018
1624,Vincenzo A Sagun,140,40,1.641,1.555,822,821,2018
1625,Vintar,390,50,1.970,1.790,709,680,2018
1626,Vinzons,190,60,4.148,3.754,2.797,2.971,2018
1627,Virac,430,70,5.715,5.030,3.300,3.140,2018
1628,Wao,270,70,3.852,3.680,742,704,2018
1629,Zamboanga,1720,380,72.933,68.241,28.855,31.333,2018
1630,Zamboanguita,130,40,2.172,1.915,897,974,2018
1631,Zaragoza,160,40,3.388,3.216,1.865,1.855,2018
1632,Zarraga,80,20,1.928,1.823,1.089,1.184,2018
1633,Zumarraga,220,40,1.475,1.417,774,750,2018
