,id,water-seal,closed-pit,open-pit,none,year
0,Aborlan,3025,2378,7270,8520,2010
1,Abra De Ilog,3791,1730,2180,199,2010
2,Abucay,8028,740,520,3060,2010
3,Abulug,5556,1103,1130,550,2010
4,Abuyog,9547,6080,3860,1722,2010
5,Adams,2900,880,0,20,2010
6,Agdangan,2266,1540,980,1980,2010
7,Aglipay,432,4780,1035,350,2010
8,Agno,4452,1001,7150,2500,2010
9,Agoncillo,6572,1060,140,4490,2010
10,Agoo,11752,6340,1450,780,2010
11,Aguilar,6896,1252,340,300,2010
12,Aguinaldo,7920,2403,8780,160,2010
13,Agutaya,1062,1085,1930,2460,2010
14,Ajuy,6773,1852,5710,5290,2010
15,Akbar,4620,4500,8930,2570,2010
16,Alabat,291,3260,340,750,2010
17,Alabel,10781,2623,1189,1106,2010
18,Alamada,4895,307,226,1928,2010
19,Alaminos (LA),9218,2260,490,1090,2010
20,Alaminos (PS),16309,1704,6800,1680,2010
21,Alang-Alang,6379,2467,4440,6690,2010
22,Al-Barka,8860,4660,1421,3790,2010
23,Albuera,7672,3150,3250,7220,2010
24,Alburquerque,2067,350,200,50,2010
25,Alcala (CG),7728,7750,880,1180,2010
26,Alcala (PS),8591,4310,250,570,2010
27,Alcantara (CU),1804,3100,2530,4610,2010
28,Alcantara (RN),2698,2030,1500,3320,2010
29,Alcoy,2266,4240,950,2810,2010
30,Alegria (CU),3239,7460,2910,5200,2010
31,Alegria (SN),2336,5820,470,920,2010
32,Aleosan,2979,2247,1571,5480,2010
33,Alfonso,10398,1370,810,730,2010
34,Alfonso Castaneda,9720,3860,850,0,2010
35,Alfonso Lista,3503,1499,1089,950,2010
36,Aliaga,11798,4870,550,2440,2010
37,Alicia (BL),4123,3050,980,2020,2010
38,Alicia (IA),14458,5540,850,950,2010
39,Alicia (ZS),3109,1606,149,9620,2010
40,Alilem,1118,1690,140,560,2010
41,Alimodian,6236,7810,4130,450,2010
42,Alitagtag,445,1050,650,540,2010
43,Allacapan,6721,4880,3910,500,2010
44,Allen,4056,540,2220,5620,2010
45,Almagro,1356,930,560,6000,2010
46,Almeria,3269,300,700,2380,2010
47,Aloguinsan,2985,9900,5110,1415,2010
48,Aloran,4935,8700,1290,970,2010
49,Altavas,3378,1185,4750,1000,2010
50,Alubijid,4703,6320,2260,6140,2010
51,Amadeo,719,650,340,390,2010
52,Amai Manabilang,7150,5340,1740,0,2010
53,Ambaguio,7030,4280,1687,1250,2010
54,Amlan,4503,1300,560,2330,2010
55,Ampatuan,1499,1045,1330,1670,2010
56,Amulung,9258,3890,100,360,2010
57,Anahawan,1837,0,0,220,2010
58,Anao,2176,1980,1330,50,2010
59,Anda (BL),304,2730,200,1740,2010
60,Anda (PS),6798,1018,2350,2030,2010
61,Angadanan,6552,146,8830,1180,2010
62,Angat,11749,1640,610,880,2010
63,Angeles,72191,7540,2110,1760,2010
64,Angono,22133,2910,250,550,2010
65,Anilao,4013,1166,5560,1220,2010
66,Anini-Y,3512,2880,1430,3280,2010
67,Antequera,2952,2280,860,250,2010
68,Antipas,4306,6930,5190,1750,2010
69,Antipolo,144169,2915,3160,5590,2010
70,Apalit,20168,990,110,3090,2010
71,Aparri,11229,9450,2550,5230,2010
72,Araceli,2108,150,360,8350,2010
73,Arakan,4829,249,1458,1170,2010
74,Arayat,22684,4710,1140,6120,2010
75,Argao,11676,1997,6500,7580,2010
76,Aringay,8509,5490,5180,1210,2010
77,Aritao,7388,6620,3080,350,2010
78,Aroroy,6393,6480,1224,5935,2010
79,Arteche,1775,1990,1250,1085,2010
80,Asingan,1271,1890,1000,660,2010
81,Asipulo,1178,7020,7360,600,2010
82,Asturias,5282,2830,7200,286,2010
83,Asuncion,10538,8250,4190,2820,2010
84,Atimonan,12821,4890,4820,5340,2010
85,Atok,2064,9650,1114,100,2010
86,Aurora (IA),7112,1610,790,3180,2010
87,Aurora (ZR),7159,1142,6880,1249,2010
88,Ayungon,509,1674,1247,1806,2010
89,Baao,8089,1269,5370,4050,2010
90,Babatngon,3268,2560,7110,6080,2010
91,Bacacay,10563,2187,2550,4540,2010
92,Bacarra,7461,690,90,360,2010
93,Baclayon,3707,480,270,760,2010
94,Bacnotan,8967,1760,560,250,2010
95,Baco,5588,3380,5080,1039,2010
96,Bacolod (LN),2781,6440,7550,4840,2010
97,Bacolod (NO),105851,4252,2074,27,2010
98,Bacolod-Kalawi,1694,8190,4380,340,2010
99,Bacolor,6768,920,1410,350,2010
100,Bacong,6623,1050,380,4600,2010
101,Bacoor,113334,2687,2657,6390,2010
102,Bacuag,2207,4470,360,830,2010
103,Bacungan Leon B. Postigo,2789,9070,5500,7780,2010
104,Badian,402,1222,5140,1869,2010
105,Badiangan,3839,9230,7330,0,2010
106,Badoc,6755,830,150,690,2010
107,Bagabag,7422,4120,3600,600,2010
108,Bagac,5135,980,1180,3030,2010
109,Bagamanoc,1756,950,1190,2790,2010
110,Baganga,8345,2306,4490,7440,2010
111,Baggao,15895,1631,3000,1560,2010
112,Bago,26228,2225,1513,5226,2010
113,Baguio,77159,6580,2410,720,2010
114,Bagulin,1268,7130,5190,720,2010
115,Bagumbayan,8516,3408,2028,2060,2010
116,Bais,10768,2063,7510,2542,2010
117,Bakun,2581,800,1570,100,2010
118,Balabac,7800,7000,1015,3462,2010
119,Balabagan,1193,1118,1477,3280,2010
120,Balagtas,14438,570,50,680,2010
121,Balamban,1091,5480,1368,2933,2010
122,Balanga,17871,4380,1110,3880,2010
123,Balangiga,2245,150,100,3880,2010
124,Balangkayan,15,550,290,2570,2010
125,Balaoan,7495,3510,1940,470,2010
126,Balasan,4595,1425,2860,1830,2010
127,Balatan,2942,2025,1350,3650,2010
128,Balayan,15449,4390,1780,8200,2010
129,Balbalan,1388,2460,4980,50,2010
130,Baleno,2551,5650,5520,9440,2010
131,Baler,728,2080,1380,1500,2010
132,Balete (AK),3558,2064,4490,350,2010
133,Balete (BS),3948,1290,680,1850,2010
134,Baliangao,2346,6690,1580,5290,2010
135,Baliguian,171,1059,4480,7960,2010
136,Balilihan,3412,3640,380,630,2010
137,Balindong,1605,1567,3880,30,2010
138,Balingasag,9878,107,3640,1772,2010
139,Balingoan,1435,2610,1280,1500,2010
140,Baliwag,32428,6630,670,1180,2010
141,Ballesteros,6637,9100,3440,310,2010
142,Baloi,4732,248,1724,210,2010
143,Balud,3716,3520,5430,2472,2010
144,Balungao,6015,1190,840,450,2010
145,Bamban,12721,830,1700,540,2010
146,Bambang,9961,9450,4830,610,2010
147,Banate,4774,7260,1880,6410,2010
148,Banaue,2407,1078,7150,1760,2010
149,Banaybanay,7155,7270,1030,2140,2010
150,Banayoyo,1629,140,0,100,2010
151,Banga (AK),6056,1461,2880,310,2010
152,Banga (SC),13809,2354,9560,5800,2010
153,Bangar,696,1500,410,1190,2010
154,Bangued,8426,1035,2480,700,2010
155,Bangui,3528,100,110,50,2010
156,Bani,8325,1161,7940,1980,2010
157,Banisilan,3463,316,1433,1110,2010
158,Banna,3853,890,440,300,2010
159,Bansalan,10816,2035,3160,1750,2010
160,Bansud,6041,1036,3070,1064,2010
161,Bantay,7324,2040,150,670,2010
162,Bantayan Island,7421,5840,6630,6487,2010
163,Banton,9960,0,410,1940,2010
164,Baras (CT),2018,1260,1160,2920,2010
165,Baras (RL),6538,2810,530,1500,2010
166,Barbaza,3218,5610,4030,5550,2010
167,Barcelona,3494,5090,540,5290,2010
168,Barili,7631,1766,1207,2865,2010
169,Barira,4920,1095,9210,6280,2010
170,Barlig,1371,980,0,410,2010
171,Barobo,6801,8060,2540,6380,2010
172,Barotac Nuevo,9036,1413,3270,2410,2010
173,Barotac Viejo,6195,1473,10,2330,2010
174,Baroy,353,7200,690,2670,2010
175,Barugo,4241,7060,1230,1035,2010
176,Basay,3382,1470,660,1555,2010
177,Basco,2031,0,0,0,2010
178,Basey,7207,5810,2480,242,2010
179,Basilisa,5944,8370,660,3650,2010
180,Basista,6032,2330,0,50,2010
181,Basud (CN),714,5350,740,5180,2010
182,Batac,11801,3980,700,390,2010
183,Batad,2654,7390,2090,4960,2010
184,Batan,60,6390,2210,610,2010
185,Batangas,64995,6630,4850,9620,2010
186,Bataraza,571,2708,1246,4483,2010
187,Bato (CS),8045,7300,920,2300,2010
188,Bato (CT),3826,300,50,3200,2010
189,Bato (LE),4212,4930,1330,2788,2010
190,Batuan (BL),1932,6780,340,200,2010
191,Batuan (MS),1205,1010,5280,8340,2010
192,Bauan,18135,600,250,590,2010
193,Bauang,15133,5650,1310,260,2010
194,Bauko,5051,5420,5850,610,2010
195,Baungon,4412,2053,8580,1200,2010
196,Bautista,6025,2470,440,600,2010
197,Bay,1253,620,50,700,2010
198,Bayabas,8810,5400,580,2000,2010
199,Bayambang,19922,2788,5450,640,2010
200,Bayang,1996,6720,3870,750,2010
201,Bayawan,13707,2268,2395,57,2010
202,Baybay,19237,5040,7310,2549,2010
203,Bayog,3791,7100,111,5260,2010
204,Bayombong,11885,9070,4030,680,2010
205,Bayugan,17725,1178,7390,7640,2010
206,Belison,2631,460,1620,530,2010
207,Benito Soliven,3352,2061,6420,210,2010
208,Besao,1709,640,330,250,2010
209,Bien Unido,1962,5040,6250,1564,2010
210,Bilar,3095,3150,1160,420,2010
211,Biliran,2465,100,260,9070,2010
212,Binalbagan,8241,9750,1224,2114,2010
213,Binalonan,1152,5700,400,510,2010
214,Binangonan,54037,3710,390,1024,2010
215,Bindoy,4612,6860,3290,2584,2010
216,Bingawan,1654,8760,3740,140,2010
217,Binidayan,7120,1469,7870,610,2010
218,Binmaley,16021,7030,2080,1530,2010
219,Binuangan,1258,440,210,680,2010
220,Biri,147,2840,1110,3090,2010
221,Bislig,16292,1041,8520,1668,2010
222,Binan,6684,9140,1900,2010,2010
223,Boac,10168,2680,900,1382,2010
224,Bobon,3359,2000,780,5430,2010
225,Bocaue,23432,1390,370,1730,2010
226,Bogo,9551,8540,2033,3685,2010
227,Bokod,1514,6020,5200,100,2010
228,Bolinao,1163,2408,1135,8250,2010
229,Boliney,5820,930,250,1010,2010
230,Boljoon,2493,2550,2960,1730,2010
231,Bombon,2281,5030,1810,1770,2010
232,Bongabon,12544,3070,1120,4320,2010
233,Bongabong,10742,6300,4090,2846,2010
234,Bongao,4699,3543,4831,3520,2010
235,Bonifacio,4123,1075,5040,9690,2010
236,Bontoc (MP),452,1060,5350,5410,2010
237,Bontoc (SL),5384,1290,720,6660,2010
238,Borbon,4499,5230,8170,9960,2010
239,Borongan,10673,7590,1110,1685,2010
240,Boston,1831,800,1770,5400,2010
241,Botolan,9301,7210,2690,1207,2010
242,Braulio E. Dujali,4833,2570,600,0,2010
243,Brooke's Point,5704,3318,9890,2783,2010
244,Buadiposo-Buntong,1263,7630,3820,50,2010
245,Bubong,1298,6690,8000,170,2010
246,Bucay,3011,3130,1150,1680,2010
247,Bucloc,3100,0,0,1040,2010
248,Buenavista (AN),9527,4800,1010,1649,2010
249,Buenavista (BL),3406,3330,2420,107,2010
250,Buenavista (GS),8535,9560,7810,1680,2010
251,Buenavista (ME),2781,1570,2020,1744,2010
252,Buenavista (QN),2346,1466,8010,7560,2010
253,Bugallon,12242,7200,1860,2150,2010
254,Bugasong,4956,5690,6980,5300,2010
255,Buguey,5299,6120,1180,3070,2010
256,Buguias,6126,1283,1376,0,2010
257,Buhi,11419,2492,6620,8230,2010
258,Bula,9328,2334,5190,3260,2010
259,Bulakan,16462,1470,2500,1130,2010
260,Bulalacao,2838,4880,2520,3639,2010
261,Bulan,14121,1856,5580,2425,2010
262,Buldon,1602,1495,106,7590,2010
263,Buluan,2643,19,6590,1670,2010
264,Bulusan,3556,2650,600,9990,2010
265,Bunawan,6221,8460,1940,6230,2010
266,Burauen,8567,7010,1730,1045,2010
267,Burdeos,1962,5790,3430,1884,2010
268,Burgos (IN),2111,530,160,210,2010
269,Burgos (IS),2123,4350,0,50,2010
270,Burgos (IA),4757,2960,300,1460,2010
271,Burgos (LU),1166,1670,1480,1530,2010
272,Burgos (PS),3166,7090,3670,1070,2010
273,Burgos (SN),8480,0,0,930,2010
274,Buruanga,2909,1550,740,3040,2010
275,Bustos,13997,3480,620,750,2010
276,Busuanga,31,2740,2690,5600,2010
277,Butig,6820,1209,8010,170,2010
278,Butuan,57969,2877,1035,2692,2010
279,Buug,6145,7230,2010,6000,2010
280,Caba,4121,2840,3630,210,2010
281,Cabadbaran,12825,4020,1000,9880,2010
282,Cabagan,8264,6410,2090,1450,2010
283,Cabanatuan,58125,8630,1820,3430,2010
284,Cabangan,4521,1190,400,4300,2010
285,Cabanglasan,3955,133,7390,2570,2010
286,Cabarroguis,4924,9120,7720,200,2010
287,Cabatuan (IO),9347,1481,7620,490,2010
288,Cabatuan (IA),8081,1790,1000,2070,2010
289,Cabiao,1397,1830,420,1660,2010
290,Cabucgayan,2872,1100,1510,1029,2010
291,Cabugao,7214,3190,730,1100,2010
292,Cabusao,2774,4690,780,4150,2010
293,Cabuyao,58151,5960,1380,150,2010
294,Cadiz,17721,2276,2777,8476,2010
295,Cagayancillo,6250,2880,380,1630,2010
296,Cagayan De Oro,127097,4249,1931,2807,2010
297,Cagdianao,2447,2370,480,5060,2010
298,Cagwait,3025,6360,390,1810,2010
299,Caibiran,267,150,300,1393,2010
300,Cainta,70162,1660,750,1880,2010
301,Cajidiocan,3417,5500,4550,3600,2010
302,Calabanga,1254,1161,5120,1305,2010
303,Calaca,13362,4100,2120,9420,2010
304,Calamba (LA),87035,181,9380,2800,2010
305,Calamba (MC),4015,6070,870,1800,2010
306,Calanasan,144,3550,4080,50,2010
307,Calanogas,1050,1590,1077,5100,2010
308,Calapan,25156,8220,2820,8770,2010
309,Calape,5716,5250,2900,1250,2010
310,Calasiao,18157,8790,1410,1050,2010
311,Calatagan,9811,5820,880,1081,2010
312,Calatrava (NO),5167,7960,2362,812,2010
313,Calatrava (RN),1414,1630,250,5310,2010
314,Calauag,9804,2352,167,1069,2010
315,Calauan,16169,4020,690,2250,2010
316,Calayan,2254,9920,2440,380,2010
317,Calbayog,20022,9300,2811,10025,2010
318,Calbiga,2755,1820,2190,13,2010
319,Calinog,5756,3851,1489,280,2010
320,Calintaan,4745,1100,490,9900,2010
321,Caloocan,339465,2592,1176,2130,2010
322,Calubian,3661,1220,860,2873,2010
323,Calumpit,21608,770,930,870,2010
324,Caluya,4384,1240,1140,1933,2010
325,Camalaniugan,4658,2700,200,250,2010
326,Camalig,9275,2879,7660,4340,2010
327,Camaligan,4244,1560,250,940,2010
328,Camiling,17708,4810,690,1680,2010
329,Canaman,5513,7810,1910,390,2010
330,Can-Avid,3181,780,1840,5530,2010
331,Candaba,17883,7440,2240,4750,2010
332,Candelaria (QN),21728,1537,5420,3410,2010
333,Candelaria (ZA),4767,1650,300,3100,2010
334,Candijay,5094,6780,700,3500,2010
335,Candon,12955,2430,1010,480,2010
336,Candoni,2849,8170,2150,2970,2010
337,Canlaon,5501,7540,7210,423,2010
338,Cantilan,518,8190,860,4390,2010
339,Caoayan,4218,150,50,740,2010
340,Capalonga,4452,2430,950,1635,2010
341,Capas,24841,3780,3860,5690,2010
342,Capoocan,3731,2510,900,19,2010
343,Capul,1285,3770,150,7240,2010
344,Caraga,3641,1809,1664,4980,2010
345,Caramoan,5329,1113,900,2202,2010
346,Caramoran,3609,640,1190,1455,2010
347,Carasi,2420,120,180,60,2010
348,Carcar,16302,1845,1011,2631,2010
349,Cardona,9595,620,50,7090,2010
350,Carigara,7279,4780,4360,1637,2010
351,Carles,5958,2431,1231,2547,2010
352,Carmen (AN),3006,4760,150,6990,2010
353,Carmen (BL),851,3230,710,1690,2010
354,Carmen (CU),6996,3370,1870,1958,2010
355,Carmen (NC),7296,4719,3426,1613,2010
356,Carmen (DN),1434,8610,1390,2290,2010
357,Carmen (SS),1715,3580,0,360,2010
358,Carmona,17585,890,470,420,2010
359,Carranglan,5236,1741,7780,1880,2010
360,Carrascal,3096,1910,650,1760,2010
361,Casiguran (AU),3656,1091,2960,2100,2010
362,Casiguran (SO),5021,3980,590,7730,2010
363,Castilla,7333,8030,2920,2223,2010
364,Castillejos,10824,730,50,1990,2010
365,Cataingan,3656,3640,7980,5638,2010
366,Catanauan,7858,1059,1665,3369,2010
367,Catarman (CM),3147,1980,350,3270,2010
368,Catarman (NS),11652,1475,8640,1988,2010
369,Catbalogan,12081,8140,1338,3862,2010
370,Cateel,4417,4940,3220,2689,2010
371,Catigbian,4047,6070,910,410,2010
372,Catmon,4933,4340,2500,6380,2010
373,Catubig,4447,7810,730,6050,2010
374,Cauayan (IA),24189,2649,9300,1610,2010
375,Cauayan (NO),9775,386,1742,4048,2010
376,Cavinti,4059,6440,1740,810,2010
377,Cavite,19396,8690,6670,4300,2010
378,Cawayan,3987,3750,7350,792,2010
379,Cebu,176162,4046,3402,8921,2010
380,Cervantes,1991,9760,3200,50,2010
381,Clarin (BL),3472,2460,1520,5360,2010
382,Clarin (MC),6414,7660,2540,3110,2010
383,Claver,4407,50,620,4180,2010
384,Claveria (CG),6918,1320,0,410,2010
385,Claveria (MS),3353,2110,8470,3582,2010
386,Claveria (MO),5922,1392,1676,4660,2010
387,Columbio,3292,5780,1455,5510,2010
388,Compostela (CU),755,4170,1910,1211,2010
389,Compostela (DDO),16472,8650,1200,4500,2010
390,Concepcion (IO),5245,1267,4270,1161,2010
391,Concepcion,1162,2340,380,1630,2010
392,Concepcion (RN),1005,90,160,300,2010
393,Concepcion (TC),27369,5180,990,3870,2010
394,Conner,2978,8040,9840,210,2010
395,Consolacion,21149,2800,5060,1545,2010
396,Corcuera,1274,2520,890,7100,2010
397,Cordon,8488,4400,5280,310,2010
398,Cordova,7496,3110,7030,1651,2010
399,Corella,1674,310,0,100,2010
400,Coron,5303,7590,1298,1756,2010
401,Cortes (BL),2784,3410,450,510,2010
402,Cortes (SS),2685,2750,1360,2120,2010
403,Cotabato,43299,6101,242,2086,2010
404,Cuartero,301,18,8880,50,2010
405,Cuenca,6347,1830,300,200,2010
406,Culaba,1868,630,430,5100,2010
407,Culasi,6869,7180,660,4720,2010
408,Culion,179,1980,2790,1742,2010
409,Currimao,2552,220,0,250,2010
410,Cuyapo,11854,1027,4190,3180,2010
411,Cuyo,308,8970,1400,3900,2010
412,Daan Bantayan,9748,1037,161,3424,2010
413,Daet,19263,8610,1240,3860,2010
414,Dagami,5013,3120,1570,1118,2010
415,Dagohoy,3374,1860,310,2110,2010
416,Daguioman,3010,20,10,220,2010
417,Dagupan,33197,1903,7620,4530,2010
418,Dalaguete,8199,1306,1215,1855,2010
419,Damulog,2482,1269,1343,3440,2010
420,Danao (BL),2707,3700,250,2730,2010
421,Danao (CU),18354,1032,1085,5148,2010
422,Dangcagan,3501,7110,4260,1400,2010
423,Danglas,5730,3670,50,50,2010
424,Dao,4092,138,1399,100,2010
425,Dapa,3457,1230,5830,7520,2010
426,Dapitan,12665,1972,5830,1299,2010
427,Daraga,20679,2756,5520,6280,2010
428,Daram,3722,1370,3520,321,2010
429,Dasmarinas,124966,2710,2240,1270,2010
430,Dasol,493,5460,2830,520,2010
431,Datu Abdullah Sangki,9340,5990,7750,3090,2010
432,Datu Anggal Midtimbang,8120,5280,7870,380,2010
433,Datu Blah Sinsuat,8480,3200,8460,5710,2010
434,Datu Hoffer Ampatuan,4470,1032,5700,2710,2010
435,Datu Odin Sinsuat,5516,3764,2365,1298,2010
436,Datu Paglas,1749,9920,5050,910,2010
437,Datu Piang,1795,1085,1219,4330,2010
438,Datu Salibo,8050,4940,7540,2680,2010
439,Datu Saudi-Ampatuan,4380,126,137,1700,2010
440,Datu Unsay,5690,8860,5760,1300,2010
441,Dauin,4969,2190,500,3820,2010
442,Dauis,769,2640,700,1570,2010
443,Davao,300495,16028,10486,504,2010
444,Del Carmen,2506,1790,2090,5150,2010
445,Delfin Albano,5438,3860,580,610,2010
446,Del Gallego,3563,3350,1330,6880,2010
447,Diadi,2369,7470,5630,600,2010
448,Diffun,8584,1135,1194,1620,2010
449,Digos,31962,1764,6140,5360,2010
450,Dilasag,239,8690,2640,250,2010
451,Dimasalang,2116,1260,4390,2348,2010
452,Dimataling,3925,4540,8920,7810,2010
453,Dimiao,2919,2180,140,380,2010
454,Dinagat,2074,2670,530,2090,2010
455,Dinalungan,1625,3990,2940,840,2010
456,Dinalupihan,19377,7910,1750,4260,2010
457,Dinapigue,7820,1270,3190,430,2010
458,Dinas,5413,7660,3070,8190,2010
459,Dingalan,402,6740,2820,3380,2010
460,Dingle,667,1942,5750,750,2010
461,Dingras,7715,3580,300,250,2010
462,Dipaculao,4834,9620,2600,1560,2010
463,Diplahan,4785,1248,2430,2510,2010
464,Dipolog,2441,1209,1850,5130,2010
465,Ditsaan-Ramain,1173,1194,4220,160,2010
466,Divilacan,8510,40,400,1650,2010
467,Dolores (AA),1805,4380,1600,150,2010
468,Dolores (ES),5239,2160,3290,218,2010
469,Dolores (QN),5164,4570,3520,710,2010
470,Don Carlos,10839,1582,7710,3700,2010
471,Don Marcelino,368,3132,1541,3440,2010
472,Donsol,5196,1084,5220,2098,2010
473,Don Victoriano Chiongbian,9900,4400,3870,1720,2010
474,Dona Remedios Trinidad,2534,4640,3520,1068,2010
475,Duero,3602,200,200,1070,2010
476,Duenas,4935,1858,4910,180,2010
477,Dulag,7106,1656,1230,2110,2010
478,Dumaguete,2615,2460,540,2800,2010
479,Dumalag,4432,1425,7580,240,2010
480,Dumalinao,4852,6870,5270,5530,2010
481,Dumalneg,3100,0,0,0,2010
482,Dumangas,12067,1224,7120,2830,2010
483,Dumanjug,4084,1711,5260,3137,2010
484,Dumaran,3004,7850,1170,3800,2010
485,Dumarao,4975,3632,8720,150,2010
486,Dumingag,5291,2438,104,4070,2010
487,Dupax Del Norte,4605,6850,5910,200,2010
488,Dupax Del Sur,2974,1800,8170,50,2010
489,Echague,14286,1763,5770,3140,2010
490,El Nido,3596,1987,6190,7500,2010
491,El Salvador,9158,4260,3130,3520,2010
492,Enrile,5916,7980,150,350,2010
493,E. B. Magalona,8483,4600,3950,3119,2010
494,Enrique Villanueva,1302,0,0,1300,2010
495,Escalante,996,1292,148,7099,2010
496,Esperanza (AS),84,9020,2630,5660,2010
497,Esperanza (MS),1355,410,1180,2385,2010
498,Esperanza (SK),10217,1886,1734,5160,2010
499,Estancia,6369,1106,3720,5510,2010
500,Famy,2936,1850,260,1760,2010
501,Ferrol,1016,1170,720,2930,2010
502,Flora,2845,5790,2480,540,2010
503,Floridablanca,22927,1260,3800,2260,2010
504,Gabaldon,6592,7650,660,790,2010
505,Gainza,1896,300,100,830,2010
506,Galimuyod,2112,90,0,50,2010
507,Gamay,2779,2030,1900,1498,2010
508,Gamu,5863,3780,1510,550,2010
509,Ganassi,7130,1587,8500,400,2010
510,Gandara,2544,6400,3350,278,2010
511,Gapan,21529,6150,560,2040,2010
512,Garchitorena,2686,6260,1810,9920,2010
513,Garcia-Hernandez,4309,2410,0,200,2010
514,Gasan,5628,900,790,1432,2010
515,Gattaran,10841,8750,3860,1130,2010
516,Gen. Emilio Aguinaldo,3566,300,350,1210,2010
517,General Luna (QN),3122,5750,2010,1532,2010
518,General Luna  (SN),264,1460,1280,3540,2010
519,General Macarthur,1725,530,830,4700,2010
520,General Mamerto Natividad,724,4260,550,3830,2010
521,General Nakar,3216,1034,5460,2800,2010
522,General Santos,116581,3494,1242,3455,2010
523,General Tinio,848,4620,1880,1310,2010
524,General Trias,5852,8650,1810,1490,2010
525,Gen. Mariano Alvarez,28796,9010,590,160,2010
526,Gen S.K Pendatun,1764,7110,5790,4960,2010
527,Gerona,18337,5080,1390,1130,2010
528,Getafe,2503,1012,5870,1433,2010
529,Gigaquit,3421,980,600,4700,2010
530,Gigmoto,1291,1320,190,940,2010
531,Ginatilan,1998,3400,2250,5340,2010
532,Gingoog,19763,2208,8000,144,2010
533,Giporlos,1868,470,2480,2920,2010
534,Gitagum,3139,2430,1210,1560,2010
535,Glan,1167,4984,533,1872,2010
536,Gloria,7541,6520,2850,9070,2010
537,Goa,834,1394,5800,1087,2010
538,Godod,1702,9880,4070,5960,2010
539,Gonzaga,7358,3750,1100,2230,2010
540,Governor Generoso,942,7110,1870,5680,2010
541,Gregorio Del Pilar,7730,300,0,460,2010
542,Guagua,22533,1240,810,2360,2010
543,Gubat,10148,1039,3870,9350,2010
544,Guiguinto (BU),19981,760,330,500,2010
545,Guihulngan,7619,1994,2024,8971,2010
546,Guimba,21395,1941,2240,5110,2010
547,Guimbal,6533,1240,480,1010,2010
548,Guinayangan,5937,1271,1198,6640,2010
549,Guindulman,6253,4220,660,1050,2010
550,Guindulungan,3460,6510,1127,1310,2010
551,Guinobatan,11772,2718,1081,7890,2010
552,Guinsiliban,9920,530,210,2010,2010
553,Guipos,3472,4790,2070,590,2010
554,Guiuan,704,2730,4260,1881,2010
555,Gumaca,13136,1226,4940,5850,2010
556,Gutalac,277,131,1029,1882,2010
557,Hadji Mohammad Ajul,6650,7170,6690,4060,2010
558,Hadji Muhtamad,1330,2340,1360,1145,2010
559,Hadji Panglima Tahil,1060,300,8160,250,2010
560,Hagonoy (BU),26734,4670,2370,2330,2010
561,Hagonoy (DS),10032,1067,3680,2710,2010
562,Hamtic,731,9510,5860,6710,2010
563,Hermosa,11463,2350,860,2680,2010
564,Hernani,1066,2160,1000,1740,2010
565,Hilongos,8968,1915,6140,1335,2010
566,Himamaylan,11867,2494,1998,4814,2010
567,Hinabangan,1355,1170,1050,8060,2010
568,Hinatuan,3648,1858,1133,122,2010
569,Hindang,3898,4160,750,2160,2010
570,Hingyon,9330,5460,4850,610,2010
571,Hinigaran,12536,1606,1203,1792,2010
572,Hinobaan,7472,9860,8320,2046,2010
573,Hinunangan,6323,1410,400,1150,2010
574,Hinundayan,2682,1560,860,350,2010
575,Hungduan,1343,2010,4120,100,2010
576,Iba,1023,610,1090,1750,2010
577,Ibaan,9895,1720,410,1210,2010
578,Ibajay,8949,6160,490,2230,2010
579,Igbaras,5663,5770,1490,1770,2010
580,Iguig,5109,3640,550,190,2010
581,Ilagan,22625,4813,307,5830,2010
582,Iligan,60008,3003,2155,2453,2010
583,Ilog,7061,1607,9930,1359,2010
584,Iloilo,85311,2757,103,9660,2010
585,Imelda,3631,1178,2140,4370,2010
586,Impasug-Ong,6266,9070,1078,4040,2010
587,Imus,71621,1960,790,1140,2010
588,Inabanga,6689,7160,2850,9520,2010
589,Indanan,3532,3272,3083,1141,2010
590,Indang,13602,1420,200,800,2010
591,Infanta (PS),428,3820,3910,1660,2010
592,Infanta (QN),12467,1515,2400,3600,2010
593,Initao,5557,5990,1570,2600,2010
594,Inopacan,3914,2780,650,3170,2010
595,Ipil,9913,158,9650,1872,2010
596,Iriga,18735,2156,5730,2350,2010
597,Irosin,8658,5960,1530,9100,2010
598,Isabel,797,1340,6830,1166,2010
599,Isabela (BAS),13214,1776,1671,2283,2010
600,Isabela (NO),678,1493,1152,2361,2010
601,Igacos,19186,133,1004,1076,2010
602,Isulan,15709,2109,6740,3190,2010
603,Itbayat,7690,0,0,0,2010
604,Itogon,9675,1319,7820,190,2010
605,Ivana,3170,0,0,0,2010
606,Ivisan,4979,5420,1380,360,2010
607,Jabonga,3942,550,710,5600,2010
608,Jaen,1408,5300,500,1150,2010
609,Jagna,6675,1540,200,700,2010
610,Jalajala,6285,670,920,1330,2010
611,Jamindan,4221,3076,6140,260,2010
612,Janiuay,8386,3589,9290,590,2010
613,Jaro,5183,7500,6760,1897,2010
614,Jasaan,9107,4050,2670,6160,2010
615,Javier,3636,8300,3090,3870,2010
616,Jiabong,1758,5280,1110,1003,2010
617,Jimalalud,2642,1268,6750,156,2010
618,Jimenez,5227,3040,1250,1370,2010
619,Jipapad,7320,1000,460,5480,2010
620,Jolo,11129,3089,2574,890,2010
621,Jomalig,5080,780,1390,5510,2010
622,Jones,9129,5990,3620,450,2010
623,Jordan,6193,3290,1130,6640,2010
624,Jose Abad Santos,3817,2639,415,3653,2010
625,Jose Dalman,2909,1846,3240,3210,2010
626,Josefina,1335,5300,3330,1500,2010
627,Jose Panganiban,8724,1023,3910,1574,2010
628,Jovellar,1464,8300,3440,8560,2010
629,Juban,4796,3250,1460,6430,2010
630,Julita,2642,3220,50,1000,2010
631,Kabacan,13424,1742,1284,1261,2010
632,Kabankalan,18768,6328,4769,4917,2010
633,Kabasalan,502,2256,6020,4000,2010
634,Kabayan,1751,4350,4670,400,2010
635,Kabugao,1078,1243,7840,100,2010
636,Kabuntalan,9510,3400,8910,1780,2010
637,Kadingilan,3014,2497,1126,2060,2010
638,Kalamansig,4036,1746,1755,2461,2010
639,Kalawit,307,7680,1850,6200,2010
640,Kalayaan (LA),4305,1620,1880,350,2010
641,Kalayaan (PN),310,0,0,0,2010
642,Kalibo,15458,8760,1070,420,2010
643,Kalilangan,4951,1344,1837,1110,2010
644,Kalingalan Caluang,4090,6010,3364,3510,2010
645,Kananga,6572,1004,8400,194,2010
646,Kapai,3980,8490,1217,380,2010
647,Kapalong,12141,1097,1715,1550,2010
648,Kapangan,236,11,5540,1120,2010
649,Kapatagan (LN),8684,2268,5680,4570,2010
650,Kapatagan (LS),9180,5260,8390,650,2010
651,Kasibu,2884,1248,2839,300,2010
652,Katipunan,5145,1655,9470,1532,2010
653,Kauswagan,322,8080,1890,6030,2010
654,Kawayan,3307,500,540,8360,2010
655,Kawit,16135,6240,4560,3190,2010
656,Kayapa,2129,4280,147,3140,2010
657,Kiamba,8326,1071,2410,1702,2010
658,Kiangan,1762,5710,7610,240,2010
659,Kibawe,4676,1787,1102,2040,2010
660,Kiblawan,4434,3014,281,6410,2010
661,Kibungan,1856,9170,8600,1310,2010
662,Kidapawan,24992,1996,1347,4610,2010
663,Kinoguitan,1878,1310,2040,2890,2010
664,Kitaotao,6672,1102,1996,7260,2010
665,Kitcharao,2938,1660,480,2340,2010
666,Kolambugan,4147,4570,3660,8220,2010
667,Koronadal,33267,2129,6020,4650,2010
668,Kumalarang,3111,6060,6500,1198,2010
669,Laak,10679,2321,1657,5550,2010
670,Labangan,5733,1056,4350,7410,2010
671,Labason,5883,8810,4910,9010,2010
672,Labo,15745,2126,6000,1088,2010
673,Labrador,4742,1390,0,140,2010
674,La Carlota,11252,6540,3220,1615,2010
675,La Castellana,7872,1385,1382,4092,2010
676,Lacub,3310,1310,820,170,2010
677,Lagangilang,2191,4340,1130,500,2010
678,Lagawe,2309,3570,1017,200,2010
679,Lagayan,4090,3320,1570,0,2010
680,Lagonglong,3308,3310,360,2600,2010
681,Lagonoy,7232,9180,2530,1848,2010
682,Laguindingan,4506,2860,650,2270,2010
683,Lake Sebu,7021,385,3961,1810,2010
684,Lakewood,3122,4940,2430,1290,2010
685,Lala,1072,2002,5710,8770,2010
686,La Libertad (NR),3812,1084,4790,3524,2010
687,La Libertad (ZN),1536,1430,120,1450,2010
688,Lallo,9183,2720,1100,630,2010
689,Lambayong,9977,2168,1112,1119,2010
690,Lambunao,7639,3276,2685,250,2010
691,Lamitan,7878,2454,1845,1278,2010
692,Lamut,3005,1044,8630,250,2010
693,Langiden,5350,640,560,240,2010
694,Languyan,2650,4588,2797,180,2010
695,Lantapan,6076,145,3159,4180,2010
696,Lantawan,1174,7240,9970,7170,2010
697,Lanuza,1881,2480,0,980,2010
698,Laoac,6384,1020,50,400,2010
699,Laoag,23181,3120,1480,2110,2010
700,Laoang,6871,1181,6000,2245,2010
701,La Paz (AA),2318,6370,1830,350,2010
702,La Paz (AS),2367,1215,4830,1258,2010
703,La Paz (LE),3959,1430,240,850,2010
704,La Paz (TC),12324,2130,420,2610,2010
705,Lapinig,1405,250,300,7320,2010
706,Lapu Lapu,68631,1142,3433,7018,2010
707,Lapuyan,2094,1246,8020,119,2010
708,Larena,2809,160,360,860,2010
709,Lasam,7774,7340,750,750,2010
710,Las Navas,4178,1336,4520,6360,2010
711,Las Nieves,337,8080,1950,5510,2010
712,Las Pinas,124887,7310,5260,3370,2010
713,La Trinidad,25723,5260,4490,150,2010
714,Laua-An,4171,2860,2170,6650,2010
715,Laur,5787,1303,3640,790,2010
716,Laurel,5771,8570,2330,2240,2010
717,Lavezares,3716,9500,2550,5090,2010
718,Lawaan,199,50,360,2780,2010
719,Lazi,3162,2030,1720,9760,2010
720,Lebak,8894,4335,4174,7650,2010
721,Leganes,5384,3120,1990,2120,2010
722,Legazpi,32798,2285,1156,1743,2010
723,Lemery (BS),1457,5630,1940,9840,2010
724,Lemery (IO),3531,1016,1383,440,2010
725,Leon,7532,202,2300,400,2010
726,Leyte,3916,6190,4240,2646,2010
727,Lezo,2533,4560,700,500,2010
728,Lian,8913,4110,1770,7370,2010
729,Lianga,4398,4070,2520,6260,2010
730,Libacao,2454,2694,8570,1570,2010
731,Libagon,2781,240,50,1560,2010
732,Libertad (AE),2725,1570,150,2830,2010
733,Libertad (MO),2129,1480,220,1420,2010
734,Libjo,2471,3380,980,7810,2010
735,Libmanan,1518,3336,1023,1062,2010
736,Libon,10472,2325,7570,8930,2010
737,Libona,682,1083,4480,1740,2010
738,Libungan,6896,1592,1179,3720,2010
739,Licab,5439,1940,150,340,2010
740,Licuan-Baay,6140,160,1520,510,2010
741,Lidlidda,9170,0,0,0,2010
742,Ligao,15557,247,1212,1623,2010
743,Lila,1975,100,0,100,2010
744,Liliw,7062,1470,2590,1190,2010
745,Liloan (CU),20145,3510,7540,1571,2010
746,Liloan (SL),4802,840,110,2030,2010
747,Liloy,6752,3810,4590,1177,2010
748,Limasawa,1273,190,0,500,2010
749,Limay,11561,340,260,4050,2010
750,Linamon,3203,1090,870,1850,2010
751,Linapacan,1013,6110,3270,6300,2010
752,Lingayen,18955,1587,2000,800,2010
753,Lingig,3738,3340,2250,1787,2010
754,Lipa,55704,2671,3200,2190,2010
755,Llanera,7595,4960,1100,2170,2010
756,Llorente,3255,2040,1350,4820,2010
757,Loay,3041,1870,410,910,2010
758,Lobo,7077,1970,640,4650,2010
759,Loboc,297,2920,1050,130,2010
760,Looc (OM),1777,0,330,3240,2010
761,Looc (RN),4111,3410,650,3230,2010
762,Loon,8199,6170,1950,4010,2010
763,Lope De Vega,1338,3550,770,6690,2010
764,Lopez,12821,3972,2032,6750,2010
765,Lopez Jaena,4878,2040,710,1460,2010
766,Loreto (AS),404,254,5510,6470,2010
767,Loreto (DI),1929,290,0,2200,2010
768,Los Banos,23184,1450,720,940,2010
769,Luba,1247,300,0,50,2010
770,Lubang,522,250,0,2810,2010
771,Lubao,29551,5280,1930,7860,2010
772,Lubuagan,8270,2350,5040,2420,2010
773,Lucban,8652,4580,7010,1040,2010
774,Lucena,49378,119,6870,2111,2010
775,Lugait,3474,3410,410,1170,2010
776,Lugus,5750,1512,1338,450,2010
777,Luisiana,4559,1600,640,350,2010
778,Lumba-Bayabao,2356,1443,7970,5090,2010
779,Lumbaca-Unayan,130,2010,5270,1320,2010
780,Lumban,644,1360,810,820,2010
781,Lumbatan,4290,1213,9680,0,2010
782,Lumbayanague,2720,8930,9570,150,2010
783,Luna (AO),3494,3100,410,50,2010
784,Luna (IA),4136,920,400,400,2010
785,Luna (LU),7612,2070,100,1890,2010
786,Lupao,8098,6740,1010,1940,2010
787,Lupi,482,7550,1640,6580,2010
788,Lupon,10809,1439,4570,3160,2010
789,Lutayan,7823,2927,1532,9390,2010
790,Luuk,8680,1425,236,5710,2010
791,Maasim,6157,4720,5560,3852,2010
792,Maasin (IO),4072,173,8420,190,2010
793,Maasin (SL),16408,2350,2670,1344,2010
794,Ma-Ayon,4421,1528,1864,710,2010
795,Mabalacat,4617,1640,1980,510,2010
796,Mabinay,7963,1926,1663,4627,2010
797,Mabini (BS),8799,1000,260,1130,2010
798,Mabini (BL),4696,8880,1200,2360,2010
799,Mabini (CV),6293,8670,5090,5640,2010
800,Mabini (PS),4021,9300,4370,600,2010
801,Mabitac,3767,1710,250,1110,2010
802,Mabuhay,1315,1134,1414,1644,2010
803,Macabebe,12608,2820,1320,5900,2010
804,Macalelon,2892,9630,5840,1109,2010
805,Macarthur,2998,6350,1210,3110,2010
806,Maco,13926,1326,5240,2370,2010
807,Maconacon,7620,440,50,50,2010
808,Macrohon,469,4830,880,4990,2010
809,Madalag,1979,9940,5960,290,2010
810,Madalum,4180,1742,1142,40,2010
811,Madamba,5760,8080,1006,0,2010
812,Maddela,6599,8370,6060,880,2010
813,Madrid,2943,1950,870,540,2010
814,Madridejos,3535,1460,4570,1933,2010
815,Magalang,20449,5030,850,1570,2010
816,Magallanes (AN),3917,2510,150,4180,2010
817,Magallanes (CE),3908,740,140,4580,2010
818,Magallanes (SO),5617,1970,2040,9040,2010
819,Magarao,4158,3880,810,1680,2010
820,Magdalena,4732,3390,1130,650,2010
821,Magdiwang,2124,3100,2420,1160,2010
822,Magpet,6647,1695,1136,1640,2010
823,Magsaysay (DS),8352,2001,1003,2550,2010
824,Magsaysay (LN),1261,1246,2440,3930,2010
825,Magsaysay (MO),4304,5530,6270,8260,2010
826,Magsaysay (OM),4479,6430,2330,1232,2010
827,Magsaysay (PN),1141,1127,1920,570,2010
828,Magsingal,6045,1030,600,1980,2010
829,Maguing,2212,6710,3780,0,2010
830,Mahaplag,3964,4290,830,1331,2010
831,Mahatao,4180,0,0,10,2010
832,Mahayag,7116,114,7500,2710,2010
833,Mahinog,2536,1380,350,2080,2010
834,Maigo,3367,5870,1960,2360,2010
835,Maimbung,1471,9940,2142,1550,2010
836,Mainit,5208,1880,510,740,2010
837,Maitum,6346,7290,9430,114,2010
838,Majayjay,4816,6960,6000,420,2010
839,Makati,125328,260,640,4640,2010
840,Makato,4139,9810,3270,950,2010
841,Makilala,14824,1275,7130,3520,2010
842,Malabang,2258,1632,1247,2150,2010
843,Malabon,79578,1231,7720,5120,2010
844,Malabuyoc,2219,5760,3420,4270,2010
845,Malalag,6169,1619,4180,3690,2010
846,Malangas,4164,1021,4850,7730,2010
847,Malapatan,8416,2194,1405,3139,2010
848,Malasiqui,22327,324,1630,650,2010
849,Malay,943,5150,240,1940,2010
850,Malaybalay,27481,1803,1967,6300,2010
851,Malibcong,3710,2520,660,340,2010
852,Malilipot,6348,4370,2550,2710,2010
853,Malimono,3395,590,550,2940,2010
854,Malinao (AK),3697,1214,1690,100,2010
855,Malinao (AY),6361,1326,2280,7600,2010
856,Malita,12657,7029,3474,1224,2010
857,Malitbog (BK),3238,8480,2040,5550,2010
858,Malitbog (SL),3596,2590,310,3170,2010
859,Mallig,5965,3860,250,690,2010
860,Malolos,49485,6110,1150,2070,2010
861,Malungon,13521,4297,2774,8230,2010
862,Maluso,1095,1461,1324,7090,2010
863,Malvar,9359,2290,350,1150,2010
864,Mamasapano,1049,1214,1253,510,2010
865,Mambajao,701,1740,400,3380,2010
866,Mamburao,7476,1820,2100,9360,2010
867,Mambusao,6184,1891,5520,270,2010
868,Manabo,1886,2980,690,0,2010
869,Manaoag,12682,7600,350,840,2010
870,Manapla,5993,1239,3790,2919,2010
871,Manay,4033,2919,1145,1046,2010
872,Mandaluyong,78901,5050,540,1480,2010
873,Mandaon,4025,3410,2750,2963,2010
874,Mandaue,73966,9210,1342,1503,2010
875,Mangaldan,1926,6200,1060,500,2010
876,Mangatarem,13871,1104,1620,2060,2010
877,Mangudadatu,1210,1434,7460,40,2010
878,Manila,0,0,0,0,2010
879,Manito,3489,4600,3050,3180,2010
880,Manjuyod,6214,1349,2890,9700,2010
881,Mankayan,5619,1249,6060,50,2010
882,Manolo Fortich,15375,1665,1477,5560,2010
883,Mansalay,5029,1127,7200,3215,2010
884,Manticao,4569,9360,1790,810,2010
885,Manukan,5319,3580,5660,8650,2010
886,Mapanas,122,2700,640,7520,2010
887,Mapandan,6551,2930,2200,50,2010
888,Mapun,4180,1373,2106,950,2010
889,Marabut,1569,460,380,1265,2010
890,Maragondon,7134,800,750,1710,2010
891,Maragusan,10355,1106,2110,1320,2010
892,Maramag,16345,1557,5940,7020,2010
893,Marantao,1639,2018,5260,80,2010
894,Marawi,16681,7335,3109,2350,2010
895,Marcos,3583,610,50,390,2010
896,Margosatubig,4684,178,109,2900,2010
897,Maria,2319,1360,1670,5610,2010
898,Maria Aurora,7249,8170,3490,900,2010
899,Maribojoc,388,2380,790,450,2010
900,Marihatag,2861,1900,100,500,2010
901,Marikina,90752,2550,260,520,2010
902,Marilao,41361,1960,1010,300,2010
903,Maripipi,1436,50,700,540,2010
904,Mariveles,24883,3930,1560,4230,2010
905,Marogong,3270,2110,4870,6650,2010
906,Masbate,11508,9330,7470,3623,2010
907,Masinloc,8279,5600,2160,2480,2010
908,Masiu,1024,2282,4240,650,2010
909,Maslog,5790,40,90,3080,2010
910,Masantol,8722,4890,1820,8330,2010
911,Mataasnakahoy,5603,230,100,350,2010
912,Matag-Ob,2355,8510,1860,5050,2010
913,Matalam,9286,483,1781,1005,2010
914,Matalom,4531,4390,3670,1656,2010
915,Matanao,9807,1436,3480,2820,2010
916,Matanog,209,1154,3290,1180,2010
917,Mati,19697,3507,1949,3688,2010
918,Matnog,4712,4100,2760,1858,2010
919,Matuguinao,4460,440,890,6650,2010
920,Matungao,2810,1143,5740,290,2010
921,Mauban,9364,1498,9100,1127,2010
922,Mawab,6683,5500,2630,1010,2010
923,Mayantoc,6363,1930,860,3330,2010
924,Maydolong,241,240,360,2800,2010
925,Mayorga,2892,1160,100,1590,2010
926,Mayoyao,9330,1936,6460,0,2010
927,Medellin,6291,7340,6910,2456,2010
928,Medina,5194,5710,1480,3590,2010
929,Mendez,6162,1390,390,290,2010
930,Mercedes,6957,1360,1480,249,2010
931,Mercedes (ES),9550,300,290,1140,2010
932,Merida,5254,6110,3060,5170,2010
933,Mexico,29327,1840,270,1110,2010
934,Meycauayan,45342,8700,1770,2260,2010
935,Miag-ao,12055,6660,1360,1640,2010
936,Midsalip,289,1606,9410,1078,2010
937,Midsayap,18528,64,272,16,2010
938,Milagros,4125,3730,9230,463,2010
939,Milaor,4961,3660,390,1180,2010
940,Mina,399,3990,1340,130,2010
941,Minalabac,774,104,1890,3310,2010
942,Minalin,7486,7880,1730,1520,2010
943,Minglanilla,21696,3030,8700,1753,2010
944,Mlang,15857,3343,5860,3350,2010
945,Moalboal,4371,3310,6330,7730,2010
946,Mobo,3618,2360,2150,2587,2010
947,Mogpog,5761,4960,1330,1192,2010
948,Moises Padilla,3741,5420,9730,2817,2010
949,Molave,7989,1665,6640,5130,2010
950,Moncada,12049,9300,3270,900,2010
951,Mondragon,4166,2030,2190,2013,2010
952,Monkayo,18378,1546,7080,7650,2010
953,Monreal,1709,650,670,2353,2010
954,Montevista,6736,1275,2440,1390,2010
955,Morong (BN),4811,1430,290,3800,2010
956,Morong (RL),11708,1420,490,810,2010
957,Motiong,1599,1230,460,1109,2010
958,Mulanay,483,1176,131,2831,2010
959,Mulondo,5660,1194,1760,180,2010
960,Munai,9150,1506,1145,1625,2010
961,Muntinlupa,100646,102,3250,6930,2010
962,Murcia,9149,194,154,3413,2010
963,Mutia,2158,1780,670,1010,2010
964,Naawan,3631,2490,1610,2090,2010
965,Nabas,5551,6650,670,940,2010
966,Nabua,12778,1944,3360,1140,2010
967,Nabunturan,14922,1113,2280,1340,2010
968,Naga (CS),34095,6430,1200,5630,2010
969,Naga (CU),16162,9730,1044,3807,2010
970,Naga (ZS),3954,1527,1097,1049,2010
971,Nagbukel,1036,300,50,210,2010
972,Nagcarlan,13314,2940,1550,2060,2010
973,Nagtipunan,2306,9030,1196,1400,2010
974,Naguilian (IA),5071,1009,6050,290,2010
975,Naguilian (LU),972,4370,4000,560,2010
976,Naic,18085,2700,610,5820,2010
977,Nampicuan,2421,4030,140,470,2010
978,Narra,10259,2822,9000,8660,2010
979,Narvacan,8938,3210,860,780,2010
980,Nasipit,7304,1680,2350,8580,2010
981,Nasugbu,23099,8000,6560,1516,2010
982,Natividad,5091,710,250,360,2010
983,Natonin,1389,4140,1310,350,2010
984,Naujan,16728,137,5620,2387,2010
985,Naval,8165,3820,3220,1389,2010
986,Navotas,4946,1659,3216,1673,2010
987,New Bataan,8783,8510,3520,2940,2010
988,New Corella,9326,1264,5780,1600,2010
989,New Lucena,445,1800,650,0,2010
990,New Washington,7315,1522,1760,800,2010
991,Norala,9057,6250,2250,1030,2010
992,Northern Kabuntalan,9390,1200,9750,1750,2010
993,Norzagaray,20227,5300,2110,9860,2010
994,Noveleta,9068,50,250,1010,2010
995,Nueva Era,1476,1410,200,150,2010
996,Nueva Valencia,6456,7340,4320,5540,2010
997,Numancia,6091,3370,50,250,2010
998,Nunungan,8510,7400,6820,6390,2010
999,Oas,9514,2477,3640,7470,2010
1000,Obando,12061,2980,3440,1710,2010
1001,Ocampo,6261,9640,3250,1001,2010
1002,Odiongan,8288,8910,2450,8330,2010
1003,Old Panamao,129,1608,2858,2460,2010
1004,Olongapo,501,7290,2290,1710,2010
1005,Olutanga,2968,8040,1528,1820,2010
1006,Omar,90,3950,2358,1690,2010
1007,Opol,9531,1176,5810,2310,2010
1008,Orani,12753,250,1730,3150,2010
1009,Oras,4994,5020,3210,1315,2010
1010,Orion,9568,2340,1360,8370,2010
1011,Ormoc,34874,1592,1373,2814,2010
1012,Oroquieta,13937,4980,2550,6240,2010
1013,Oslob,381,1420,1160,1294,2010
1014,Oton,16213,7180,2200,1920,2010
1015,Ozamiz,22443,2033,1717,208,2010
1016,Padada,5703,2810,590,690,2010
1017,Padre Burgos (QN),3276,3770,4950,6560,2010
1018,Padre Burgos (SL),2144,430,360,1090,2010
1019,Padre Garcia,8837,1450,500,430,2010
1020,Paete,4315,3060,2840,1110,2010
1021,Pagadian,28461,2836,3925,2508,2010
1022,Pagagawan,9710,1349,1349,9950,2010
1023,Pagalungan,2372,2111,7520,1200,2010
1024,Pagayawan,2120,5960,7670,0,2010
1025,Pagbilao,12738,1091,2310,5020,2010
1026,Paglat,9320,5480,1120,210,2010
1027,Pagsanghan,1098,290,490,5520,2010
1028,Pagsanjan,8349,1020,590,350,2010
1029,Pagudpud,459,1500,450,710,2010
1030,Pakil,4143,1100,600,1300,2010
1031,Palanan,1631,6770,6110,2090,2010
1032,Palanas,2651,3080,4640,1795,2010
1033,Palapag,4554,8170,2660,8410,2010
1034,Palauig,6369,2610,1750,5240,2010
1035,Palayan,7212,5860,1940,760,2010
1036,Palimbang,5775,3268,3397,3819,2010
1037,Palo,10939,1082,1720,6230,2010
1038,Palompon,8131,6800,1313,2579,2010
1039,Paluan,2001,2490,1190,8910,2010
1040,Pambujan,3183,9760,2850,8730,2010
1041,Pamplona (CG),4758,2100,1380,930,2010
1042,Pamplona (CS),5759,4200,700,5750,2010
1043,Pamplona (NR),4596,1759,1870,1175,2010
1044,Panabo,367,9150,5650,5630,2010
1045,Panaon,1926,2890,790,210,2010
1046,Panay,6365,2184,11,450,2010
1047,Pandag,9100,2430,1044,60,2010
1048,Pandami,2980,1564,1482,1770,2010
1049,Pandan (AE),5787,1500,1630,6450,2010
1050,Pandan (CT),2923,540,100,7830,2010
1051,Pandi,13905,2840,560,1290,2010
1052,Panganiban,1754,990,50,540,2010
1053,Pangantucan,6892,8560,2165,4110,2010
1054,Pangil,4679,980,500,2210,2010
1055,Panglao,5161,910,400,3590,2010
1056,Panglima Estino,1930,3750,3307,1620,2010
1057,Panglima Sugala,1300,1401,4136,2470,2010
1058,Pangutaran,2470,1863,1674,7650,2010
1059,Paniqui,18616,6200,2710,3100,2010
1060,Panitan,6207,1644,5090,520,2010
1061,Pantabangan,3622,1784,4480,1330,2010
1062,Pantao Ragat,8700,1339,1069,1340,2010
1063,Pantar,2390,1611,1215,380,2010
1064,Pantukan,14569,1828,8040,4520,2010
1065,Panukulan,162,2240,610,6750,2010
1066,Paoay,5119,1310,650,340,2010
1067,Paombong,10401,650,1460,2780,2010
1068,Paracale,8665,1045,4640,1048,2010
1069,Paracelis,2825,9940,117,1670,2010
1070,Paranas,3894,1590,2270,1436,2010
1071,Parang (MA),5331,2919,2927,9880,2010
1072,Parang (SU),1124,4411,2907,5880,2010
1073,Paranaque,132277,3216,6170,2060,2010
1074,Pasacao,6607,7570,850,9670,2010
1075,Pasay,95066,7460,1165,1250,2010
1076,Pasig,153601,6300,1200,710,2010
1077,Pasil,1348,500,2250,560,2010
1078,Passi,10249,3762,2178,590,2010
1079,Pastrana,2541,4310,560,4160,2010
1080,Pasuquin,6067,1430,660,240,2010
1081,Pata,3990,1082,8600,530,2010
1082,Pateros,14521,390,0,100,2010
1083,Patikul,3347,2047,1237,4850,2010
1084,Patnanungan,112,940,390,1416,2010
1085,Patnongon,5875,6330,2670,7190,2010
1086,Pavia,9002,3170,1190,460,2010
1087,Payao,2307,1912,1255,1195,2010
1088,Perez,2098,1020,1710,2710,2010
1089,Penablanca,8346,7290,1010,730,2010
1090,Penaranda,5553,2360,340,1470,2010
1091,Penarrubia,1127,2020,480,100,2010
1092,Piagapo,1267,1072,1028,210,2010
1093,Piat,4788,2670,810,1300,2010
1094,Picong,6480,6280,3060,3650,2010
1095,Piddig,4316,3050,150,200,2010
1096,Pidigan,2051,2360,1220,240,2010
1097,Pigcawayan,9157,1073,1012,1754,2010
1098,Pikit,11833,6558,5037,141,2010
1099,Pila,9723,1950,600,1350,2010
1100,Pilar (AA),1701,2260,1650,150,2010
1101,Pilar (BN),794,1210,550,1600,2010
1102,Pilar (BL),4973,2730,970,900,2010
1103,Pilar (CZ),5362,2452,9280,4870,2010
1104,Pilar (CU),2626,150,1240,2710,2010
1105,Pilar (SO),6904,216,9870,3365,2010
1106,Pilar (SN),1436,140,100,6140,2010
1107,Pili,13899,1059,1290,7620,2010
1108,Pililla,11898,3400,1430,1750,2010
1109,Pinabacdao,1763,1380,3820,8670,2010
1110,Pinamalayan,14986,1003,2880,1664,2010
1111,Pinamungajan,7051,1919,5560,2504,2010
1112,Pinili,3538,910,190,90,2010
1113,Pintuyan,1942,50,110,1010,2010
1114,Pinukpuk,2079,2103,1306,240,2010
1115,Pio Duran,5557,169,8800,8730,2010
1116,Pio V Corpuz,226,1260,6710,2094,2010
1117,Pitogo (QN),3576,2150,2680,5680,2010
1118,Pitogo (ZR),4507,5130,1560,7110,2010
1119,Pinan,3464,5810,2090,1650,2010
1120,Placer (MS),3552,5940,8820,6202,2010
1121,Placer (SN),4477,3540,730,4260,2010
1122,Plaridel (BU),22352,710,300,250,2010
1123,Plaridel (MC),6902,6150,1910,4770,2010
1124,Plaridel (QN),2149,190,50,1210,2010
1125,Pola,5241,5620,4050,1265,2010
1126,Polanco,6813,1321,1500,1650,2010
1127,Polangui,12933,2719,8380,3260,2010
1128,Polillo,4521,6130,3410,7180,2010
1129,Polomolok,27012,1953,7350,1015,2010
1130,Pontevedra (CZ),7091,1387,8080,1300,2010
1131,Pontevedra (NO),7879,6810,2980,1453,2010
1132,Poona Bayabao,7550,1784,4990,610,2010
1133,Poona Piagapo,2710,2537,9260,2090,2010
1134,Porac,20972,1640,1780,9080,2010
1135,Poro,4114,2010,1290,9560,2010
1136,Pototan,12312,169,6390,760,2010
1137,Pozorrubio,12636,1189,1660,2730,2010
1138,Presentacion,2375,2490,150,1093,2010
1139,President Garcia,2385,3030,5270,1471,2010
1140,President Quirino,8022,7750,640,200,2010
1141,President Roxas (CZ),5016,5000,5680,940,2010
1142,President Roxas (NC),5574,1934,1864,3520,2010
1143,Roxas (ZN),5259,8560,9170,7210,2010
1144,Prieto Diaz,3652,1520,240,3910,2010
1145,Prosperidad,12944,1378,3570,8170,2010
1146,Pualas,7370,7260,4730,0,2010
1147,Pudtol,2004,6260,2530,110,2010
1148,Puerto Galera,6886,1760,710,4820,2010
1149,Puerto Princesa,41481,4105,177,2383,2010
1150,Pugo,3464,1160,300,50,2010
1151,Pulilan,18615,2320,50,2040,2010
1152,Pulupandan,47,3410,540,7700,2010
1153,Pura,44,6110,100,770,2010
1154,Quezon (BK),15405,2737,1224,4910,2010
1155,Quezon (IA),4912,2540,1140,920,2010
1156,Quezon (MM),627809,2219,5910,3190,2010
1157,Quezon (NE),6917,6600,2510,2530,2010
1158,Quezon (NV),3063,7790,4770,0,2010
1159,Quezon (PN),4829,4196,1172,1761,2010
1160,Quezon (QN),2726,1530,960,3660,2010
1161,Quinapondan,1955,250,2110,3820,2010
1162,Quirino (IS),1373,1310,1550,150,2010
1163,Quirino (IA),5212,2260,250,780,2010
1164,Ragay,7328,117,8370,1918,2010
1165,Rajah Buayan,5580,6720,1171,4360,2010
1166,Ramon,10602,4330,1790,1040,2010
1167,Ramon Magsaysay,4349,7560,5440,3020,2010
1168,Ramos,4204,1640,200,460,2010
1169,Rapu-Rapu,4817,4920,3130,1148,2010
1170,Real,552,8850,7020,5260,2010
1171,Reina Mercedes,4706,2640,740,1280,2010
1172,Remedios T. Romualdez,2675,3360,460,1640,2010
1173,Rizal (CG),2578,6050,3980,1500,2010
1174,Rizal (KA),2738,4810,1300,830,2010
1175,Rizal (LA),3447,550,100,760,2010
1176,Rizal (NE),11002,1139,1960,2500,2010
1177,Rizal (OM),5795,5270,2680,6570,2010
1178,Rizal (PN),334,3201,1826,1815,2010
1179,Rizal (ZN),292,1850,410,1540,2010
1180,Rodriguez,62116,2476,4860,4310,2010
1181,Romblon,6427,1550,3060,1155,2010
1182,Ronda,2645,2540,4910,8330,2010
1183,Rosales,12846,4940,630,880,2010
1184,Rosario (AS),6479,8350,2120,2750,2010
1185,Rosario (BS),20394,7530,2080,8000,2010
1186,Rosario (CE),20482,3720,3180,6780,2010
1187,Rosario (LU),10252,11,4800,510,2010
1188,Rosario (NS),8460,5020,850,4780,2010
1189,R.T. Lim,4597,1361,7960,1158,2010
1190,Roxas (CZ),29397,2791,1005,5910,2010
1191,Roxas (IA),12454,7110,900,300,2010
1192,Roxas (OR),8943,5160,1250,6410,2010
1193,Roxas (PN),685,4528,6990,6670,2010
1194,Sabangan,1817,340,680,350,2010
1195,Sablan,1734,5040,720,50,2010
1196,Sablayan,12642,1412,3570,1769,2010
1197,Sabtang,3960,0,0,0,2010
1198,Sadanga,1065,110,1800,4420,2010
1199,Sagada,2487,1100,550,250,2010
1200,Sagay (CM),2237,970,250,1930,2010
1201,Sagay (NO),14283,1804,2296,10391,2010
1202,Sagbayan,3289,3220,2260,5560,2010
1203,Saguday,2994,3620,210,210,2010
1204,Saguiaran,1257,1457,5280,40,2010
1205,Sagnay,4183,8240,2170,8170,2010
1206,Saint Bernard,5329,540,260,2920,2010
1207,Salay,4779,3010,570,6070,2010
1208,Salcedo (ES),3438,2010,1390,4080,2010
1209,Salcedo (IS),2463,50,0,110,2010
1210,Sallapadan,1102,640,630,160,2010
1211,Salug,4406,1394,3280,5330,2010
1212,Salvador,3083,7970,8000,6610,2010
1213,Salvador Benedicto,1487,8110,6680,1701,2010
1214,Samal,6473,620,1270,2660,2010
1215,Samboan,3573,2160,1380,5240,2010
1216,Sampaloc,2835,760,680,710,2010
1217,San Agustin (IA),4781,2660,100,400,2010
1218,San Agustin (RN),3547,2760,1160,8360,2010
1219,San Agustin (SS),2575,3110,1420,6190,2010
1220,San Andres (CT),5708,1290,240,1348,2010
1221,San Andres (QN),2988,4330,1462,201,2010
1222,San Andres (RN),2274,2830,640,6100,2010
1223,San Antonio (NS),1187,290,980,5210,2010
1224,San Antonio (NE),14686,7480,1680,4720,2010
1225,San Antonio (QN),4986,6150,5870,300,2010
1226,San Antonio (ZA),7945,320,320,1690,2010
1227,San Benito,8480,0,980,1910,2010
1228,San Carlos (NO),13142,1949,3792,8979,2010
1229,San Carlos (PS),31961,335,3740,1500,2010
1230,Sanchez-Mira,4608,6330,450,0,2010
1231,San Clemente,2564,1800,140,1140,2010
1232,San Dionisio,5185,9210,5070,5600,2010
1233,San Emilio,135,550,340,160,2010
1234,San Enrique (IO),4305,1831,2570,300,2010
1235,San Enrique (NO),4302,600,600,4110,2010
1236,San Esteban,1327,4700,350,0,2010
1237,San Fabian,156,1578,2230,1230,2010
1238,San Felipe,497,1490,250,690,2010
1239,San Fernando (BK),5976,2093,1206,9900,2010
1240,San Fernando (CS),566,4300,1340,2430,2010
1241,San Fernando (CU),8093,6580,3500,3135,2010
1242,San Fernando (LU),25168,2740,5780,150,2010
1243,San Fernando (MS),236,1390,2630,1555,2010
1244,San Fernando (PA),5898,4970,740,1320,2010
1245,San Fernando (RN),2834,4420,3260,7250,2010
1246,San Francisco (AS),12671,9200,4970,6820,2010
1247,San Francisco (CU),6881,2990,1773,1207,2010
1248,San Francisco (QN),3843,1972,2823,2686,2010
1249,San Francisco (SL),2476,2300,300,1660,2010
1250,San Francisco (SN),26,280,910,1800,2010
1251,San Gabriel,2749,4610,2780,250,2010
1252,San Guillermo,2472,9100,6890,450,2010
1253,San Ildefonso (BU),19335,6790,1310,3840,2010
1254,San Ildefonso (IS),1457,490,60,420,2010
1255,San Isidro (AA),5450,2190,2460,250,2010
1256,San Isidro (BL),1955,1160,430,660,2010
1257,San Isidro (DN),4265,1077,3980,850,2010
1258,San Isidro (DO),6296,6450,800,2400,2010
1259,San Isidro (IA),4817,900,880,1620,2010
1260,San Isidro (LE),2812,4530,2650,3144,2010
1261,San Isidro (NS),317,2320,2460,1261,2010
1262,San Isidro (NE),10185,2780,700,410,2010
1263,San Isidro (SN),8370,2500,0,2850,2010
1264,San Jacinto (MS),3269,2670,4420,2337,2010
1265,San Jacinto (PS),7314,5730,1450,340,2010
1266,San Joaquin,8922,8730,3600,4320,2010
1267,San Jorge,1756,3230,580,9990,2010
1268,San Jose (AE),11893,3650,1020,1590,2010
1269,San Jose (BS),14269,3220,780,1000,2010
1270,San Jose (CS),6339,6630,1160,5130,2010
1271,San Jose (DI),6228,2830,410,670,2010
1272,San Jose (NR),3407,1880,440,2660,2010
1273,San Jose (NS),1776,3170,5360,8590,2010
1274,San Jose (NE),27985,1335,2960,5310,2010
1275,San Jose (OM),2367,1069,7380,3231,2010
1276,San Jose (RN),1183,1600,1140,4150,2010
1277,San Jose (TC),5642,6350,5610,4800,2010
1278,San Jose De Buan,5020,290,90,6190,2010
1279,San Jose Del Monte,100482,7810,3530,2330,2010
1280,San Juan (AA),1847,1670,2600,0,2010
1281,San Juan (BS),18215,9240,3080,1238,2010
1282,San Juan (IS),5615,2590,150,730,2010
1283,San Juan (LU),7495,1860,390,150,2010
1284,San Juan (MM),28622,160,0,110,2010
1285,San Juan (SR),2751,290,230,4100,2010
1286,San Juan (SL),305,700,630,650,2010
1287,San Julian,2222,320,1100,6980,2010
1288,San Leonardo,12407,2440,200,650,2010
1289,San Lorenzo,3393,9240,1810,7130,2010
1290,San Lorenzo Ruiz,2408,960,350,1920,2010
1291,San Luis (AS),3769,1301,2080,1151,2010
1292,San Luis (AU),4247,8300,1720,1270,2010
1293,San Luis (BS),6598,400,50,1150,2010
1294,San Luis (PA),9185,500,460,2590,2010
1295,San Manuel (IA),6384,5740,1150,440,2010
1296,San Manuel (PS),9525,8010,2620,1340,2010
1297,San Manuel (TC),4958,2050,100,1420,2010
1298,San Marcelino,7033,3610,3130,1300,2010
1299,San Mariano,5707,2092,1829,111,2010
1300,San Mateo (IA),13519,2170,390,1200,2010
1301,San Mateo (RL),44587,3840,2580,1840,2010
1302,San Miguel (BL),4573,660,410,1290,2010
1303,San Miguel (BU),28363,1685,2330,3600,2010
1304,San Miguel (CT),1871,3210,550,4640,2010
1305,San Miguel (IO),5068,2300,640,450,2010
1306,San Miguel (LE),2486,5860,630,4810,2010
1307,San Miguel (SS),5013,1195,2110,5700,2010
1308,San Miguel (ZR),2475,8220,2130,1560,2010
1309,San Narciso (QN),4251,8090,5850,378,2010
1310,San Narciso (ZA),6392,1550,0,260,2010
1311,San Nicolas (BS),377,1100,290,1310,2010
1312,San Nicolas (IN),7838,90,50,160,2010
1313,San Nicolas (PS),7451,4540,670,350,2010
1314,San Pablo (IA),3373,4870,2610,3160,2010
1315,San Pablo (LA),52994,1354,5290,4440,2010
1316,San Pablo (ZR),4023,9100,4390,4050,2010
1317,San Pascual (BS),12915,2550,700,400,2010
1318,San Pascual (MS),2496,4520,7970,4601,2010
1319,San Pedro,65337,8810,3070,1830,2010
1320,San Policarpo,2174,1270,820,5150,2010
1321,San Quintin (AA),1054,350,250,390,2010
1322,San Quintin (PS),6486,1380,250,290,2010
1323,San Rafael (BU),17429,1186,1160,1690,2010
1324,San Rafael (IO),1813,9160,2820,250,2010
1325,San Remigio (AE),3358,7850,5930,1154,2010
1326,San Remigio (CU),6634,9640,1032,2285,2010
1327,San Ricardo,1967,1200,210,620,2010
1328,San Roque,3295,4030,2860,7670,2010
1329,San Sebastian,9800,690,640,3450,2010
1330,San Simon,9016,1450,270,1700,2010
1331,San Teodoro,2516,790,2540,3910,2010
1332,Santiago (AN),2813,5880,1140,2060,2010
1333,Santiago (IS),3943,1180,0,440,2010
1334,Santiago (IA),29469,7440,2640,1330,2010
1335,San Vicente (CN),2113,240,0,830,2010
1336,San Vicente (IS),2556,200,150,300,2010
1337,San Vicente (NS),7170,0,0,7050,2010
1338,San Vicente (PN),356,1636,6760,4240,2010
1339,Sapad,2327,5170,7120,4640,2010
1340,Sapang Dalaga,2793,6880,4260,4580,2010
1341,Sapa-Sapa,840,5510,4148,960,2010
1342,Sapi-An,3179,1584,6300,100,2010
1343,Sara,7523,1867,1146,1850,2010
1344,Sarangani,1682,3230,4600,2511,2010
1345,Sariaya,27113,1949,7530,1244,2010
1346,Sarrat,5567,200,50,140,2010
1347,Sasmuan,4456,910,2050,3910,2010
1348,Science City of Munoz,16816,8260,1330,920,2010
1349,Sebaste,2759,4070,290,2710,2010
1350,Senator Ninoy Aquino,3712,3052,2845,3740,2010
1351,Sergio Osmena,3311,1603,4150,9280,2010
1352,Sevilla,1796,3550,330,280,2010
1353,Shariff Aguak,2404,1673,7010,1560,2010
1354,Shariff Saydona Mustapha,4060,1103,1219,510,2010
1355,Siasi,1491,4016,522,8020,2010
1356,Siaton,954,9240,7160,4922,2010
1357,Siay,4832,1809,8380,4550,2010
1358,Siayan,1951,2693,1475,6700,2010
1359,Sibagat,4861,6000,2910,3520,2010
1360,Sibalom,9799,9440,4970,5910,2010
1361,Sibonga,5676,1437,6320,1664,2010
1362,Sibuco,1766,5390,9680,3262,2010
1363,Sibulan,1082,4280,800,6080,2010
1364,Sibunag,3116,4750,2050,4680,2010
1365,Sibutad,3118,1720,1510,3900,2010
1366,Sibutu,8710,1536,1962,150,2010
1367,Sierra Bullones,4524,3600,690,1060,2010
1368,Sigay,4340,250,60,10,2010
1369,Sigma,4186,1523,9330,200,2010
1370,Sikatuna,1279,750,90,330,2010
1371,Silago,2615,1530,410,380,2010
1372,Silang,44656,4230,1420,1290,2010
1373,Silay,19912,1285,1225,3535,2010
1374,Silvino Lobos,5320,5870,3870,8900,2010
1375,Simunul,1878,1235,1978,2340,2010
1376,Sinacaban,2915,7570,1160,1610,2010
1377,Sinait,5227,3920,480,350,2010
1378,Sindangan,12851,3358,1089,2308,2010
1379,Siniloan,7481,1740,1370,1830,2010
1380,Siocon,4214,9410,6920,2216,2010
1381,Sipalay,72,1845,8590,3735,2010
1382,Sipocot,9154,247,5000,9170,2010
1383,Siquijor,5013,1220,790,4140,2010
1384,Sirawai,1973,1122,9850,1862,2010
1385,Siruma,2226,450,250,1055,2010
1386,Sison (PS),9106,4810,1240,1140,2010
1387,Sison (SN),2153,1320,160,970,2010
1388,Sitangkai,8290,9660,3162,2650,2010
1389,Socorro (OR),6649,112,5240,5040,2010
1390,Socorro (SN),3124,1160,1920,4250,2010
1391,Sofronio Espanola,2726,9110,5390,2367,2010
1392,Sogod (CU),4105,4820,7930,1607,2010
1393,Sogod (SL),76,5520,490,5630,2010
1394,Solana,14109,2379,490,650,2010
1395,Solano,1209,9160,5120,290,2010
1396,Solsona,4782,2990,200,100,2010
1397,Sominot,1601,1028,6420,2520,2010
1398,Sorsogon,29763,8660,4310,1417,2010
1399,South Ubian,710,3091,1947,120,2010
1400,South Upi,1525,3162,1737,2410,2010
1401,Santa,3164,90,100,1020,2010
1402,Santa Ana (CG),6469,1550,1230,210,2010
1403,Santa Ana (PA),9309,380,140,1050,2010
1404,Santa Barbara (IO),10999,8610,1610,330,2010
1405,Santa Barbara (PS),15421,5340,500,250,2010
1406,Santa Catalina (IS),2776,100,50,400,2010
1407,Santa Catalina (NR),9369,6610,7420,4903,2010
1408,Santa Cruz (DS),14508,1158,1005,1895,2010
1409,Santa Cruz (IS),7851,2040,540,540,2010
1410,Santa Cruz (LA),24334,3420,690,640,2010
1411,Santa Cruz (ME),1099,5780,1830,1282,2010
1412,Santa Cruz (OM),5316,2240,1770,1779,2010
1413,Santa Cruz (ZA),10212,9460,1550,4010,2010
1414,Santa Elena,6548,6280,4660,9610,2010
1415,Santa Fe (CU),239,840,210,2871,2010
1416,Santa Fe (LE),2404,6530,1160,4640,2010
1417,Santa Fe (NV),218,3800,3800,110,2010
1418,Santa Fe (RN),2405,2160,500,6410,2010
1419,Santa Ignacia,9537,5750,540,250,2010
1420,Santa Josefa,4832,1690,1090,750,2010
1421,Santa Lucia,5222,1730,200,410,2010
1422,Santa Magdalena,2632,2110,590,4690,2010
1423,Santa Marcela,2384,3220,50,340,2010
1424,Santa Margarita,2936,3730,1000,1475,2010
1425,Santa Maria (BU),47885,1880,490,2080,2010
1426,Santa Maria (DS),7205,2462,9810,5650,2010
1427,Santa Maria (IS),6159,1030,150,450,2010
1428,Santa Maria (IA),3789,2760,1070,480,2010
1429,Santa Maria (LA),5425,3740,850,410,2010
1430,Santa Maria (PS),7332,1030,150,100,2010
1431,Santa Maria (Imelda),9810,3520,300,1890,2010
1432,Santa Monica,1596,60,210,3060,2010
1433,Santander,3045,510,2140,4290,2010
1434,Santa Praxedes,7900,60,80,80,2010
1435,Santa Rita (PA),7458,4550,760,240,2010
1436,Santa Rita (WS),3399,4310,4840,3135,2010
1437,Santa Rosa (LA),69092,9470,1410,1100,2010
1438,Santa Rosa (NE),13701,2390,950,1640,2010
1439,Santa Teresita (BS),374,1150,150,420,2010
1440,Santa Teresita (CG),3481,1700,1520,350,2010
1441,Santo Domingo (AY),6037,3540,890,3620,2010
1442,Santo Domingo (IS),5817,1680,50,410,2010
1443,Santo Domingo (NE),10601,6170,1080,1910,2010
1444,Santol,1779,3580,4970,490,2010
1445,Santo Nino (CG),5437,3100,1680,2010,2010
1446,Santo Nino (WS),1588,150,190,1083,2010
1447,Santo Nino (SC),7868,1125,610,990,2010
1448,Santo Tomas (BS),28946,3750,400,440,2010
1449,Santo Tomas (DN),22774,8310,3570,2450,2010
1450,Santo Tomas (IA),3593,7760,1790,350,2010
1451,Santo Tomas (LU),7225,3910,410,1600,2010
1452,Santo Tomas (PA),7807,400,860,50,2010
1453,Santo Tomas (PS),3199,1070,0,0,2010
1454,Sual,5532,5730,4340,3150,2010
1455,Subic,17399,6640,2410,8930,2010
1456,Sudipen,3303,850,1560,260,2010
1457,Sugbongcogon,1541,1130,310,250,2010
1458,Sugpon,5690,2500,110,110,2010
1459,Sulat,3028,1390,710,3150,2010
1460,Sulop,4694,161,6690,5310,2010
1461,Sultan Dumalondong,7030,4960,1290,0,2010
1462,Sultan Kudarat,5918,3401,3135,7830,2010
1463,Sultan Mastura,1572,1695,3060,1070,2010
1464,Sultan Naga Dimaporo,451,2037,1974,1675,2010
1465,Sultan Sa Barongis,6790,1049,5500,1007,2010
1466,Sumilao,3079,1244,6870,440,2010
1467,Sumisip,1429,1753,147,1664,2010
1468,Surallah,14354,1727,7210,4250,2010
1469,Surigao,27136,5570,6590,1406,2010
1470,Suyo,1863,2490,610,560,2010
1471,Taal,10099,2230,190,2690,2010
1472,Tabaco,21362,1566,5740,1512,2010
1473,Tabango,3101,2440,6480,315,2010
1474,Tabina,4193,2940,1390,5040,2010
1475,Tabogon,2954,4900,5200,3209,2010
1476,Tabontabon,1769,3120,380,430,2010
1477,Tabuan-Lasa,1650,1800,1507,7280,2010
1478,Tabuelan,2627,2980,3700,1911,2010
1479,Tabuk,13563,2331,2154,2154,2010
1480,Tacloban,39381,208,1026,1998,2010
1481,Tacurong,190,1519,1360,640,2010
1482,Tadian,3571,3890,500,340,2010
1483,Taft,3017,1510,1080,4210,2010
1484,Tagana-An,2345,4320,720,5220,2010
1485,Tagapul-An,7630,400,1240,7650,2010
1486,Tagaytay,13003,960,1050,400,2010
1487,Tagbilaran,19569,2330,300,950,2010
1488,Tagbina,5286,1181,1580,3540,2010
1489,Tagkawayan,7221,208,104,3960,2010
1490,Tago,5137,1345,1970,4600,2010
1491,Tagoloan (LN),7050,940,9330,5570,2010
1492,Tagoloan (MO),12402,6790,1870,4760,2010
1493,Tagoloan Ii,660,810,1079,40,2010
1494,Tagudin,7784,1060,150,1460,2010
1495,Taguig,148117,7110,5790,1410,2010
1496,Tagum,51857,7010,2340,5000,2010
1497,Talacogon,5054,1035,3040,9480,2010
1498,Talaingod,162,6460,1903,1362,2010
1499,Talakag,461,4365,3227,6350,2010
1500,Talalora,6410,290,2020,6550,2010
1501,Talavera,22749,1195,1490,4530,2010
1502,Talayan,9640,6760,5430,3500,2010
1503,Talibon,7679,1184,8460,2644,2010
1504,Talipao,1774,368,3879,9760,2010
1505,Talisay (BS),7949,850,190,2290,2010
1506,Talisay (CN),4839,2970,390,350,2010
1507,Talisay  (CU),37046,7630,8680,3083,2010
1508,Talisay (NO),15876,9400,7240,2859,2010
1509,Talisayan,4111,1400,920,3410,2010
1510,Talitay,4290,4600,1088,2130,2010
1511,Talugtug,4392,5280,960,1180,2010
1512,Talusan,1213,1308,1471,1820,2010
1513,Tambulig,461,8160,148,5350,2010
1514,Tampakan,67,7180,1330,6650,2010
1515,Tamparan,1271,1643,3890,70,2010
1516,Tampilisan,3551,6240,3470,4530,2010
1517,Tanauan (BS),30013,7170,1450,1590,2010
1518,Tanauan (LE),8895,7650,4960,7830,2010
1519,Tanay,19349,8110,2700,4760,2010
1520,Tandag,814,7880,5530,1091,2010
1521,Tandubas,3110,1673,1883,1470,2010
1522,Tangalan,3362,7360,1260,390,2010
1523,Tangcal,4310,8220,4300,3310,2010
1524,Tangub,8144,1603,8200,1403,2010
1525,Tanjay,1363,7050,5510,2786,2010
1526,Tantangan,7029,1426,5070,4680,2010
1527,Tanudan,2110,1240,7000,3780,2010
1528,Tanza,41939,2330,1000,5820,2010
1529,Tapaz,4273,4119,1846,1200,2010
1530,Tapul,2680,6220,1999,160,2010
1531,Taraka,8120,1567,5910,810,2010
1532,Tarangnan,256,1380,1210,1944,2010
1533,Tarlac,66572,1142,1330,3410,2010
1534,Tarragona,2481,1792,5080,4750,2010
1535,Tayabas,18137,1346,8620,1960,2010
1536,Tayasan,402,1231,8930,2017,2010
1537,Taysan,6856,2710,1740,1180,2010
1538,Taytay (PN),6876,2781,1139,288,2010
1539,Taytay (RL),62347,1002,1220,2270,2010
1540,Tayug,931,790,640,260,2010
1541,Tayum,2008,8290,360,310,2010
1542,T'Boli,6471,2807,3811,3691,2010
1543,Teresa,10396,990,50,870,2010
1544,Ternate,3814,1990,400,200,2010
1545,Tiaong,17208,1925,7560,2560,2010
1546,Tibiao,4215,4250,660,3980,2010
1547,Tigaon,6588,9880,1031,1092,2010
1548,Tigbao,2404,8960,3920,2240,2010
1549,Tigbauan,10735,7780,2930,950,2010
1550,Tinambac,7878,139,4080,2272,2010
1551,Tineg,1370,3950,2580,640,2010
1552,Tinglayan,7670,1180,6570,7630,2010
1553,Tingloy,2864,350,1960,4990,2010
1554,Tinoc,1557,4360,7740,450,2010
1555,Tipo-Tipo,9600,4000,6060,6670,2010
1556,Titay,5647,2282,1068,1016,2010
1557,Tiwi,7739,4950,4420,137,2010
1558,Tobias Fornier,4564,1269,4800,1950,2010
1559,Toboso,3396,5160,1062,3268,2010
1560,Toledo,20521,2202,1886,7326,2010
1561,Tolosa,3089,3700,930,3640,2010
1562,Tomas Oppus,3357,1150,350,250,2010
1563,Tongkil,1390,2870,2646,1050,2010
1564,Torrijos,5234,1740,1770,9300,2010
1565,Trece Martires,23488,610,510,1030,2010
1566,Trento,9382,3930,550,790,2010
1567,Trinidad,5033,4690,3080,2690,2010
1568,Tuao,11881,1013,240,850,2010
1569,Tuba,8061,7460,7980,400,2010
1570,Tubajon,1231,150,200,4400,2010
1571,Tubao,5513,2320,1180,210,2010
1572,Tubaran,130,1100,3310,6980,2010
1573,Tubay,3669,1790,150,3250,2010
1574,Tubigon,7893,5640,3660,4580,2010
1575,Tublay,1825,9440,6340,50,2010
1576,Tubo,8480,860,0,150,2010
1577,Tubod (LN),6948,1599,9770,7260,2010
1578,Tubod (SN),2576,540,50,970,2010
1579,Tubungan,3951,2350,2520,1760,2010
1580,Tuburan (BA),1083,9150,5520,3680,2010
1581,Tuburan (CU),6227,1044,1526,3306,2010
1582,Tudela (CU),2152,150,900,3150,2010
1583,Tudela (MC),3998,9890,5640,3760,2010
1584,Tugaya,7690,1818,2330,60,2010
1585,Tuguegarao,2878,8030,250,310,2010
1586,Tukuran,5364,8130,7750,1208,2010
1587,Tulunan,8748,2076,6070,4360,2010
1588,Tumauini,10939,1037,1300,3560,2010
1589,Tunga,1197,700,50,470,2010
1590,Tungawan,45,1091,8470,209,2010
1591,Tupi,10822,1285,9080,9850,2010
1592,Turtle Islands,0,430,2440,3660,2010
1593,Tuy,8087,3490,710,5380,2010
1594,Ubay,10764,1171,5490,1867,2010
1595,Umingan,14038,1255,1170,1800,2010
1596,Ungkaya Pukan,7030,5130,7810,5030,2010
1597,Unisan,3817,7680,2180,8210,2010
1598,Upi,2112,4876,1777,6040,2010
1599,Urbiztondo,891,6020,1020,300,2010
1600,Urdaneta,26706,1084,1230,1790,2010
1601,Uson,4894,3130,4170,5075,2010
1602,Uyugan,3380,0,0,0,2010
1603,Valderrama,2106,1001,2840,4020,2010
1604,Valencia (BL),4821,2710,370,770,2010
1605,Valencia (BK),32683,2957,1934,1394,2010
1606,Valencia (NR),6172,2710,550,2980,2010
1607,Valenzuela,136095,4030,2710,1590,2010
1608,Valladolid,605,1106,2580,6570,2010
1609,Vallehermoso,2305,2870,5420,448,2010
1610,Veruela,6066,1508,4650,1730,2010
1611,Victoria (LA),7435,5580,140,500,2010
1612,Victoria (NS),224,140,860,5530,2010
1613,Victoria (OR),8817,7820,3600,4860,2010
1614,Victoria (TC),13032,4440,440,590,2010
1615,Victorias,12343,1853,1692,2127,2010
1616,Viga,2934,3810,1890,3960,2010
1617,Vigan,10232,300,410,1160,2010
1618,Villaba,52,2890,3430,2971,2010
1619,Villanueva,57,4490,1210,3200,2010
1620,Villareal,2349,1760,2610,2224,2010
1621,Villasis,12601,6380,290,300,2010
1622,Villaverde,3362,6890,940,150,2010
1623,Villaviciosa,9060,1660,510,50,2010
1624,Vincenzo A Sagun,3626,6740,840,1050,2010
1625,Vintar,6958,2460,700,250,2010
1626,Vinzons,6156,5670,3120,1727,2010
1627,Virac,12318,2470,1280,1201,2010
1628,Wao,5023,1931,8980,1140,2010
1629,Zamboanga,12434,24132,17413,6039,2010
1630,Zamboanguita,362,4540,3500,108,2010
1631,Zaragoza,8765,5960,500,2150,2010
1632,Zarraga,4642,2980,1020,110,2010
1633,Zumarraga,1168,200,2120,1676,2010
