,id,Child Headed_Male,Child Headed_Female,Single Headed_Male,Single Headed_Female,Disability_Male,Disability_Female,Solo Parent_Male,Solo Parent_Female,Older_Male,Older_Female,year
0,Aborlan,8,3,580,17,1240,1040,620,1290,1990,1730,2016
1,Abra De Ilog,26,1,430,9,980,890,1030,1610,2040,1900,2016
2,Abucay,5,0,1460,6,330,180,110,530,340,400,2016
3,Abulug,4,0,90,8,610,380,320,760,1170,1440,2016
4,Abuyog,4,1,550,7,2010,2260,1840,3920,4270,4920,2016
5,Adams,0,0,30,0,10,10,30,100,120,140,2016
6,Agdangan,0,0,960,9,130,190,230,410,220,280,2016
7,Aglipay,1,0,80,2,320,200,470,540,780,920,2016
8,Agno,1,0,140,6,760,690,390,1090,1340,1500,2016
9,Agoncillo,1,0,300,3,320,110,70,250,440,460,2016
10,Agoo,0,0,30,6,920,610,710,1410,1280,1810,2016
11,Aguilar,1,0,80,9,670,610,550,1430,1420,1730,2016
12,Aguinaldo,1,0,120,5,270,260,350,520,650,590,2016
13,Agutaya,3,0,50,1,130,70,190,630,270,360,2016
14,Ajuy,10,2,1910,54,1860,1360,1870,3750,3740,4670,2016
15,Akbar,5,3,340,7,180,110,710,2600,720,710,2016
16,Alabat,0,0,420,4,390,210,230,500,360,490,2016
17,Alabel,12,1,580,18,1420,1110,1320,3550,4240,3830,2016
18,Alamada,13,1,780,11,1700,1490,1550,2930,4310,3720,2016
19,Alaminos (LA),0,0,20,1,200,180,300,660,370,510,2016
20,Alaminos (PS),2,0,980,31,1420,890,860,2480,2210,2810,2016
21,Alang-Alang,4,1,1140,23,1370,980,2120,4580,3860,5150,2016
22,Al-Barka,16,4,210,6,290,240,1140,3470,1330,910,2016
23,Albuera,3,1,250,19,2180,2100,960,2860,2630,2880,2016
24,Alburquerque,0,0,100,3,250,240,120,810,600,760,2016
25,Alcala (CG),2,0,170,5,460,410,270,440,1400,1780,2016
26,Alcala (PS),1,0,1020,23,480,580,540,1310,1180,1820,2016
27,Alcantara (CU),0,1,110,18,800,600,410,1160,2090,2470,2016
28,Alcantara (RN),0,0,140,13,710,470,450,1040,910,1380,2016
29,Alcoy,0,0,190,14,650,550,1000,2690,1730,1990,2016
30,Alegria (CU),2,1,820,51,910,950,1080,3070,3430,4540,2016
31,Alegria (SN),2,0,1090,13,550,450,710,1650,1370,2010,2016
32,Aleosan,12,0,430,22,1180,710,830,2310,3740,3570,2016
33,Alfonso,0,0,0,0,210,160,90,400,250,290,2016
34,Alfonso Castaneda,0,0,60,0,220,190,300,420,740,640,2016
35,Alfonso Lista,4,0,140,9,520,450,330,560,950,1050,2016
36,Aliaga,3,0,770,5,630,500,470,1320,1460,2020,2016
37,Alicia (BL),4,1,580,26,900,680,570,1570,3320,4000,2016
38,Alicia (IA),2,0,210,8,830,740,650,850,990,1690,2016
39,Alicia (ZS),14,2,550,27,950,700,2370,4750,4640,5130,2016
40,Alilem,0,0,30,2,170,170,50,90,490,580,2016
41,Alimodian,6,0,690,14,980,880,550,1150,2450,3410,2016
42,Alitagtag,0,0,180,2,250,180,110,320,240,290,2016
43,Allacapan,4,0,120,4,380,370,290,640,1050,1170,2016
44,Allen,2,0,150,4,430,300,890,2160,1180,2120,2016
45,Almagro,1,0,60,1,530,410,140,310,610,700,2016
46,Almeria,1,0,50,4,170,130,160,620,420,540,2016
47,Aloguinsan,5,0,320,35,770,790,820,2750,3160,3970,2016
48,Aloran,3,0,270,21,1270,870,1180,2800,3390,4060,2016
49,Altavas,1,0,1630,29,700,780,490,1310,1230,2230,2016
50,Alubijid,3,0,570,28,1320,1190,1050,2950,3260,3840,2016
51,Amadeo,1,1,30,2,150,110,140,330,220,280,2016
52,Amai Manabilang,11,1,130,6,230,70,540,1430,670,500,2016
53,Ambaguio,1,0,290,9,310,400,260,620,930,1170,2016
54,Amlan,1,0,630,38,380,310,510,1560,2060,2390,2016
55,Ampatuan,6,2,350,17,390,310,1420,3270,1980,1540,2016
56,Amulung,6,0,270,17,960,690,1080,2090,2080,2750,2016
57,Anahawan,1,0,20,1,210,190,150,620,590,610,2016
58,Anao,0,0,30,3,50,80,80,150,330,400,2016
59,Anda (BL),0,0,410,27,560,430,410,1240,1850,2450,2016
60,Anda (PS),0,0,110,3,520,310,300,770,1090,1510,2016
61,Angadanan,1,1,190,2,550,430,450,590,1210,1690,2016
62,Angat,2,0,190,9,760,430,440,1390,740,820,2016
63,Angeles,2,1,4810,107,990,560,1140,4470,1300,1570,2016
64,Angono,1,0,280,9,450,520,320,1080,350,520,2016
65,Anilao,2,0,280,13,860,600,830,1860,2130,2430,2016
66,Anini-Y,1,0,680,18,510,600,440,1170,1430,2200,2016
67,Antequera,0,0,90,9,180,170,180,730,760,1220,2016
68,Antipas,1,2,30,6,1090,850,490,1200,1010,990,2016
69,Antipolo,3,0,160,9,1590,1620,1120,4480,1440,1700,2016
70,Apalit,0,1,410,16,1030,900,760,1980,1450,1930,2016
71,Aparri,2,0,200,10,890,780,670,1060,1610,2200,2016
72,Araceli,0,0,50,3,300,320,200,410,480,400,2016
73,Arakan,16,2,400,19,1230,790,1630,2320,3150,2730,2016
74,Arayat,7,3,1050,35,1660,1830,1240,3960,3120,4220,2016
75,Argao,7,0,530,67,1910,1510,1140,5120,6050,7580,2016
76,Aringay,2,0,120,18,660,770,600,1460,1690,2110,2016
77,Aritao,2,0,140,4,790,630,420,730,940,1230,2016
78,Aroroy,8,1,220,7,2560,1900,1300,3570,3320,4060,2016
79,Arteche,4,0,230,6,1100,1180,630,1200,2810,3170,2016
80,Asingan,1,0,90,10,1050,870,490,1120,1190,1540,2016
81,Asipulo,1,0,110,5,410,300,240,630,1030,870,2016
82,Asturias,8,1,1740,76,1800,1560,1220,3520,5090,6310,2016
83,Asuncion,6,0,180,12,910,630,1280,2560,2810,2890,2016
84,Atimonan,2,0,370,4,860,690,860,1610,1140,1480,2016
85,Atok,1,0,70,8,400,250,340,750,670,1000,2016
86,Aurora (IA),1,0,80,4,230,190,250,520,620,910,2016
87,Aurora (ZR),10,1,440,29,830,780,990,2870,3370,3970,2016
88,Ayungon,10,3,4970,108,2630,2420,2460,5890,6430,7030,2016
89,Baao,0,0,210,12,1670,1290,1290,2940,2230,2860,2016
90,Babatngon,3,0,750,13,590,610,990,2090,2620,2610,2016
91,Bacacay,3,0,230,20,2030,1490,1260,4040,3260,4400,2016
92,Bacarra,0,0,40,0,160,80,200,280,490,480,2016
93,Baclayon,1,0,130,14,530,410,180,1000,1070,1430,2016
94,Bacnotan,1,0,50,6,530,490,290,620,860,1020,2016
95,Baco,5,0,120,9,930,700,850,2200,1810,2050,2016
96,Bacolod (LN),6,0,260,14,650,580,1030,3030,2530,3230,2016
97,Bacolod (NO),6,2,8220,234,3280,2520,2320,8990,3840,5780,2016
98,Bacolod-Kalawi,4,0,70,8,180,130,730,2350,1100,930,2016
99,Bacolor,4,0,700,13,150,60,300,740,600,610,2016
100,Bacong,4,1,570,50,840,990,850,3240,2100,2610,2016
101,Bacoor,6,0,370,19,1470,1260,1340,5200,1290,1830,2016
102,Bacuag,0,0,190,7,530,450,510,1340,1350,2120,2016
103,Bacungan Leon B. Postigo,12,4,690,32,930,650,1500,2610,4020,4070,2016
104,Badian,3,2,780,82,1930,1530,2160,5520,5370,6350,2016
105,Badiangan,1,0,280,16,570,570,360,1280,1550,2200,2016
106,Badoc,0,0,90,7,500,380,260,710,1020,1580,2016
107,Bagabag,1,0,30,4,190,240,270,340,760,980,2016
108,Bagac,0,0,100,1,200,310,170,500,390,420,2016
109,Bagamanoc,3,0,100,4,500,400,300,820,870,1230,2016
110,Baganga,4,1,860,20,1760,990,2280,2740,4580,4170,2016
111,Baggao,5,0,520,12,2250,2080,1470,1960,2860,3720,2016
112,Bago,24,3,6080,101,5730,4720,4590,1122,8860,1068,2016
113,Baguio,1,0,410,19,570,530,350,1700,550,730,2016
114,Bagulin,2,0,70,3,520,420,100,350,700,910,2016
115,Bagumbayan,10,1,570,18,1370,940,2030,3660,3220,2680,2016
116,Bais,20,7,800,87,1960,1480,2120,6840,8040,8960,2016
117,Bakun,2,0,50,4,230,280,210,390,460,520,2016
118,Balabac,21,4,290,14,950,530,1480,3650,3080,2420,2016
119,Balabagan,16,2,200,12,400,290,1620,5000,2080,2010,2016
120,Balagtas,0,0,280,13,320,250,280,670,300,500,2016
121,Balamban,4,1,2710,71,1930,1710,1470,4550,5800,7180,2016
122,Balanga,2,0,130,13,510,350,330,1530,560,870,2016
123,Balangiga,1,0,130,8,590,390,630,1230,1210,1240,2016
124,Balangkayan,2,0,90,4,450,370,240,700,910,900,2016
125,Balaoan,0,0,90,6,520,530,330,1050,940,1380,2016
126,Balasan,2,0,1460,19,1680,1740,530,1400,1120,1660,2016
127,Balatan,3,0,220,4,1070,1230,770,2100,1630,2240,2016
128,Balayan,1,0,1090,3,780,570,600,1590,1230,1790,2016
129,Balbalan,0,0,220,6,860,590,320,1100,1640,1880,2016
130,Baleno,2,0,950,10,560,570,1120,1810,1450,1780,2016
131,Baler,2,0,530,9,440,410,340,1000,480,530,2016
132,Balete (AK),3,0,1060,28,1300,1020,630,1400,2180,3200,2016
133,Balete (BS),1,0,40,5,180,160,80,150,180,160,2016
134,Baliangao,1,1,380,30,1070,770,1170,1950,2970,3940,2016
135,Baliguian,3,5,300,8,1250,1160,950,1430,2120,2300,2016
136,Balilihan,1,0,140,7,700,500,220,1000,1850,2440,2016
137,Balindong,7,0,180,20,410,370,1740,5390,2090,2430,2016
138,Balingasag,15,2,1320,117,5470,5690,4050,1128,7240,8310,2016
139,Balingoan,3,1,160,17,480,450,520,1710,1010,1400,2016
140,Baliwag,2,0,3210,87,820,620,580,2700,940,1380,2016
141,Ballesteros,1,0,110,4,270,300,460,690,920,1290,2016
142,Baloi,43,7,640,29,1330,1140,3780,9590,4260,4790,2016
143,Balud,2,0,270,2,1300,1470,860,2050,1870,2300,2016
144,Balungao,0,0,80,4,300,290,390,650,760,1220,2016
145,Bamban,1,0,400,12,210,240,330,1400,670,750,2016
146,Bambang,1,1,70,6,610,410,540,1170,970,1080,2016
147,Banate,5,0,510,18,1160,1350,890,1410,1590,2150,2016
148,Banaue,3,0,120,11,450,290,340,1090,1130,1640,2016
149,Banaybanay,2,1,450,21,1100,870,1250,3370,3120,3520,2016
150,Banayoyo,0,0,10,2,70,60,60,100,160,150,2016
151,Banga (AK),0,0,1220,34,1510,1700,840,1490,1970,2790,2016
152,Banga (SC),9,3,590,20,1340,960,1760,4710,4080,4310,2016
153,Bangar,0,0,60,7,390,480,310,1000,1070,1420,2016
154,Bangued,2,0,260,10,730,640,440,1020,1080,1500,2016
155,Bangui,0,0,60,2,230,280,90,260,330,370,2016
156,Bani,1,0,300,4,1000,950,490,1320,2040,2900,2016
157,Banisilan,14,0,460,15,950,680,1140,2140,2060,2040,2016
158,Banna,1,0,40,3,190,120,180,440,740,920,2016
159,Bansalan,2,1,390,12,1620,1410,1290,3470,2470,2590,2016
160,Bansud,7,2,980,11,1190,820,990,2320,1810,2400,2016
161,Bantay,0,0,60,6,120,120,70,160,280,560,2016
162,Bantayan Island,8,2,980,93,2150,2090,1340,5980,6170,7520,2016
163,Banton,0,0,0,4,110,130,70,400,260,500,2016
164,Baras (CT),0,0,130,2,440,290,400,860,800,1110,2016
165,Baras (RL),0,1,60,5,90,90,240,840,210,340,2016
166,Barbaza,1,0,2510,35,1180,1260,870,1920,2000,2540,2016
167,Barcelona,0,2,110,8,350,400,490,1010,1010,1480,2016
168,Barili,11,2,1150,119,2780,2210,2520,8700,7320,8970,2016
169,Barira,26,2,440,25,410,200,2700,6120,1930,2220,2016
170,Barlig,0,0,40,5,70,100,100,190,250,260,2016
171,Barobo,7,0,380,13,2460,1970,2550,5700,4150,5070,2016
172,Barotac Nuevo,4,0,450,28,1340,1360,810,2220,2520,3190,2016
173,Barotac Viejo,8,1,1960,44,1900,1460,1340,2830,2980,3830,2016
174,Baroy,11,2,400,19,660,500,1120,2500,3380,3840,2016
175,Barugo,1,0,560,10,600,430,1580,3710,2500,3090,2016
176,Basay,14,7,400,33,1170,1000,1620,3210,3290,3660,2016
177,Basco,1,0,0,2,10,10,0,90,80,80,2016
178,Basey,5,0,620,20,1590,1330,1580,2450,4280,4280,2016
179,Basilisa,0,1,470,35,1980,1480,1070,2550,4740,5160,2016
180,Basista,0,0,40,4,990,930,340,900,770,1220,2016
181,Basud (CN),1,0,50,3,830,770,810,1770,1310,1680,2016
182,Batac,0,0,60,8,300,310,210,550,780,1050,2016
183,Batad,0,0,210,14,1320,1080,580,1800,1130,1790,2016
184,Batan,4,0,690,10,1090,910,370,1170,1580,2660,2016
185,Batangas,2,1,1990,46,2120,1670,1580,4530,2120,3110,2016
186,Bataraza,31,1,390,27,1890,1560,1710,4180,4830,4190,2016
187,Bato (CS),3,0,200,15,1440,1300,990,2410,2240,3110,2016
188,Bato (CT),1,0,50,7,440,410,260,700,780,1030,2016
189,Bato (LE),3,0,270,14,440,340,820,2590,2910,3170,2016
190,Batuan (BL),0,0,80,5,390,400,440,1140,1960,2190,2016
191,Batuan (MS),2,1,100,0,240,250,320,830,940,1190,2016
192,Bauan,0,0,690,6,150,120,120,450,160,320,2016
193,Bauang,0,0,90,9,1050,710,480,1590,1470,1830,2016
194,Bauko,0,0,30,2,400,240,310,820,910,1030,2016
195,Baungon,11,0,530,36,1500,970,2010,4170,3800,4100,2016
196,Bautista,0,0,400,7,810,780,360,1070,1010,1600,2016
197,Bay,1,0,110,11,330,380,470,1280,440,920,2016
198,Bayabas,2,1,30,2,460,190,430,850,850,1070,2016
199,Bayambang,6,0,230,11,1600,1440,2170,6250,3920,5970,2016
200,Bayang,14,5,280,18,430,230,4370,7980,1720,1720,2016
201,Bayawan,12,2,9250,122,4770,3080,5340,1151,1242,1211,2016
202,Baybay,6,0,1290,47,1970,1630,2520,5780,6280,6930,2016
203,Bayog,8,1,630,24,910,680,1730,3330,3110,3190,2016
204,Bayombong,0,0,150,5,450,330,420,850,970,1100,2016
205,Bayugan,9,1,1800,73,5080,3390,2770,6640,8070,8920,2016
206,Belison,0,0,870,9,270,310,90,260,560,700,2016
207,Benito Soliven,3,0,110,3,530,380,360,680,890,1030,2016
208,Besao,1,0,10,0,120,120,70,160,150,160,2016
209,Bien Unido,3,2,2180,72,920,850,710,2110,3060,3640,2016
210,Bilar,0,0,100,4,700,610,500,1750,1860,2240,2016
211,Biliran,0,2,130,13,500,380,630,1360,1260,1300,2016
212,Binalbagan,8,2,1900,46,1920,1670,1220,3520,2730,3350,2016
213,Binalonan,2,0,120,5,610,420,550,1280,1140,1360,2016
214,Binangonan,2,0,660,17,1210,770,1000,3410,1070,1790,2016
215,Bindoy,6,1,1420,73,2640,1940,2450,5460,6030,6950,2016
216,Bingawan,3,1,580,5,370,410,410,720,1170,1430,2016
217,Binidayan,12,3,240,5,670,770,1630,5030,1710,1930,2016
218,Binmaley,4,0,290,10,710,620,740,1960,1340,1910,2016
219,Binuangan,3,2,230,16,430,370,380,1130,1070,1450,2016
220,Biri,0,0,70,3,1120,590,480,1270,1250,1150,2016
221,Bislig,7,1,1980,63,3090,2380,2840,6450,6910,6680,2016
222,Binan,0,0,550,36,1490,1260,1370,4230,1030,1520,2016
223,Boac,2,1,480,10,1240,970,1010,2220,2300,2660,2016
224,Bobon,5,1,500,6,3980,4570,1270,3370,1800,2220,2016
225,Bocaue,1,0,510,25,480,310,720,1590,750,910,2016
226,Bogo,9,1,1020,71,2480,1960,1250,4200,4740,6490,2016
227,Bokod,0,0,90,9,150,180,90,500,630,820,2016
228,Bolinao,2,1,1120,16,1520,1190,1090,2750,2650,3580,2016
229,Boliney,3,0,70,1,70,90,80,210,470,450,2016
230,Boljoon,2,0,250,35,750,520,670,2560,2200,2840,2016
231,Bombon,0,1,60,4,430,360,370,790,600,760,2016
232,Bongabon,4,0,510,15,650,470,660,1170,1170,1640,2016
233,Bongabong,17,1,1140,25,1810,1080,1810,4440,3240,3510,2016
234,Bongao,19,0,490,14,940,820,1800,5430,3220,3600,2016
235,Bonifacio,6,1,340,25,1040,680,1690,5020,3980,5300,2016
236,Bontoc (MP),0,0,60,2,260,190,110,420,510,650,2016
237,Bontoc (SL),1,0,160,8,680,600,1110,2600,2770,2730,2016
238,Borbon,1,1,770,42,790,890,890,2700,3690,4540,2016
239,Borongan,8,0,530,18,2060,1420,1730,3740,4100,4430,2016
240,Boston,0,0,170,7,490,310,330,720,940,730,2016
241,Botolan,7,1,380,15,650,660,580,2220,1420,1940,2016
242,Braulio E. Dujali,1,0,90,2,350,240,250,780,640,800,2016
243,Brooke's Point,12,2,410,21,1950,1620,1360,3690,3770,3910,2016
244,Buadiposo-Buntong,15,0,190,7,160,140,900,2690,850,840,2016
245,Bubong,25,8,240,16,240,130,1680,4450,1430,1590,2016
246,Bucay,2,0,200,4,510,290,470,850,1020,1200,2016
247,Bucloc,0,0,30,0,40,60,60,120,360,330,2016
248,Buenavista (AN),8,3,690,22,2130,1720,1760,4390,4650,5380,2016
249,Buenavista (BL),7,0,300,19,830,720,660,2740,3730,3930,2016
250,Buenavista (GS),6,0,220,16,750,780,880,2170,1870,2340,2016
251,Buenavista (ME),2,0,330,9,870,720,740,2020,1070,1430,2016
252,Buenavista (QN),1,0,280,5,620,610,620,1620,1510,1760,2016
253,Bugallon,1,0,280,7,1390,1140,1000,2390,1860,2890,2016
254,Bugasong,4,1,3860,50,1690,1310,820,2640,2730,3950,2016
255,Buguey,1,0,40,4,310,190,200,650,880,1290,2016
256,Buguias,1,0,120,3,430,250,290,800,900,880,2016
257,Buhi,9,0,310,14,1940,1580,1870,4680,4270,5150,2016
258,Bula,3,0,400,16,2240,2050,1700,4550,3210,4580,2016
259,Bulakan,1,1,1150,25,170,200,340,760,520,720,2016
260,Bulalacao,17,0,1570,16,1660,1050,1280,2450,2530,2870,2016
261,Bulan,5,1,420,13,1920,1500,1790,6310,3580,5690,2016
262,Buldon,23,4,440,18,560,310,2390,5980,2430,2490,2016
263,Buluan,13,0,90,2,150,80,450,1690,1590,1540,2016
264,Bulusan,0,0,200,9,1020,710,670,1300,1320,1880,2016
265,Bunawan,9,0,970,9,1770,1160,1110,1950,2950,2950,2016
266,Burauen,10,3,570,29,1550,1220,1670,2930,2580,3220,2016
267,Burdeos,1,0,2200,8,920,770,490,930,980,1220,2016
268,Burgos (IN),0,0,0,1,120,100,90,200,180,220,2016
269,Burgos (IS),0,0,270,4,220,390,120,210,560,830,2016
270,Burgos (IA),1,0,20,1,210,200,270,360,570,730,2016
271,Burgos (LU),1,0,20,0,160,80,70,120,340,460,2016
272,Burgos (PS),1,1,200,7,250,410,230,560,1040,1560,2016
273,Burgos (SN),1,0,20,2,190,180,70,80,410,710,2016
274,Buruanga,1,0,90,4,320,210,450,570,1080,1310,2016
275,Bustos,0,0,500,6,500,460,200,570,590,630,2016
276,Busuanga,1,0,300,7,360,340,280,720,430,420,2016
277,Butig,15,1,290,8,330,110,2380,5320,1380,990,2016
278,Butuan,21,6,3730,214,8590,6590,7540,2438,1588,1859,2016
279,Buug,8,1,390,8,980,1070,1240,2680,3160,3160,2016
280,Caba,0,0,30,1,220,240,380,540,700,1030,2016
281,Cabadbaran,4,2,870,28,2780,1890,2020,4760,4610,4860,2016
282,Cabagan,1,0,220,9,780,710,1010,1770,1660,2470,2016
283,Cabanatuan,8,3,3160,134,3020,2330,2450,7080,3310,4440,2016
284,Cabangan,2,0,110,6,250,240,390,830,580,860,2016
285,Cabanglasan,5,0,520,26,1300,540,1520,3060,4270,4040,2016
286,Cabarroguis,0,0,70,0,260,230,200,470,500,710,2016
287,Cabatuan (IO),0,1,1020,30,1400,1110,910,1710,2150,3280,2016
288,Cabatuan (IA),2,0,60,4,150,100,390,400,530,560,2016
289,Cabiao,1,2,1020,20,750,1040,780,1960,1600,2040,2016
290,Cabucgayan,3,0,70,2,260,240,740,1940,1140,1640,2016
291,Cabugao,0,0,80,2,330,370,400,750,930,1320,2016
292,Cabusao,1,0,130,5,940,1030,390,1090,760,1210,2016
293,Cabuyao,2,0,520,6,390,320,470,1750,410,580,2016
294,Cadiz,6,2,3640,81,4580,4260,4720,1124,6830,8360,2016
295,Cagayancillo,1,0,60,3,360,390,120,430,650,780,2016
296,Cagayan De Oro,47,7,5570,341,9870,7670,8890,2705,1297,1534,2016
297,Cagdianao,1,1,180,9,830,650,400,1260,2390,2540,2016
298,Cagwait,3,0,230,4,470,450,660,1340,2020,2310,2016
299,Caibiran,5,0,290,27,480,420,1030,2710,1680,1980,2016
300,Cainta,0,0,70,0,320,230,150,690,150,240,2016
301,Cajidiocan,2,1,120,13,950,810,660,2240,1160,1870,2016
302,Calabanga,10,2,370,16,2620,2170,1900,4990,3210,4410,2016
303,Calaca,1,1,240,12,760,620,330,1240,960,1540,2016
304,Calamba (LA),1,1,440,35,1330,960,920,3060,940,1390,2016
305,Calamba (MC),1,2,310,32,1490,1150,1090,2850,2970,3740,2016
306,Calanasan,3,0,460,6,560,330,290,620,1350,1220,2016
307,Calanogas,11,3,100,7,170,140,1720,3610,800,660,2016
308,Calapan,3,2,920,27,1640,1430,1530,4360,2180,3140,2016
309,Calape,4,0,270,19,810,900,660,2140,3100,4280,2016
310,Calasiao,4,0,280,18,990,840,600,1890,1580,2080,2016
311,Calatagan,3,0,370,10,550,470,300,990,750,1170,2016
312,Calatrava (NO),11,2,1300,32,2130,1740,2370,5390,6250,6390,2016
313,Calatrava (RN),0,0,80,7,290,230,260,840,630,1020,2016
314,Calauag,3,2,2000,33,1750,1430,1180,3050,2320,2590,2016
315,Calauan,2,0,70,5,390,270,560,1440,680,840,2016
316,Calayan,6,0,70,2,340,280,300,630,850,740,2016
317,Calbayog,16,3,3280,29,7840,7380,6380,1456,114,13,2016
318,Calbiga,1,0,80,5,320,370,460,1310,1650,2050,2016
319,Calinog,2,1,1390,36,2910,2250,1640,3700,4720,5510,2016
320,Calintaan,2,0,400,11,910,660,670,1710,1300,1410,2016
321,Caloocan,17,3,1401,493,6900,5550,6320,2275,6530,1063,2016
322,Calubian,0,0,180,8,380,410,670,1240,1900,2150,2016
323,Calumpit,0,0,600,12,550,280,330,980,480,660,2016
324,Caluya,3,1,1030,12,400,450,250,800,1150,1480,2016
325,Camalaniugan,0,0,110,3,450,420,470,630,730,900,2016
326,Camalig,1,0,300,15,1810,1450,1130,3280,2620,3640,2016
327,Camaligan,1,0,40,3,440,440,210,920,450,630,2016
328,Camiling,1,1,1560,18,1020,670,900,1850,2090,2630,2016
329,Canaman,0,1,90,10,920,750,420,1560,960,1180,2016
330,Can-Avid,2,0,270,5,980,720,840,1720,1920,2080,2016
331,Candaba,9,0,1830,42,1550,1400,1290,2800,3720,4920,2016
332,Candelaria (QN),2,2,2900,68,1260,860,480,1450,750,1370,2016
333,Candelaria (ZA),2,0,610,4,990,890,380,830,660,850,2016
334,Candijay,4,0,820,37,1290,990,650,2040,3200,4240,2016
335,Candon,0,0,140,14,850,800,420,930,1070,1720,2016
336,Candoni,2,1,480,16,1450,1280,960,2220,2290,2320,2016
337,Canlaon,8,0,4060,51,1350,940,1220,3400,3450,3520,2016
338,Cantilan,6,0,2920,19,1230,970,980,2490,3210,4760,2016
339,Caoayan,0,0,0,0,70,220,20,250,160,350,2016
340,Capalonga,0,0,120,3,2190,1750,820,2420,1680,2140,2016
341,Capas,13,0,1110,30,1640,1340,1180,3840,2210,3050,2016
342,Capoocan,9,4,1570,37,590,340,1290,2590,2820,2970,2016
343,Capul,1,0,500,4,380,420,660,1250,1570,2150,2016
344,Caraga,6,0,340,16,850,710,1030,1920,4060,3270,2016
345,Caramoan,2,1,750,17,3810,2960,1890,4490,3660,4960,2016
346,Caramoran,2,0,390,9,670,580,670,1660,1640,2230,2016
347,Carasi,0,0,20,0,20,0,20,60,110,120,2016
348,Carcar,9,1,1380,145,3090,2580,2660,9070,6270,8960,2016
349,Cardona,3,0,240,11,440,410,560,1420,630,770,2016
350,Carigara,9,1,570,17,1330,1320,1250,3710,3640,4320,2016
351,Carles,9,0,2550,45,3670,2370,1960,4030,3720,4610,2016
352,Carmen (AN),1,1,1470,20,940,460,1020,1970,2550,2670,2016
353,Carmen (BL),7,0,420,22,1450,1190,570,1210,5850,6190,2016
354,Carmen (CU),3,2,660,109,1210,810,1370,3690,2450,3420,2016
355,Carmen (NC),52,4,1430,39,1810,1050,3210,7080,7020,6290,2016
356,Carmen (DN),1,0,200,10,950,710,1330,2830,2140,2020,2016
357,Carmen (SS),0,0,420,3,610,440,350,710,1210,1480,2016
358,Carmona,0,0,10,2,230,200,150,440,170,250,2016
359,Carranglan,7,2,320,12,950,670,880,1820,2170,2400,2016
360,Carrascal,1,0,3890,17,1320,1300,470,990,1670,1970,2016
361,Casiguran (AU),5,0,560,5,710,550,570,1010,1060,1220,2016
362,Casiguran (SO),0,0,140,4,1220,1070,590,1590,1450,1820,2016
363,Castilla,3,1,220,8,1680,1330,1140,3480,2700,3330,2016
364,Castillejos,1,0,1020,10,280,260,240,870,400,560,2016
365,Cataingan,7,0,310,20,1190,1210,1220,3460,3630,4440,2016
366,Catanauan,1,1,2060,26,1530,1070,920,2420,1780,1950,2016
367,Catarman (CM),4,0,420,18,600,410,650,1350,1620,1950,2016
368,Catarman (NS),6,4,1120,32,1990,1800,2840,6700,5120,6410,2016
369,Catbalogan,17,2,940,25,1750,1430,3460,6630,5510,6960,2016
370,Cateel,6,0,620,7,1180,920,1090,1870,2320,1770,2016
371,Catigbian,0,0,190,10,830,660,270,980,2230,2610,2016
372,Catmon,1,1,580,80,800,690,580,2370,2150,3110,2016
373,Catubig,1,0,70,1,190,180,430,840,700,830,2016
374,Cauayan (IA),7,1,250,13,870,600,630,1100,2130,2530,2016
375,Cauayan (NO),19,1,1800,42,4270,3340,3580,6790,8420,8600,2016
376,Cavinti,0,0,30,2,130,210,110,610,190,280,2016
377,Cavite,0,0,60,11,360,340,780,2730,790,1170,2016
378,Cawayan,4,1,910,10,1330,1080,1070,2580,3100,3080,2016
379,Cebu,18,8,6110,510,1068,8600,1001,3071,1094,1588,2016
380,Cervantes,0,0,40,3,710,400,240,820,1070,840,2016
381,Clarin (BL),1,0,260,22,670,510,2340,2440,2290,2910,2016
382,Clarin (MC),0,1,460,35,1040,920,1320,3730,3170,4520,2016
383,Claver,4,0,1390,32,2070,1820,570,1380,2110,2910,2016
384,Claveria (CG),2,0,50,2,230,180,290,590,560,800,2016
385,Claveria (MS),3,0,420,11,1250,840,1230,2180,2680,2970,2016
386,Claveria (MO),11,1,650,39,1570,970,2620,5680,5010,5580,2016
387,Columbio,18,7,470,15,1180,810,1490,2800,2410,2210,2016
388,Compostela (CU),4,1,1240,70,1500,1530,950,3180,2060,2850,2016
389,Compostela (DDO),4,1,540,17,1710,1340,1960,4780,3920,4150,2016
390,Concepcion (IO),8,1,450,37,3100,2170,1500,3540,3440,4310,2016
391,Concepcion,1,0,40,4,180,160,290,430,950,910,2016
392,Concepcion (RN),0,0,10,4,90,40,50,130,180,290,2016
393,Concepcion (TC),1,2,530,29,1160,840,1380,3760,3240,4010,2016
394,Conner,6,0,240,15,740,320,660,1180,2240,2060,2016
395,Consolacion,2,2,820,125,1840,1560,1490,5420,2490,3520,2016
396,Corcuera,1,0,30,4,290,240,150,490,810,1420,2016
397,Cordon,3,0,100,3,380,230,350,760,810,910,2016
398,Cordova,8,3,830,64,1210,1090,1590,2970,1500,2400,2016
399,Corella,0,0,20,3,150,80,190,570,340,460,2016
400,Coron,2,1,670,27,1050,800,1030,2800,2180,1770,2016
401,Cortes (BL),0,0,110,12,480,280,240,910,880,1290,2016
402,Cortes (SS),0,0,550,9,890,630,440,1070,1870,2420,2016
403,Cotabato,19,9,3650,100,2910,2550,5400,1196,6460,7520,2016
404,Cuartero,0,0,1570,24,630,610,430,1200,900,1530,2016
405,Cuenca,0,0,120,5,250,250,140,390,240,300,2016
406,Culaba,0,0,390,7,500,220,770,1460,1320,1620,2016
407,Culasi,5,0,1810,33,1490,1190,1540,3490,2980,3730,2016
408,Culion,2,0,180,3,1150,850,330,690,710,680,2016
409,Currimao,0,0,10,5,190,120,120,350,280,400,2016
410,Cuyapo,6,1,400,12,1110,770,990,1500,1930,2500,2016
411,Cuyo,1,0,240,5,410,420,310,1300,710,1090,2016
412,Daan Bantayan,10,1,1490,98,4000,3370,1720,6840,6730,9560,2016
413,Daet,0,1,220,15,1280,860,960,3470,1560,2480,2016
414,Dagami,4,1,370,8,1020,680,1020,1940,1710,2120,2016
415,Dagohoy,2,0,150,7,730,620,460,1520,1810,2020,2016
416,Daguioman,0,0,0,1,50,40,50,90,230,320,2016
417,Dagupan,2,1,470,44,1930,1640,1940,5740,2090,3370,2016
418,Dalaguete,4,1,1240,77,2050,1780,2490,7190,6540,7920,2016
419,Damulog,12,3,340,14,1300,660,1910,2390,3660,3260,2016
420,Danao (BL),0,0,140,12,1200,970,500,1830,2480,2970,2016
421,Danao (CU),15,8,1680,169,2860,2170,3100,8950,6800,8670,2016
422,Dangcagan,7,0,300,8,630,580,990,1580,2590,2590,2016
423,Danglas,1,0,30,2,50,50,80,230,250,410,2016
424,Dao,1,0,580,15,840,590,550,1610,1780,2480,2016
425,Dapa,3,0,170,8,1210,800,450,1140,2530,3980,2016
426,Dapitan,7,7,1260,76,3650,3440,3840,9470,8590,107,2016
427,Daraga,0,1,380,17,2050,1800,1260,3600,2990,3810,2016
428,Daram,10,2,640,10,2110,1690,2430,4580,4790,5490,2016
429,Dasmarinas,4,3,610,38,1730,1280,1730,6180,1440,2390,2016
430,Dasol,0,0,10,5,800,740,280,1010,1020,1220,2016
431,Datu Abdullah Sangki,6,0,100,7,110,70,560,1420,1360,860,2016
432,Datu Anggal Midtimbang,8,2,280,8,250,120,920,2340,1070,750,2016
433,Datu Blah Sinsuat,21,1,260,8,500,400,1340,2240,1860,1970,2016
434,Datu Hoffer Ampatuan,16,1,260,3,360,200,950,1310,1200,870,2016
435,Datu Odin Sinsuat,33,4,690,16,1180,880,3250,8640,6150,5490,2016
436,Datu Paglas,15,2,360,19,300,130,1330,2770,2770,2100,2016
437,Datu Piang,13,1,210,10,410,240,1650,3340,2260,1950,2016
438,Datu Salibo,10,3,250,7,280,230,980,2650,1300,830,2016
439,Datu Saudi-Ampatuan,2,6,210,8,220,150,2710,3900,2420,1900,2016
440,Datu Unsay,27,3,190,4,190,20,550,2560,1150,1190,2016
441,Dauin,2,0,1120,57,870,930,610,2100,1940,2950,2016
442,Dauis,3,0,410,30,660,580,420,2000,1320,2160,2016
443,Davao,44,11,4870,237,1504,1154,1482,4279,2549,2522,2016
444,Del Carmen,1,0,700,16,910,770,840,1900,2200,2680,2016
445,Delfin Albano,1,0,50,4,360,210,190,580,600,680,2016
446,Del Gallego,0,0,450,4,990,570,570,1110,1050,1350,2016
447,Diadi,3,0,260,3,460,460,390,730,530,600,2016
448,Diffun,1,0,240,13,830,660,530,1150,1380,1570,2016
449,Digos,5,1,930,43,1190,880,2140,5440,4000,4340,2016
450,Dilasag,4,1,160,5,1080,960,560,780,720,660,2016
451,Dimasalang,4,0,90,4,650,550,600,1680,1600,1880,2016
452,Dimataling,15,1,370,18,1940,1360,1470,2920,2830,2920,2016
453,Dimiao,1,0,170,7,650,760,500,1180,1800,2000,2016
454,Dinagat,0,0,90,12,520,450,200,1010,2190,2510,2016
455,Dinalungan,1,0,120,3,330,240,340,640,520,550,2016
456,Dinalupihan,3,0,2780,62,770,580,1170,2960,1510,1600,2016
457,Dinapigue,1,0,20,1,100,60,120,150,260,310,2016
458,Dinas,12,1,380,17,680,710,1780,4410,3900,4370,2016
459,Dingalan,0,0,950,9,460,170,450,1190,940,1050,2016
460,Dingle,5,0,1400,23,970,970,980,1900,3560,4320,2016
461,Dingras,0,0,90,8,550,390,380,920,1200,1210,2016
462,Dipaculao,1,0,130,7,590,570,600,1000,730,1030,2016
463,Diplahan,9,2,350,13,760,420,1650,2830,2500,2370,2016
464,Dipolog,7,2,2740,87,2150,1990,2490,8360,4790,6040,2016
465,Ditsaan-Ramain,8,3,190,7,410,340,1190,3560,1210,1180,2016
466,Divilacan,4,0,20,1,100,50,70,290,330,260,2016
467,Dolores (AA),0,0,190,7,250,230,180,330,410,500,2016
468,Dolores (ES),11,0,270,18,1810,1520,1560,3910,3250,3860,2016
469,Dolores (QN),0,0,470,6,280,220,200,360,240,600,2016
470,Don Carlos,22,3,690,45,1780,920,2830,5340,5710,5290,2016
471,Don Marcelino,11,1,410,5,920,710,1950,4600,4370,4720,2016
472,Donsol,2,0,590,5,1920,1730,1090,3230,2740,3740,2016
473,Don Victoriano Chiongbian,1,1,60,7,150,60,580,900,1240,1270,2016
474,Dona Remedios Trinidad,3,1,760,6,490,350,460,980,490,700,2016
475,Duero,3,1,140,8,550,310,570,1340,1870,2090,2016
476,Duenas,2,0,830,19,920,700,510,1430,2190,2870,2016
477,Dulag,6,4,810,48,1890,1570,1750,4540,2680,3830,2016
478,Dumaguete,3,1,1390,105,2060,1670,850,3360,1870,2420,2016
479,Dumalag,2,0,330,13,430,380,570,1040,1650,1810,2016
480,Dumalinao,3,0,250,17,1600,1440,940,2060,3200,3230,2016
481,Dumalneg,0,0,10,0,90,60,20,30,160,120,2016
482,Dumangas,1,1,1740,28,1730,1340,1160,2540,2460,3160,2016
483,Dumanjug,3,1,390,45,1710,1520,1700,5760,5920,6460,2016
484,Dumaran,1,1,60,3,520,490,580,1200,1230,1280,2016
485,Dumarao,7,0,620,27,1060,810,1100,2740,2970,3430,2016
486,Dumingag,15,4,580,23,2060,1640,2410,4810,4790,4660,2016
487,Dupax Del Norte,1,0,190,5,550,550,210,540,1310,1220,2016
488,Dupax Del Sur,1,0,130,3,380,270,330,500,930,890,2016
489,Echague,3,1,90,5,880,880,810,1560,1290,1700,2016
490,El Nido,5,0,310,19,1410,990,910,1870,1900,1590,2016
491,El Salvador,3,0,790,24,1780,1470,1210,3770,3090,3540,2016
492,Enrile,0,1,70,2,190,260,470,1060,950,1340,2016
493,E. B. Magalona,10,1,860,68,1700,1250,2490,5250,3630,4590,2016
494,Enrique Villanueva,0,0,100,10,180,110,130,570,640,790,2016
495,Escalante,7,1,1650,40,3130,2660,2670,4970,5250,5590,2016
496,Esperanza (AS),7,3,640,21,4440,3900,1600,3840,5820,6040,2016
497,Esperanza (MS),4,0,30,3,480,480,480,1300,1260,1830,2016
498,Esperanza (SK),13,6,2090,28,1910,1850,1650,3710,3240,3840,2016
499,Estancia,5,0,1350,38,2710,1630,960,3020,1810,2580,2016
500,Famy,0,0,0,0,200,70,130,450,180,140,2016
501,Ferrol,1,0,40,7,120,130,280,720,600,930,2016
502,Flora,3,0,260,2,710,410,200,430,860,960,2016
503,Floridablanca,6,0,1830,30,840,580,570,1880,1420,1580,2016
504,Gabaldon,1,0,500,5,460,310,570,1120,910,1140,2016
505,Gainza,0,0,30,2,260,430,290,410,460,650,2016
506,Galimuyod,0,1,20,2,280,280,80,260,420,500,2016
507,Gamay,6,0,220,5,660,540,740,1620,2130,2350,2016
508,Gamu,0,0,10,3,200,100,140,320,450,490,2016
509,Ganassi,8,1,220,16,200,130,1870,4800,1030,1120,2016
510,Gandara,2,1,530,10,1590,1630,1110,2500,3470,4070,2016
511,Gapan,0,0,3850,37,960,930,780,1870,1610,2290,2016
512,Garchitorena,3,0,260,9,1430,1080,1640,3220,2510,2940,2016
513,Garcia-Hernandez,0,0,550,21,660,540,660,1900,1760,2550,2016
514,Gasan,6,0,520,5,740,810,700,1650,1220,1790,2016
515,Gattaran,4,0,230,5,840,730,670,970,1980,2290,2016
516,Gen. Emilio Aguinaldo,0,0,0,2,180,180,60,240,130,200,2016
517,General Luna (QN),1,2,640,9,540,550,350,620,780,1040,2016
518,General Luna  (SN),1,0,250,10,500,690,750,1810,1720,2890,2016
519,General Macarthur,2,1,160,17,1690,1530,520,1010,1600,1640,2016
520,General Mamerto Natividad,3,0,950,15,400,320,390,890,880,1240,2016
521,General Nakar,5,0,300,0,510,490,600,840,1020,890,2016
522,General Santos,25,5,2510,101,5070,3610,5510,1572,8200,8690,2016
523,General Tinio,1,0,270,3,450,280,370,1030,780,1230,2016
524,General Trias,0,0,40,10,520,600,330,1730,610,780,2016
525,Gen. Mariano Alvarez,0,0,160,23,900,760,870,3010,840,1640,2016
526,Gen S.K Pendatun,19,1,300,15,690,400,1470,3790,3400,2760,2016
527,Gerona,2,0,420,16,730,670,940,2140,2260,2760,2016
528,Getafe,2,1,290,23,740,580,860,2130,3220,4060,2016
529,Gigaquit,3,2,860,52,1050,800,720,2470,2240,3070,2016
530,Gigmoto,1,0,50,0,240,180,230,470,460,640,2016
531,Ginatilan,3,0,290,21,390,390,430,1540,1990,2640,2016
532,Gingoog,18,8,3110,161,6910,5100,8970,1839,1254,1489,2016
533,Giporlos,1,1,210,4,370,300,580,700,1490,1330,2016
534,Gitagum,0,0,310,17,550,570,550,1150,2070,2840,2016
535,Glan,27,3,1060,34,2440,1380,2860,5100,7290,6230,2016
536,Gloria,4,1,210,7,1040,810,670,2100,1280,1600,2016
537,Goa,5,0,1360,26,1890,1600,1590,3860,3230,3760,2016
538,Godod,5,1,330,8,700,540,1010,1790,2630,2990,2016
539,Gonzaga,1,0,140,8,320,220,490,530,1210,1300,2016
540,Governor Generoso,5,0,300,13,1490,860,1560,3860,4370,4200,2016
541,Gregorio Del Pilar,0,0,10,2,120,140,20,90,220,300,2016
542,Guagua,2,0,1240,47,670,470,460,1490,870,1250,2016
543,Gubat,1,0,160,12,1030,990,1070,2780,2850,3640,2016
544,Guiguinto (BU),0,0,370,7,340,200,240,790,440,520,2016
545,Guihulngan,23,1,3900,138,3670,3380,3800,8480,1173,1266,2016
546,Guimba,7,1,450,18,1300,1190,1550,3380,3620,4610,2016
547,Guimbal,1,0,620,23,680,580,470,870,1180,1390,2016
548,Guinayangan,0,0,1260,23,840,1040,530,1470,890,1340,2016
549,Guindulman,0,1,770,37,790,560,400,1160,2940,3810,2016
550,Guindulungan,9,1,150,8,290,160,1390,2370,1350,1190,2016
551,Guinobatan,3,2,340,13,3740,3390,1520,4230,3480,4310,2016
552,Guinsiliban,1,0,140,11,280,140,390,960,840,1270,2016
553,Guipos,5,0,230,8,740,510,1170,2190,2210,2070,2016
554,Guiuan,2,1,640,18,1320,1110,910,2180,2670,2580,2016
555,Gumaca,1,1,1550,26,1200,1050,690,1790,1220,1720,2016
556,Gutalac,8,0,510,15,1970,1380,1920,4050,4620,4410,2016
557,Hadji Mohammad Ajul,16,2,200,9,150,60,1270,4240,1430,1470,2016
558,Hadji Muhtamad,11,5,850,15,170,90,940,1070,1080,1170,2016
559,Hadji Panglima Tahil,3,0,130,4,60,80,360,860,530,550,2016
560,Hagonoy (BU),6,0,1120,29,1920,1190,830,2000,1880,2400,2016
561,Hagonoy (DS),4,3,730,26,940,750,1290,3350,2640,2710,2016
562,Hamtic,10,1,1110,33,1810,2070,1290,3660,2850,3810,2016
563,Hermosa,2,1,1790,34,720,410,610,2260,1050,1220,2016
564,Hernani,0,0,130,4,270,190,320,910,760,850,2016
565,Hilongos,7,1,390,54,3870,3930,1810,4760,6160,6590,2016
566,Himamaylan,12,1,1790,37,2910,2550,2770,6630,4600,5530,2016
567,Hinabangan,1,0,60,2,290,180,780,1270,1270,1140,2016
568,Hinatuan,5,3,650,22,1990,1370,1940,4500,5250,5710,2016
569,Hindang,0,0,80,10,210,170,500,1560,1680,1870,2016
570,Hingyon,0,0,70,4,210,180,130,370,470,520,2016
571,Hinigaran,7,2,1100,51,2060,1490,1970,4420,3580,4560,2016
572,Hinobaan,10,4,870,42,3290,2220,3190,6400,6120,5670,2016
573,Hinunangan,1,2,220,20,650,610,1110,1670,1880,2180,2016
574,Hinundayan,0,0,50,2,150,110,260,600,720,780,2016
575,Hungduan,1,0,60,4,550,560,100,430,540,680,2016
576,Iba,1,0,380,9,370,310,410,1120,690,790,2016
577,Ibaan,0,0,170,8,370,300,160,510,450,710,2016
578,Ibajay,8,4,2470,61,1580,1570,840,1680,3480,4750,2016
579,Igbaras,0,0,820,14,590,720,640,870,2040,2540,2016
580,Iguig,5,0,70,2,290,220,150,480,610,970,2016
581,Ilagan,11,1,470,22,1970,1440,1930,3620,3550,4320,2016
582,Iligan,44,17,5100,289,7870,6110,8050,2143,145,1562,2016
583,Ilog,7,0,2720,31,2240,1950,1680,3360,3340,3550,2016
584,Iloilo,6,3,1519,362,4650,3820,4700,1238,4430,6680,2016
585,Imelda,3,0,240,6,420,230,750,1860,1610,1920,2016
586,Impasug-Ong,11,1,680,26,1110,800,1860,3390,3950,3600,2016
587,Imus,0,0,120,6,650,420,640,2250,740,970,2016
588,Inabanga,6,1,680,70,2810,2560,1760,4900,6320,8730,2016
589,Indanan,31,4,1080,39,2050,1960,6210,1278,5840,6310,2016
590,Indang,1,0,290,2,210,210,180,610,270,440,2016
591,Infanta (PS),3,0,340,4,510,440,460,620,740,820,2016
592,Infanta (QN),2,0,1240,13,800,590,630,1400,1230,1300,2016
593,Initao,9,2,1010,43,890,730,1280,3510,3570,4740,2016
594,Inopacan,2,0,130,8,570,310,600,1770,1640,1750,2016
595,Ipil,21,3,1300,43,1390,1180,2080,4870,4300,4310,2016
596,Iriga,7,0,300,22,2120,1720,1600,4520,3130,4040,2016
597,Irosin,2,0,380,15,1550,1390,1120,2920,2290,3130,2016
598,Isabel,4,0,250,3,340,220,380,1060,840,1000,2016
599,Isabela (BAS),43,6,1150,62,1570,1410,3770,115,7410,9060,2016
600,Isabela (NO),17,1,2130,57,2620,2190,2120,4600,3850,4360,2016
601,Igacos,5,0,590,39,2230,1570,1780,5200,6320,6420,2016
602,Isulan,18,2,820,28,2470,1710,1560,3720,2550,3030,2016
603,Itbayat,0,0,0,0,30,10,10,110,50,50,2016
604,Itogon,0,0,120,4,650,400,290,1060,930,1200,2016
605,Ivana,0,0,0,0,0,0,0,30,0,0,2016
606,Ivisan,2,0,1000,22,440,390,390,950,680,1010,2016
607,Jabonga,5,2,390,11,1270,1090,850,1990,2840,3500,2016
608,Jaen,4,1,860,18,990,810,770,2010,1630,2340,2016
609,Jagna,1,0,620,34,1140,960,710,1710,2530,3310,2016
610,Jalajala,0,0,40,4,360,400,250,850,470,500,2016
611,Jamindan,0,0,730,28,790,670,740,2040,1780,2190,2016
612,Janiuay,11,1,1070,55,3740,3390,1100,2120,5030,6700,2016
613,Jaro,5,1,690,20,1450,950,1280,3240,3460,5040,2016
614,Jasaan,4,1,580,49,2070,1320,1890,5100,4070,4950,2016
615,Javier,2,3,310,8,400,460,460,970,980,1220,2016
616,Jiabong,3,0,960,8,500,500,290,480,1390,1390,2016
617,Jimalalud,7,1,690,70,1380,1020,1090,2770,5720,6760,2016
618,Jimenez,4,0,280,22,980,820,830,1980,2300,3290,2016
619,Jipapad,2,0,70,3,130,70,200,330,500,550,2016
620,Jolo,20,8,940,83,1550,1160,2880,9880,3760,4760,2016
621,Jomalig,0,0,630,2,290,140,340,610,380,410,2016
622,Jones,2,0,110,1,510,470,480,690,980,1090,2016
623,Jordan,3,0,690,20,810,780,530,1430,1460,2130,2016
624,Jose Abad Santos,17,1,910,10,1890,1020,3320,6410,7990,7380,2016
625,Jose Dalman,13,1,240,18,1510,1170,1530,2820,3350,3480,2016
626,Josefina,2,0,80,11,210,210,490,1290,1180,1130,2016
627,Jose Panganiban,2,2,190,9,1860,1170,1310,3670,2330,2750,2016
628,Jovellar,1,0,40,4,920,720,470,1420,1160,1440,2016
629,Juban,0,0,110,9,1280,1020,830,1740,1780,1970,2016
630,Julita,2,0,590,15,950,670,900,2000,1080,1550,2016
631,Kabacan,20,3,530,37,1680,1520,2690,6070,4600,5400,2016
632,Kabankalan,36,7,2620,88,4990,4290,5790,1175,9450,9930,2016
633,Kabasalan,7,3,490,13,970,960,1890,4340,3570,4100,2016
634,Kabayan,0,0,60,6,390,320,240,470,750,860,2016
635,Kabugao,7,1,490,11,900,890,1080,2220,2630,2870,2016
636,Kabuntalan,13,1,340,8,710,500,1200,2530,2060,2030,2016
637,Kadingilan,10,0,570,23,690,530,2010,3170,4880,4780,2016
638,Kalamansig,11,2,340,15,940,660,2210,3370,3370,3400,2016
639,Kalawit,5,3,330,29,520,520,1040,1930,2400,1960,2016
640,Kalayaan (LA),0,0,20,2,370,170,230,620,300,500,2016
641,Kalayaan (PN),0,0,0,0,0,0,0,0,0,0,2016
642,Kalibo,1,0,2060,62,820,800,1150,1550,1110,1740,2016
643,Kalilangan,5,2,500,16,1010,800,1700,3760,2800,3190,2016
644,Kalingalan Caluang,24,2,390,39,630,510,2090,5480,2610,2600,2016
645,Kananga,8,2,820,31,1260,1020,1770,3370,3180,3210,2016
646,Kapai,7,2,40,3,140,100,810,2530,770,430,2016
647,Kapalong,8,0,290,7,920,610,1490,3340,3220,3020,2016
648,Kapangan,2,0,430,6,810,470,260,520,1340,1460,2016
649,Kapatagan (LN),18,4,810,59,1930,1380,3820,6940,5130,6000,2016
650,Kapatagan (LS),13,1,230,10,380,310,1580,3760,1530,1490,2016
651,Kasibu,0,0,230,7,840,750,600,1200,1850,1600,2016
652,Katipunan,10,0,880,51,1390,1050,1940,4360,4100,5140,2016
653,Kauswagan,10,0,350,23,1240,890,1100,2930,2150,2670,2016
654,Kawayan,2,0,2540,18,220,170,380,1120,1100,1560,2016
655,Kawit,1,0,30,2,300,180,490,1250,570,620,2016
656,Kayapa,1,0,200,13,1030,600,510,960,1620,1730,2016
657,Kiamba,16,1,470,19,1410,920,2160,3700,3120,2940,2016
658,Kiangan,0,0,150,8,640,390,250,900,830,1070,2016
659,Kibawe,13,2,560,17,1200,920,1410,2980,4510,4180,2016
660,Kiblawan,10,2,540,21,1660,1260,980,2300,3190,3040,2016
661,Kibungan,1,0,40,4,390,350,280,670,1270,1030,2016
662,Kidapawan,10,2,670,31,1770,1310,1980,4820,3820,3520,2016
663,Kinoguitan,1,2,110,30,690,650,920,2070,1430,2080,2016
664,Kitaotao,27,2,670,24,1710,1110,1880,3400,4200,4180,2016
665,Kitcharao,3,1,280,11,870,580,570,1630,1390,1870,2016
666,Kolambugan,10,0,270,14,850,570,1470,3100,2360,2760,2016
667,Koronadal,10,3,780,41,2020,1430,2350,5360,3800,3970,2016
668,Kumalarang,9,2,470,20,800,680,1120,2520,2580,2810,2016
669,Laak,8,3,600,16,1530,970,1700,4040,6110,4920,2016
670,Labangan,12,1,310,12,1040,610,1870,3560,2450,2790,2016
671,Labason,14,1,790,40,1320,930,2720,4900,4100,4120,2016
672,Labo,6,0,400,9,2400,2100,1630,4580,3480,4200,2016
673,Labrador,2,0,130,6,430,350,210,1260,430,710,2016
674,La Carlota,6,2,1040,38,1770,1310,2100,4870,3600,4620,2016
675,La Castellana,13,1,1250,38,2550,2000,2370,5540,4200,4890,2016
676,Lacub,1,0,50,4,240,120,140,300,570,550,2016
677,Lagangilang,0,1,110,7,620,570,420,870,1030,1400,2016
678,Lagawe,0,0,40,1,410,350,200,610,580,550,2016
679,Lagayan,0,0,40,0,140,180,140,470,310,390,2016
680,Lagonglong,6,3,440,44,1010,660,1270,3380,2510,3260,2016
681,Lagonoy,2,2,340,17,1740,1500,2030,5570,3610,4550,2016
682,Laguindingan,5,0,450,25,610,460,850,1770,2220,2410,2016
683,Lake Sebu,40,0,760,19,1570,1500,1810,4080,5270,4740,2016
684,Lakewood,4,0,370,19,520,310,940,1930,2230,2190,2016
685,Lala,11,0,780,60,2740,2520,3210,7560,6270,8570,2016
686,La Libertad (NR),9,1,590,91,3520,3620,1370,4450,6520,7400,2016
687,La Libertad (ZN),3,1,150,12,300,330,460,1230,1040,1380,2016
688,Lallo,3,0,80,3,850,880,450,640,1170,1610,2016
689,Lambayong,22,0,490,20,1610,870,1660,3910,3830,4330,2016
690,Lambunao,7,0,1530,33,2980,2510,1730,3610,5040,5830,2016
691,Lamitan,16,1,630,17,1330,1410,2790,7320,3880,4060,2016
692,Lamut,1,0,40,2,300,220,190,610,440,550,2016
693,Langiden,0,0,0,1,50,50,90,220,210,210,2016
694,Languyan,5,1,300,10,530,590,780,1670,2210,2050,2016
695,Lantapan,7,2,830,30,1380,910,2410,5170,4230,4530,2016
696,Lantawan,10,0,220,4,400,180,1060,1470,1220,1010,2016
697,Lanuza,1,0,250,7,570,720,570,1270,1590,2020,2016
698,Laoac,0,0,90,7,440,390,340,760,970,1180,2016
699,Laoag,1,0,50,19,590,390,470,1520,1010,1310,2016
700,Laoang,5,0,1440,21,2260,2330,2160,4220,5500,7080,2016
701,La Paz (AA),2,0,210,9,430,410,280,610,870,1090,2016
702,La Paz (AS),7,9,550,34,2280,1780,1200,2730,3620,3790,2016
703,La Paz (LE),1,0,170,11,1210,980,1030,1920,1310,1730,2016
704,La Paz (TC),7,0,470,10,540,490,1010,2340,1570,2270,2016
705,Lapinig,4,1,210,6,910,780,1110,1780,2040,2230,2016
706,Lapu Lapu,13,5,1044,418,5140,4140,4000,1478,7260,9720,2016
707,Lapuyan,10,2,310,20,1500,1290,1840,3650,3370,3670,2016
708,Larena,0,0,600,18,260,190,330,1220,890,1240,2016
709,Lasam,4,1,80,2,350,370,180,300,1200,1500,2016
710,Las Navas,13,0,150,8,970,780,740,1580,2680,2980,2016
711,Las Nieves,3,1,410,18,2310,1910,1560,3220,3240,3270,2016
712,Las Pinas,2,2,2490,89,1190,830,1320,3960,990,1550,2016
713,La Trinidad,0,0,120,4,510,330,140,470,430,490,2016
714,Laua-An,5,0,3490,47,2990,2730,1040,2310,2850,4080,2016
715,Laur,3,0,170,12,450,360,540,1260,850,1450,2016
716,Laurel,1,0,180,5,380,340,270,510,610,920,2016
717,Lavezares,4,1,190,4,990,500,630,2360,1810,1970,2016
718,Lawaan,1,0,250,14,260,210,430,740,980,970,2016
719,Lazi,1,1,330,31,860,650,1150,3610,3370,4110,2016
720,Lebak,25,2,1000,33,2490,1410,3110,6060,6350,6460,2016
721,Leganes,1,0,540,9,380,360,580,1530,960,1460,2016
722,Legazpi,1,0,1310,60,4150,3270,2550,6820,4740,6580,2016
723,Lemery (BS),0,0,600,22,830,530,580,1550,950,1260,2016
724,Lemery (IO),6,0,2250,41,1690,1440,1280,2550,2380,2870,2016
725,Leon,6,1,1100,54,1660,1870,670,1860,3930,5140,2016
726,Leyte,4,1,240,9,670,530,830,1760,2170,2340,2016
727,Lezo,2,0,190,3,330,300,200,640,650,1020,2016
728,Lian,0,0,570,6,390,320,450,1460,830,1260,2016
729,Lianga,6,1,790,18,910,630,1330,2970,3380,3770,2016
730,Libacao,4,3,930,10,1860,1520,930,1670,3700,4060,2016
731,Libagon,1,1,350,11,730,720,560,1510,1800,1950,2016
732,Libertad (AE),3,0,1440,23,780,600,410,1350,1620,2110,2016
733,Libertad (MO),2,0,230,8,300,220,470,1230,1360,1800,2016
734,Libjo,3,0,190,22,1260,1300,690,2090,3590,3640,2016
735,Libmanan,8,2,470,20,2750,2210,2470,5820,5180,6360,2016
736,Libon,7,0,470,10,2220,1980,1810,4580,4320,5390,2016
737,Libona,11,0,360,22,1360,920,1470,3010,3180,3220,2016
738,Libungan,10,2,740,22,1300,810,1340,3740,3420,3350,2016
739,Licab,2,0,210,1,450,390,260,690,890,1380,2016
740,Licuan-Baay,0,0,90,3,220,120,110,400,570,670,2016
741,Lidlidda,0,0,80,0,40,60,50,80,110,130,2016
742,Ligao,1,2,350,18,2970,2300,2350,5900,4860,5950,2016
743,Lila,1,0,100,9,290,220,410,670,1390,1560,2016
744,Liliw,0,0,40,2,150,100,180,360,250,300,2016
745,Liloan (CU),4,0,4600,136,1740,1420,1650,4980,2610,3380,2016
746,Liloan (SL),1,0,480,12,700,570,770,1910,2350,2530,2016
747,Liloy,2,1,830,39,800,800,1490,4170,4190,4400,2016
748,Limasawa,0,0,30,1,40,60,70,220,240,410,2016
749,Limay,2,2,1510,14,800,850,560,900,630,640,2016
750,Linamon,6,1,180,10,660,650,820,2190,1480,2130,2016
751,Linapacan,2,0,170,2,520,430,260,550,470,540,2016
752,Lingayen,5,0,590,22,1200,1200,840,3240,2590,3650,2016
753,Lingig,5,0,950,10,2050,1260,1600,2130,4850,4560,2016
754,Lipa,1,0,2170,39,1860,1340,750,2390,1420,2010,2016
755,Llanera,3,0,540,5,340,400,390,800,970,1350,2016
756,Llorente,3,0,180,7,610,500,590,1370,2360,2460,2016
757,Loay,1,0,110,12,410,350,330,1340,1230,1850,2016
758,Lobo,0,0,320,7,540,340,160,540,530,690,2016
759,Loboc,0,0,220,9,500,490,230,900,850,1320,2016
760,Looc (OM),1,0,30,0,240,220,160,330,280,450,2016
761,Looc (RN),0,1,430,10,590,540,590,1760,1280,2070,2016
762,Loon,4,0,920,31,1620,1310,490,2060,3890,5470,2016
763,Lope De Vega,3,0,190,3,1480,1210,920,1210,1720,1630,2016
764,Lopez,2,0,3560,39,1820,1600,1220,2870,2710,3660,2016
765,Lopez Jaena,3,5,360,40,1970,1740,1760,4560,4140,5050,2016
766,Loreto (AS),8,3,690,24,2590,1660,1570,2810,4620,4060,2016
767,Loreto (DI),0,0,130,13,300,240,220,390,1540,1320,2016
768,Los Banos,1,0,110,11,420,470,250,1030,400,600,2016
769,Luba,0,0,110,1,70,70,130,150,530,520,2016
770,Lubang,0,2,130,1,320,320,210,450,590,870,2016
771,Lubao,6,0,1930,41,850,650,1430,3160,2860,3560,2016
772,Lubuagan,0,1,150,10,490,280,360,910,1380,1560,2016
773,Lucban,0,0,190,10,180,240,180,460,180,300,2016
774,Lucena,1,1,5570,250,1940,1360,1340,4050,1490,2260,2016
775,Lugait,2,1,190,29,1270,960,540,1570,1770,1930,2016
776,Lugus,11,5,280,25,330,170,1300,2510,1760,1750,2016
777,Luisiana,0,0,30,1,120,90,100,360,200,220,2016
778,Lumba-Bayabao,20,1,280,20,280,160,2970,8260,1750,1870,2016
779,Lumbaca-Unayan,9,1,90,8,270,260,450,1830,660,480,2016
780,Lumban,2,0,30,1,200,130,140,720,250,390,2016
781,Lumbatan,3,2,380,31,290,190,1910,6020,1700,1940,2016
782,Lumbayanague,13,6,130,14,280,200,1250,3550,1030,890,2016
783,Luna (AO),0,0,440,5,340,250,400,760,980,1060,2016
784,Luna (IA),1,0,20,0,190,60,310,240,270,420,2016
785,Luna (LU),0,0,60,8,290,220,290,750,750,1140,2016
786,Lupao,1,0,160,14,350,620,290,810,940,1400,2016
787,Lupi,4,0,270,6,1300,1320,810,1480,1530,2020,2016
788,Lupon,2,3,520,42,1540,1220,1420,3510,4520,4120,2016
789,Lutayan,13,1,550,9,1520,1480,1460,2560,2330,1870,2016
790,Luuk,24,3,500,24,1210,1210,1530,4370,2700,2930,2016
791,Maasim,15,1,510,18,1050,860,1480,3290,3040,2990,2016
792,Maasin (IO),3,0,840,27,1150,1190,1020,2090,2400,3080,2016
793,Maasin (SL),6,1,860,33,930,1050,1150,3760,3960,4440,2016
794,Ma-Ayon,5,0,5580,41,870,830,1560,3000,2430,3360,2016
795,Mabalacat,5,1,2890,38,320,250,860,2460,860,880,2016
796,Mabinay,17,7,1280,78,2370,1820,3130,6630,8580,8080,2016
797,Mabini (BS),0,0,490,9,350,310,170,450,230,370,2016
798,Mabini (BL),2,0,360,23,1220,970,910,2370,4720,5530,2016
799,Mabini (CV),2,0,200,11,690,620,670,2010,1880,1860,2016
800,Mabini (PS),0,0,150,6,740,620,480,1200,1300,1600,2016
801,Mabitac,0,0,20,2,130,240,280,830,290,360,2016
802,Mabuhay,12,0,260,9,570,440,900,1950,1620,1540,2016
803,Macabebe,2,1,370,15,830,590,580,1600,1490,2160,2016
804,Macalelon,0,0,380,10,840,580,510,1220,1050,1250,2016
805,Macarthur,1,0,500,4,590,610,590,1160,960,1090,2016
806,Maco,0,2,270,14,1970,1380,1910,4040,4710,4690,2016
807,Maconacon,0,0,50,1,130,80,130,220,360,310,2016
808,Macrohon,0,0,90,9,150,80,90,420,1220,1290,2016
809,Madalag,4,0,340,13,840,690,590,1050,2370,2860,2016
810,Madalum,11,5,270,19,210,60,1570,4450,1520,1310,2016
811,Madamba,9,4,170,12,170,130,1410,3410,1070,960,2016
812,Maddela,2,0,140,4,420,350,320,560,890,910,2016
813,Madrid,1,1,1070,10,530,390,660,1620,1410,1980,2016
814,Madridejos,4,2,3160,92,1310,1300,1090,2730,2960,3400,2016
815,Magalang,2,0,890,32,730,630,980,2500,1350,1710,2016
816,Magallanes (AN),1,0,220,13,550,470,420,1070,1520,1360,2016
817,Magallanes (CE),1,0,0,1,260,260,120,420,250,410,2016
818,Magallanes (SO),3,1,350,5,1630,1230,960,2300,1820,2780,2016
819,Magarao,1,0,160,8,700,620,380,1240,740,1020,2016
820,Magdalena,0,0,10,1,310,270,200,660,170,210,2016
821,Magdiwang,1,0,70,5,280,170,250,960,850,940,2016
822,Magpet,17,1,410,21,1230,750,1370,2560,3130,2780,2016
823,Magsaysay (DS),4,1,170,10,1200,600,1970,4160,3560,3840,2016
824,Magsaysay (LN),10,0,150,10,830,650,1320,3480,1660,2040,2016
825,Magsaysay (MO),6,4,2330,68,2180,1670,2240,4490,4440,5370,2016
826,Magsaysay (OM),11,0,750,28,1300,1010,1260,3070,1840,2120,2016
827,Magsaysay (PN),0,0,130,7,350,350,300,950,580,930,2016
828,Magsingal,1,0,120,5,420,440,220,450,690,1190,2016
829,Maguing,13,2,220,4,300,50,1090,3540,1370,1020,2016
830,Mahaplag,3,1,360,8,740,710,1030,2100,2140,2130,2016
831,Mahatao,0,0,0,2,0,10,0,30,0,10,2016
832,Mahayag,6,3,680,32,2270,2000,2250,5300,4880,5240,2016
833,Mahinog,2,0,130,15,520,380,580,1520,1680,2060,2016
834,Maigo,3,1,400,25,950,730,1780,2970,1990,2550,2016
835,Maimbung,41,6,610,37,730,840,3730,9110,4180,4090,2016
836,Mainit,6,1,1070,31,1470,1210,810,1760,2240,3270,2016
837,Maitum,11,0,270,13,1090,1050,1540,2770,2120,1870,2016
838,Majayjay,0,0,80,0,320,250,190,500,340,380,2016
839,Makati,2,1,3200,164,1080,760,830,3730,900,1660,2016
840,Makato,2,0,1220,51,810,610,330,700,1800,2710,2016
841,Makilala,7,0,500,15,1590,1050,2250,4730,3840,3810,2016
842,Malabang,14,1,350,22,680,580,1350,6150,2260,2670,2016
843,Malabon,3,4,6650,261,1740,1470,2160,6000,1800,3160,2016
844,Malabuyoc,1,0,240,21,630,610,640,2410,2710,3430,2016
845,Malalag,4,5,350,19,890,560,1160,2870,3170,3340,2016
846,Malangas,7,2,370,10,960,870,1770,3540,3430,3740,2016
847,Malapatan,24,1,960,32,1640,1020,2810,5470,4510,3870,2016
848,Malasiqui,3,0,550,37,1800,1560,1720,3980,3850,5510,2016
849,Malay,1,0,1160,20,420,490,370,850,530,670,2016
850,Malaybalay,33,3,5400,112,5380,3460,3980,9030,1074,1088,2016
851,Malibcong,0,0,50,0,160,80,80,260,460,450,2016
852,Malilipot,1,0,130,11,970,770,690,1870,1510,1850,2016
853,Malimono,0,0,160,13,1730,1710,580,1450,2420,3170,2016
854,Malinao (AK),1,0,1580,19,860,630,550,1150,1540,1940,2016
855,Malinao (AY),4,1,210,12,1950,1530,1070,2840,2640,3080,2016
856,Malita,34,3,1540,51,2210,1470,3430,9400,9040,9370,2016
857,Malitbog (BK),10,2,370,20,640,380,1390,2350,2580,3000,2016
858,Malitbog (SL),2,0,150,14,510,420,500,1750,2140,2260,2016
859,Mallig,1,0,30,1,180,130,130,310,820,740,2016
860,Malolos,0,0,1310,46,1040,860,710,1780,770,1130,2016
861,Malungon,29,5,970,42,2360,1560,3010,7090,6700,6420,2016
862,Maluso,16,3,420,16,1590,1410,1790,4910,2420,2630,2016
863,Malvar,0,0,160,2,400,270,140,370,250,350,2016
864,Mamasapano,16,4,280,18,420,420,1020,2970,2330,1850,2016
865,Mambajao,3,1,270,18,910,690,890,2800,2850,3550,2016
866,Mamburao,3,1,340,4,580,500,530,1040,1020,1210,2016
867,Mambusao,2,0,350,28,630,440,440,1310,1770,2440,2016
868,Manabo,0,0,40,4,120,120,280,580,540,600,2016
869,Manaoag,3,1,290,12,610,480,720,2120,1650,2450,2016
870,Manapla,1,0,3810,38,1650,1280,1400,3630,2100,3060,2016
871,Manay,3,1,190,11,940,600,640,1700,3560,3130,2016
872,Mandaluyong,1,1,2860,146,460,560,590,2450,720,1280,2016
873,Mandaon,4,2,310,10,1160,800,880,2170,2110,2400,2016
874,Mandaue,3,2,6800,382,3170,2540,1580,8060,1740,2810,2016
875,Mangaldan,1,1,270,18,760,660,1370,3080,1720,2540,2016
876,Mangatarem,1,0,160,7,1260,1220,930,2370,1860,2530,2016
877,Mangudadatu,17,2,50,6,60,60,370,730,990,690,2016
878,Manila,30,14,14797,1217,11660,9470,12610,25917,9860,18250,2016
879,Manito,1,0,60,4,1030,820,510,1470,1590,2020,2016
880,Manjuyod,6,2,640,41,1500,1120,1070,2160,5110,5690,2016
881,Mankayan,3,1,110,5,910,740,320,610,740,550,2016
882,Manolo Fortich,17,1,1190,66,2330,1720,3510,7340,4910,5410,2016
883,Mansalay,16,0,560,27,1440,800,1760,3510,3170,3140,2016
884,Manticao,2,0,330,18,1060,650,990,2320,3000,3000,2016
885,Manukan,6,3,1570,49,2990,2240,1990,4280,4960,6090,2016
886,Mapanas,3,0,760,9,2980,2910,700,1000,1580,1690,2016
887,Mapandan,0,0,180,3,150,220,180,740,550,800,2016
888,Mapun,12,2,170,10,370,250,1150,1730,1640,1720,2016
889,Marabut,4,1,200,7,930,740,830,1580,1970,2120,2016
890,Maragondon,0,0,20,1,410,300,350,870,350,510,2016
891,Maragusan,9,0,310,2,650,540,1600,3020,2730,2690,2016
892,Maramag,15,3,970,48,2290,1880,2940,7150,6550,6590,2016
893,Marantao,23,9,660,46,560,450,2840,9290,2890,3530,2016
894,Marawi,30,7,5190,77,4250,2940,1557,2741,5510,5460,2016
895,Marcos,0,0,70,8,280,250,220,240,690,650,2016
896,Margosatubig,10,0,360,7,620,540,1150,2960,2900,3010,2016
897,Maria,4,0,380,26,470,270,440,1210,2230,2700,2016
898,Maria Aurora,2,0,370,1,750,620,550,1010,940,1140,2016
899,Maribojoc,0,0,70,14,290,310,180,850,1280,1680,2016
900,Marihatag,4,0,300,11,1080,700,1100,2100,2560,3010,2016
901,Marikina,1,1,1150,72,450,370,560,2060,450,770,2016
902,Marilao,2,1,310,35,430,400,1050,2570,770,860,2016
903,Maripipi,0,0,0,8,90,60,110,180,490,580,2016
904,Mariveles,2,1,3770,51,1210,950,720,2200,1150,1570,2016
905,Marogong,14,8,360,28,750,670,4240,8990,1840,1850,2016
906,Masbate,8,0,520,7,1570,1310,1150,3320,3040,3640,2016
907,Masinloc,4,0,180,10,870,960,470,970,890,1140,2016
908,Masiu,18,4,220,22,280,220,1770,6560,2530,2740,2016
909,Maslog,1,0,40,5,130,50,290,490,720,660,2016
910,Masantol,5,1,370,21,1030,720,630,1370,1350,1790,2016
911,Mataasnakahoy,2,0,120,3,280,60,80,190,160,300,2016
912,Matag-Ob,4,0,170,7,550,400,550,1080,1820,1720,2016
913,Matalam,24,3,1060,19,1750,1160,2140,4400,4410,4490,2016
914,Matalom,0,0,160,20,840,750,440,2270,2020,2320,2016
915,Matanao,4,1,500,15,1050,910,1280,3130,3110,3330,2016
916,Matanog,16,2,430,20,560,360,970,2950,1870,2010,2016
917,Mati,10,2,840,24,2530,1910,2140,4640,6420,5920,2016
918,Matnog,1,1,110,8,1340,1210,1160,3430,2200,2900,2016
919,Matuguinao,2,0,40,3,250,130,210,700,600,690,2016
920,Matungao,11,1,120,7,390,200,900,1860,1310,1580,2016
921,Mauban,1,1,1720,30,1380,1010,830,2120,1510,2180,2016
922,Mawab,2,0,260,1,510,500,690,1710,2020,2150,2016
923,Mayantoc,2,0,90,8,270,280,260,690,1080,1160,2016
924,Maydolong,3,0,410,7,490,270,640,1000,1510,1380,2016
925,Mayorga,4,1,220,10,750,670,840,1650,1170,1310,2016
926,Mayoyao,2,0,60,6,450,330,260,480,830,670,2016
927,Medellin,8,0,3760,100,2230,1820,1870,5760,4360,6250,2016
928,Medina,7,4,420,35,2060,1770,1350,3220,3100,3700,2016
929,Mendez,0,0,10,0,60,50,150,270,110,150,2016
930,Mercedes,0,1,230,5,1340,1020,1580,3390,1880,2720,2016
931,Mercedes (ES),0,0,120,6,130,190,150,430,560,540,2016
932,Merida,1,0,130,9,330,320,290,990,1330,1490,2016
933,Mexico,5,1,1030,32,1010,490,900,2360,1790,2350,2016
934,Meycauayan,2,2,1690,44,700,460,1060,2620,820,1230,2016
935,Miag-ao,6,1,710,31,1000,870,720,1460,2980,4160,2016
936,Midsalip,12,2,340,26,1490,670,1870,3260,3550,3300,2016
937,Midsayap,39,2,1160,68,1870,1400,3670,8830,9170,8390,2016
938,Milagros,7,1,160,6,1410,1220,1120,2660,2720,3330,2016
939,Milaor,1,1,130,8,770,700,500,1350,1030,1380,2016
940,Mina,2,0,780,14,620,540,250,580,940,1230,2016
941,Minalabac,2,0,110,4,1350,1060,1040,2760,1930,2250,2016
942,Minalin,0,0,470,3,230,220,210,530,730,810,2016
943,Minglanilla,6,0,1450,88,1260,990,990,3870,1660,2470,2016
944,Mlang,21,4,1740,49,2600,1530,2940,6630,4790,5040,2016
945,Moalboal,0,3,440,72,910,1090,1010,3270,3460,4560,2016
946,Mobo,2,0,2060,3,940,880,530,1750,1880,2510,2016
947,Mogpog,1,0,220,5,1110,580,520,1260,1400,1890,2016
948,Moises Padilla,4,2,680,17,1130,840,810,2010,2890,2840,2016
949,Molave,9,0,580,28,1990,1940,1290,3490,2970,3800,2016
950,Moncada,2,0,100,6,610,620,460,1250,1450,2220,2016
951,Mondragon,14,0,1830,21,1910,1590,2360,4150,3340,4170,2016
952,Monkayo,8,1,470,16,1890,1130,2110,4780,4660,4650,2016
953,Monreal,4,2,310,11,990,520,900,1250,1960,2150,2016
954,Montevista,4,5,260,8,1120,990,1070,2830,3110,3010,2016
955,Morong (BN),1,0,1880,20,280,270,530,1470,590,720,2016
956,Morong (RL),0,0,110,6,540,380,240,910,300,530,2016
957,Motiong,0,0,50,0,450,440,480,1090,1580,1570,2016
958,Mulanay,1,0,1360,4,1620,1510,1020,1710,1810,2080,2016
959,Mulondo,5,1,120,7,150,120,690,1810,730,970,2016
960,Munai,46,2,330,14,660,430,1900,5210,1640,1660,2016
961,Muntinlupa,1,0,670,44,640,610,610,2340,380,730,2016
962,Murcia,9,1,820,21,1480,1230,1440,3490,3410,3940,2016
963,Mutia,0,0,70,1,550,400,590,1460,1590,1580,2016
964,Naawan,3,1,430,30,560,390,840,1880,1990,2460,2016
965,Nabas,4,0,1600,39,670,420,700,1550,1510,1900,2016
966,Nabua,5,0,210,11,1650,1570,1140,3410,2730,3880,2016
967,Nabunturan,3,2,190,9,1010,610,1140,3110,2600,2890,2016
968,Naga (CS),3,0,1470,44,3180,2680,1430,5440,1940,3190,2016
969,Naga (CU),12,9,2280,145,2630,2450,2260,8450,5980,7660,2016
970,Naga (ZS),6,3,340,10,700,500,1500,3560,2990,3020,2016
971,Nagbukel,0,0,0,2,80,40,20,50,320,330,2016
972,Nagcarlan,1,0,70,6,260,180,290,790,360,340,2016
973,Nagtipunan,1,0,120,3,350,280,280,380,920,820,2016
974,Naguilian (IA),0,0,130,2,440,340,400,880,1220,1250,2016
975,Naguilian (LU),1,0,140,6,800,590,430,850,1060,1530,2016
976,Naic,1,0,920,15,510,350,1040,2490,1130,1350,2016
977,Nampicuan,0,0,40,3,170,80,70,200,330,510,2016
978,Narra,3,0,2110,30,1040,730,1940,3670,2730,3080,2016
979,Narvacan,0,1,80,5,700,680,250,620,840,1340,2016
980,Nasipit,6,1,1660,26,1520,1130,1010,2930,2580,3090,2016
981,Nasugbu,1,0,1510,16,960,710,980,2700,1580,2210,2016
982,Natividad,0,0,60,3,270,300,240,850,750,1030,2016
983,Natonin,0,0,90,5,370,310,270,650,860,900,2016
984,Naujan,9,0,510,29,1680,1620,1760,4520,3260,4430,2016
985,Naval,4,0,490,15,970,660,1040,3130,2640,2980,2016
986,Navotas,2,1,2160,90,930,780,720,2670,800,1150,2016
987,New Bataan,2,0,230,9,950,680,1070,2500,3320,2980,2016
988,New Corella,5,0,140,8,980,930,850,2210,2750,3110,2016
989,New Lucena,2,0,470,26,850,840,390,1300,1210,1730,2016
990,New Washington,1,0,1100,32,590,570,530,1540,1690,2280,2016
991,Norala,10,0,270,8,570,340,870,2040,1660,2100,2016
992,Northern Kabuntalan,8,1,140,17,260,220,540,1280,1130,1090,2016
993,Norzagaray,2,0,1160,18,1480,980,1030,2540,1030,1340,2016
994,Noveleta,0,0,60,11,170,120,270,860,260,400,2016
995,Nueva Era,0,0,50,2,110,40,160,370,490,410,2016
996,Nueva Valencia,4,0,650,18,800,530,970,2250,2560,3150,2016
997,Numancia,1,1,660,16,260,310,250,320,930,1180,2016
998,Nunungan,19,4,210,13,220,140,1540,3330,1680,1450,2016
999,Oas,4,2,240,10,2400,2390,1950,4700,3580,4670,2016
1000,Obando,0,0,280,7,340,210,340,820,360,490,2016
1001,Ocampo,0,1,270,15,1880,1500,940,2530,2280,3030,2016
1002,Odiongan,1,0,180,18,700,730,750,1990,2100,2850,2016
1003,Old Panamao,18,2,570,49,420,340,3180,7890,3300,3430,2016
1004,Olongapo,3,1,3320,54,1140,750,630,1640,850,1270,2016
1005,Olutanga,7,0,290,24,410,330,1350,3390,2320,2460,2016
1006,Omar,11,1,220,17,310,270,1450,4300,2040,2480,2016
1007,Opol,10,1,520,32,1620,1040,1610,4600,3270,3430,2016
1008,Orani,1,1,800,29,320,320,370,1060,560,760,2016
1009,Oras,5,0,440,8,2600,2580,1550,2740,4090,4520,2016
1010,Orion,4,1,1650,22,720,590,640,1640,1140,1250,2016
1011,Ormoc,5,0,1010,44,2420,1820,2150,5720,4280,5040,2016
1012,Oroquieta,3,0,2030,73,3240,2430,1730,5040,5860,7460,2016
1013,Oslob,0,0,460,60,1140,1230,690,3390,3100,4650,2016
1014,Oton,3,1,1550,45,1840,1280,1020,2450,2160,3110,2016
1015,Ozamiz,11,8,2560,209,4070,3270,5800,1483,10,1254,2016
1016,Padada,3,0,130,8,480,360,580,1510,1030,1300,2016
1017,Padre Burgos (QN),0,0,350,9,420,340,270,920,540,540,2016
1018,Padre Burgos (SL),0,1,30,3,230,140,220,420,490,510,2016
1019,Padre Garcia,1,1,230,2,510,290,160,660,370,670,2016
1020,Paete,1,0,70,6,190,110,160,540,260,360,2016
1021,Pagadian,28,7,1320,61,2250,1650,5110,1185,7570,8780,2016
1022,Pagagawan,13,1,280,6,250,140,860,1780,2190,1500,2016
1023,Pagalungan,11,3,350,24,280,140,1260,2570,3670,2940,2016
1024,Pagayawan,3,2,130,4,180,130,1200,4040,750,570,2016
1025,Pagbilao,0,0,1250,21,1010,700,530,1320,580,990,2016
1026,Paglat,12,1,210,9,200,70,1080,1820,2220,1710,2016
1027,Pagsanghan,3,0,50,0,110,80,210,530,610,690,2016
1028,Pagsanjan,1,0,80,7,430,270,200,830,280,340,2016
1029,Pagudpud,0,0,70,2,380,350,390,680,500,610,2016
1030,Pakil,1,0,0,2,100,100,210,560,250,360,2016
1031,Palanan,1,0,80,1,620,410,420,700,1380,1420,2016
1032,Palanas,2,0,110,7,710,680,890,2600,2370,3280,2016
1033,Palapag,2,0,370,15,1290,790,1350,2800,3310,4170,2016
1034,Palauig,2,0,340,7,440,310,440,990,1170,1510,2016
1035,Palayan,3,0,350,3,380,340,270,820,560,940,2016
1036,Palimbang,81,8,1220,52,1890,1600,4620,8380,5410,5890,2016
1037,Palo,4,2,760,24,1240,1170,1530,3440,1830,2030,2016
1038,Palompon,5,0,380,20,1430,1530,1000,2110,2460,2520,2016
1039,Paluan,5,2,230,9,620,370,400,660,920,880,2016
1040,Pambujan,5,4,200,19,1130,920,1410,3480,2910,3420,2016
1041,Pamplona (CG),0,0,30,5,330,200,300,580,890,810,2016
1042,Pamplona (CS),2,0,190,4,840,790,570,1780,1290,1980,2016
1043,Pamplona (NR),3,0,1690,34,1480,1030,960,2340,3700,3430,2016
1044,Panabo,4,2,340,47,1500,1150,1610,5060,3500,3830,2016
1045,Panaon,1,0,110,7,310,400,220,730,1180,1500,2016
1046,Panay,3,1,590,20,800,730,780,1980,2000,2950,2016
1047,Pandag,3,0,80,5,110,90,280,880,1090,980,2016
1048,Pandami,10,2,260,11,1450,980,2710,4060,1630,1720,2016
1049,Pandan (AE),2,0,2160,33,1180,800,540,1710,2060,2550,2016
1050,Pandan (CT),0,0,390,8,650,540,610,1720,1840,2510,2016
1051,Pandi,1,0,1970,11,140,110,210,490,350,260,2016
1052,Panganiban,0,0,100,3,280,260,140,410,510,620,2016
1053,Pangantucan,18,1,590,14,2300,1300,2950,4730,4970,4730,2016
1054,Pangil,0,0,20,1,100,100,150,800,210,390,2016
1055,Panglao,3,0,350,30,390,350,450,2130,1020,1570,2016
1056,Panglima Estino,18,3,510,26,610,300,3770,9240,1640,1650,2016
1057,Panglima Sugala,12,2,430,14,670,610,1110,2130,2350,1810,2016
1058,Pangutaran,34,1,530,28,850,780,2070,5350,2610,2420,2016
1059,Paniqui,5,0,220,18,580,450,640,1770,1560,2150,2016
1060,Panitan,3,0,340,11,540,470,720,1940,1700,2410,2016
1061,Pantabangan,2,0,50,6,300,170,220,500,590,700,2016
1062,Pantao Ragat,16,3,420,14,580,250,2620,4270,2520,2660,2016
1063,Pantar,14,0,220,15,330,310,1520,3740,2200,2090,2016
1064,Pantukan,4,1,560,10,1390,1010,1950,3160,3760,3780,2016
1065,Panukulan,0,0,1050,8,320,280,210,520,340,440,2016
1066,Paoay,0,0,40,2,120,40,170,210,490,470,2016
1067,Paombong,2,0,260,7,480,350,280,700,640,780,2016
1068,Paracale,5,0,490,24,1750,1650,1000,3410,1710,2330,2016
1069,Paracelis,1,0,270,7,1120,1020,610,1250,2000,1650,2016
1070,Paranas,4,0,390,8,710,670,1140,2270,3030,2970,2016
1071,Parang (MA),29,4,520,23,760,310,2190,5280,3330,3570,2016
1072,Parang (SU),46,2,630,61,1310,1120,3120,8620,4620,5880,2016
1073,Paranaque,1,0,1200,49,770,420,700,2060,590,630,2016
1074,Pasacao,1,0,270,8,1920,1690,1100,2610,1910,2940,2016
1075,Pasay,4,1,3300,175,1700,1480,1390,5920,1390,2060,2016
1076,Pasig,5,2,4320,113,1730,1200,1450,4710,1500,2110,2016
1077,Pasil,0,0,120,10,680,580,330,1160,1370,1670,2016
1078,Passi,7,0,2410,41,1910,1340,1330,2490,4000,4240,2016
1079,Pastrana,2,0,280,5,810,750,440,970,1220,1670,2016
1080,Pasuquin,1,0,110,6,360,360,120,320,730,880,2016
1081,Pata,6,0,80,22,210,210,580,3030,1510,1890,2016
1082,Pateros,0,0,470,21,120,90,160,730,180,360,2016
1083,Patikul,20,1,720,58,1740,1800,3930,1069,4750,5730,2016
1084,Patnanungan,0,1,1250,8,520,370,570,810,810,820,2016
1085,Patnongon,3,1,1870,48,2330,2240,1040,2400,3140,3940,2016
1086,Pavia,0,0,1240,19,350,390,310,380,650,690,2016
1087,Payao,6,0,250,8,810,620,1420,2670,3080,2970,2016
1088,Perez,0,0,320,3,340,180,190,460,430,640,2016
1089,Penablanca,2,0,160,5,850,750,630,1350,1360,1520,2016
1090,Penaranda,1,0,570,7,220,200,300,610,820,780,2016
1091,Penarrubia,0,0,40,2,50,60,140,280,260,390,2016
1092,Piagapo,23,0,280,16,290,150,1970,5180,2160,1820,2016
1093,Piat,0,1,70,2,220,260,220,320,790,900,2016
1094,Picong,10,2,410,24,230,140,1420,4300,1920,1880,2016
1095,Piddig,0,0,80,2,190,290,250,560,820,1010,2016
1096,Pidigan,1,0,30,3,130,170,120,480,410,570,2016
1097,Pigcawayan,17,4,1080,29,1220,910,1400,3680,4820,5200,2016
1098,Pikit,67,7,1310,90,3780,2130,5320,1161,1321,1283,2016
1099,Pila,0,0,10,4,450,420,450,1040,610,810,2016
1100,Pilar (AA),1,0,110,1,150,150,340,530,680,920,2016
1101,Pilar (BN),0,0,1230,27,600,430,460,1180,570,840,2016
1102,Pilar (BL),1,0,310,17,940,610,1580,2200,3150,3970,2016
1103,Pilar (CZ),5,1,540,42,1510,1060,1630,4590,2950,4840,2016
1104,Pilar (CU),2,0,310,15,340,250,150,380,1840,1730,2016
1105,Pilar (SO),2,0,300,6,1950,1490,1810,4970,3960,4950,2016
1106,Pilar (SN),1,1,120,17,740,520,790,1390,1850,2530,2016
1107,Pili,3,1,450,10,1740,1430,1180,2650,2080,2450,2016
1108,Pililla,1,0,90,4,640,800,440,1770,880,1020,2016
1109,Pinabacdao,1,0,120,8,300,280,960,1670,2320,2310,2016
1110,Pinamalayan,9,1,440,11,1420,1250,1560,4110,2270,3250,2016
1111,Pinamungajan,4,2,700,93,1780,1400,1460,5130,5540,6980,2016
1112,Pinili,0,0,70,2,410,270,200,430,580,690,2016
1113,Pintuyan,0,0,120,8,420,320,200,650,1020,1100,2016
1114,Pinukpuk,2,0,430,5,1350,1100,620,1970,2740,2870,2016
1115,Pio Duran,2,0,70,13,1790,1100,980,2910,2370,3180,2016
1116,Pio V Corpuz,1,0,120,6,420,410,420,1300,1680,1950,2016
1117,Pitogo (QN),0,0,2170,14,580,440,310,980,540,840,2016
1118,Pitogo (ZR),5,1,400,12,690,500,1120,2270,2550,3140,2016
1119,Pinan,8,1,1090,56,1010,680,1040,2500,2710,3130,2016
1120,Placer (MS),4,0,250,13,1480,1110,1510,4030,3590,4150,2016
1121,Placer (SN),1,0,890,20,1600,1540,690,1910,2080,2600,2016
1122,Plaridel (BU),1,0,710,14,480,330,450,1470,580,840,2016
1123,Plaridel (MC),5,2,1040,45,1400,1200,2720,6290,5600,7460,2016
1124,Plaridel (QN),0,0,40,2,120,80,190,250,200,250,2016
1125,Pola,5,1,3050,29,1250,1380,830,1590,1340,2010,2016
1126,Polanco,5,2,520,35,2030,2220,1600,4350,4200,5020,2016
1127,Polangui,4,0,570,13,1820,1570,1510,3890,3510,4000,2016
1128,Polillo,0,0,250,4,1260,960,640,1550,760,1120,2016
1129,Polomolok,4,2,910,44,1620,1090,2010,4080,3060,2910,2016
1130,Pontevedra (CZ),7,1,620,16,860,640,1380,3740,1880,2650,2016
1131,Pontevedra (NO),3,2,1930,30,1750,1900,1450,3050,2640,3150,2016
1132,Poona Bayabao,10,4,310,17,310,170,1830,5740,1510,1750,2016
1133,Poona Piagapo,50,6,350,12,410,410,1530,3190,1860,1710,2016
1134,Porac,6,0,730,24,480,350,600,1420,1070,1340,2016
1135,Poro,4,0,1740,40,900,780,1340,2920,3090,3960,2016
1136,Pototan,2,2,2130,51,1560,1240,1010,2470,2750,4260,2016
1137,Pozorrubio,0,0,180,15,1020,720,580,1620,1210,2010,2016
1138,Presentacion,0,0,220,6,760,690,810,1680,2020,2390,2016
1139,President Garcia,8,0,630,24,1060,750,680,2040,3450,3830,2016
1140,President Quirino,3,0,220,14,1110,660,1040,2640,1990,2290,2016
1141,President Roxas (CZ),3,0,220,6,740,430,600,1420,950,1260,2016
1142,President Roxas (NC),16,0,440,14,2350,1850,1610,3010,2760,2660,2016
1143,Roxas (ZN),7,4,1020,61,6070,5300,2190,4900,5230,5580,2016
1144,Prieto Diaz,1,0,90,10,620,540,570,1420,1570,2030,2016
1145,Prosperidad,13,0,830,28,3370,2370,2320,3950,7430,8620,2016
1146,Pualas,14,9,330,31,210,260,3500,7520,1280,1580,2016
1147,Pudtol,1,0,110,3,430,360,330,730,970,1130,2016
1148,Puerto Galera,1,1,150,2,760,430,370,1040,830,820,2016
1149,Puerto Princesa,19,0,3860,76,5960,4800,3970,1213,6510,6650,2016
1150,Pugo,1,0,30,2,250,410,170,460,370,740,2016
1151,Pulilan,1,0,640,14,670,440,270,820,480,980,2016
1152,Pulupandan,0,0,1690,38,1020,690,410,1250,1340,1850,2016
1153,Pura,1,1,60,4,780,860,250,660,840,1120,2016
1154,Quezon (BK),25,4,1230,54,4670,3400,4040,7580,9470,9700,2016
1155,Quezon (IA),3,0,120,2,270,170,390,480,790,850,2016
1156,Quezon (MM),14,5,9220,417,5470,4280,4340,1541,3780,6380,2016
1157,Quezon (NE),1,2,780,16,490,240,530,930,1180,1430,2016
1158,Quezon (NV),1,0,90,2,270,220,270,460,600,620,2016
1159,Quezon (PN),11,0,1490,37,2150,1560,1430,3360,3900,3450,2016
1160,Quezon (QN),0,0,70,2,490,350,200,570,520,650,2016
1161,Quinapondan,2,0,90,3,550,430,510,910,1310,1410,2016
1162,Quirino (IS),0,0,40,0,160,170,70,160,410,500,2016
1163,Quirino (IA),1,0,100,0,110,80,210,220,760,870,2016
1164,Ragay,2,0,160,23,1360,1150,1370,3250,2370,3650,2016
1165,Rajah Buayan,17,1,290,17,180,80,1150,3180,1940,1390,2016
1166,Ramon,3,0,130,3,740,400,450,890,970,1130,2016
1167,Ramon Magsaysay,9,1,480,32,1240,1080,1370,2830,2580,2900,2016
1168,Ramos,0,0,30,3,500,550,140,410,610,620,2016
1169,Rapu-Rapu,0,0,100,4,1630,1020,1000,2280,1930,2610,2016
1170,Real,0,0,460,5,470,360,400,1550,830,1080,2016
1171,Reina Mercedes,0,0,30,0,240,160,390,620,560,630,2016
1172,Remedios T. Romualdez,3,1,360,7,690,320,1730,2340,1310,1610,2016
1173,Rizal (CG),6,0,210,10,680,350,760,1300,1880,2280,2016
1174,Rizal (KA),3,0,100,1,330,190,300,620,570,480,2016
1175,Rizal (LA),0,0,10,3,130,100,100,420,120,190,2016
1176,Rizal (NE),5,0,250,10,740,750,610,1290,1600,1830,2016
1177,Rizal (OM),12,2,380,16,1880,1820,700,1570,1730,1960,2016
1178,Rizal (PN),30,0,460,14,1280,670,1390,2930,3400,2330,2016
1179,Rizal (ZN),3,1,210,21,1030,950,660,1450,1750,2220,2016
1180,Rodriguez,2,0,770,8,780,860,510,1730,860,890,2016
1181,Romblon,2,2,480,28,970,800,850,2590,1350,2260,2016
1182,Ronda,3,2,200,20,670,790,1000,1820,2050,2420,2016
1183,Rosales,1,0,240,9,630,530,580,1260,1580,1920,2016
1184,Rosario (AS),9,2,350,20,1750,1030,1210,2940,3340,3740,2016
1185,Rosario (BS),6,1,2160,22,1220,1140,710,1600,1530,2330,2016
1186,Rosario (CE),2,0,190,8,410,380,540,1920,610,880,2016
1187,Rosario (LU),1,0,310,8,680,590,510,1490,1280,1620,2016
1188,Rosario (NS),1,0,100,7,1330,1470,410,1190,520,820,2016
1189,R.T. Lim,7,5,230,19,1510,1260,1060,2430,4020,3610,2016
1190,Roxas (CZ),3,0,1780,48,2590,2180,4170,6350,3020,4690,2016
1191,Roxas (IA),1,0,190,1,630,410,540,530,960,1360,2016
1192,Roxas (OR),7,1,590,20,1150,880,1180,3190,1860,2500,2016
1193,Roxas (PN),15,1,340,20,1940,1400,1880,3460,3480,3320,2016
1194,Sabangan,0,0,20,0,180,170,220,540,500,580,2016
1195,Sablan,1,0,40,1,180,150,70,250,410,520,2016
1196,Sablayan,9,1,2390,36,4660,4390,1690,3610,3060,3450,2016
1197,Sabtang,0,0,10,0,10,20,10,50,40,10,2016
1198,Sadanga,0,0,20,2,270,180,230,520,770,1000,2016
1199,Sagada,0,0,0,4,160,130,60,200,150,230,2016
1200,Sagay (CM),6,1,250,19,490,410,690,1430,1540,1790,2016
1201,Sagay (NO),20,0,1045,113,5840,4770,4400,1183,9870,1213,2016
1202,Sagbayan,1,0,730,33,770,530,570,1640,3080,3450,2016
1203,Saguday,0,0,70,4,210,130,100,330,320,350,2016
1204,Saguiaran,21,1,170,14,380,290,1960,5120,1340,1300,2016
1205,Sagnay,0,0,230,12,1720,1550,1220,2630,2320,2890,2016
1206,Saint Bernard,4,0,230,10,2560,2390,1040,2230,2050,2200,2016
1207,Salay,10,1,380,37,1500,1550,1310,3150,2860,3700,2016
1208,Salcedo (ES),1,0,290,6,980,630,490,980,1960,2010,2016
1209,Salcedo (IS),0,0,30,1,310,200,130,190,500,480,2016
1210,Sallapadan,0,0,60,0,220,80,150,260,490,490,2016
1211,Salug,7,4,1320,75,1110,960,1400,2910,3890,3750,2016
1212,Salvador,48,25,540,39,470,380,3050,9090,2850,3420,2016
1213,Salvador Benedicto,4,0,1190,30,760,650,820,1620,1970,1670,2016
1214,Samal,0,0,60,2,160,90,150,500,380,490,2016
1215,Samboan,3,1,210,33,760,580,830,2480,2220,2880,2016
1216,Sampaloc,0,0,50,1,60,60,50,110,40,80,2016
1217,San Agustin (IA),0,0,90,2,340,410,290,320,380,580,2016
1218,San Agustin (RN),1,0,40,5,540,560,580,1900,1150,1790,2016
1219,San Agustin (SS),5,0,240,11,1180,540,730,1520,2300,2860,2016
1220,San Andres (CT),1,0,230,8,630,480,810,2290,2050,2420,2016
1221,San Andres (QN),3,0,1330,24,1210,920,710,1680,1330,1530,2016
1222,San Andres (RN),1,0,110,7,560,380,390,710,920,1080,2016
1223,San Antonio (NS),1,0,80,3,220,290,170,820,600,870,2016
1224,San Antonio (NE),5,2,2250,23,930,610,610,1590,1670,2590,2016
1225,San Antonio (QN),0,0,770,6,760,770,240,1000,710,960,2016
1226,San Antonio (ZA),0,0,50,4,180,150,160,440,410,590,2016
1227,San Benito,0,0,80,2,370,350,180,440,640,1090,2016
1228,San Carlos (NO),11,4,2070,66,1740,1410,2100,6290,6720,6880,2016
1229,San Carlos (PS),5,0,700,28,3000,2890,2880,7440,6310,8560,2016
1230,Sanchez-Mira,2,0,30,5,270,150,240,500,670,830,2016
1231,San Clemente,1,0,20,2,220,180,200,350,530,580,2016
1232,San Dionisio,5,0,1300,18,1720,1290,740,1990,2320,3010,2016
1233,San Emilio,0,0,30,1,120,100,70,80,340,500,2016
1234,San Enrique (IO),6,1,1030,40,560,600,770,1030,2580,3020,2016
1235,San Enrique (NO),2,0,320,16,310,270,530,1620,1040,1530,2016
1236,San Esteban,0,0,30,1,370,360,30,150,190,170,2016
1237,San Fabian,1,0,650,25,1530,1350,1230,2620,2720,3660,2016
1238,San Felipe,1,1,340,19,300,300,200,330,680,620,2016
1239,San Fernando (BK),51,4,900,30,2000,1430,2990,5470,6770,6070,2016
1240,San Fernando (CS),0,0,220,4,790,750,710,1740,1430,2010,2016
1241,San Fernando (CU),8,2,1650,67,1760,1060,1120,4300,4230,4920,2016
1242,San Fernando (LU),0,0,130,11,940,880,570,1430,1270,1730,2016
1243,San Fernando (MS),2,0,50,4,410,300,470,1010,1560,1800,2016
1244,San Fernando (PA),4,2,640,34,790,680,930,2810,1390,1740,2016
1245,San Fernando (RN),3,0,210,11,780,710,480,1250,1560,1870,2016
1246,San Francisco (AS),4,2,760,30,1860,1490,1460,3240,4110,4260,2016
1247,San Francisco (CU),6,0,730,68,2450,1740,2140,5340,6570,7200,2016
1248,San Francisco (QN),10,0,150,8,2150,1860,1180,2610,2500,2690,2016
1249,San Francisco (SL),0,0,460,16,1110,1040,480,870,1180,1310,2016
1250,San Francisco (SN),1,0,100,4,820,590,740,2060,1710,2240,2016
1251,San Gabriel,0,0,200,4,670,460,190,790,1510,1670,2016
1252,San Guillermo,3,0,80,2,370,190,250,530,830,800,2016
1253,San Ildefonso (BU),3,0,960,15,1170,970,650,2310,1220,1830,2016
1254,San Ildefonso (IS),0,0,10,0,60,40,30,70,80,130,2016
1255,San Isidro (AA),1,0,90,0,70,40,150,250,420,660,2016
1256,San Isidro (BL),1,0,90,11,170,210,130,510,1080,1650,2016
1257,San Isidro (DN),0,1,130,6,670,280,890,1790,2470,2150,2016
1258,San Isidro (DO),1,1,420,15,920,670,540,1900,3430,3640,2016
1259,San Isidro (IA),3,0,10,2,170,230,180,380,330,480,2016
1260,San Isidro (LE),5,0,640,15,590,540,390,860,1050,1110,2016
1261,San Isidro (NS),4,0,90,8,320,230,400,760,1580,1940,2016
1262,San Isidro (NE),3,0,240,23,370,300,470,1340,720,960,2016
1263,San Isidro (SN),0,0,170,5,380,390,130,210,1030,1220,2016
1264,San Jacinto (MS),0,0,180,7,930,690,690,1760,1860,2310,2016
1265,San Jacinto (PS),1,0,150,4,530,450,390,1230,940,1370,2016
1266,San Joaquin,7,0,710,28,1880,1960,870,2130,3620,4850,2016
1267,San Jorge,5,0,140,4,430,420,730,1530,1400,1670,2016
1268,San Jose (AE),0,0,1630,31,670,590,1140,2190,1320,1670,2016
1269,San Jose (BS),1,1,70,7,260,200,140,390,420,630,2016
1270,San Jose (CS),3,1,320,8,1260,850,900,2590,2130,2540,2016
1271,San Jose (DI),3,0,320,52,1210,1450,660,3150,3810,4910,2016
1272,San Jose (NR),2,2,340,30,840,720,320,1860,1900,2390,2016
1273,San Jose (NS),4,0,150,4,640,650,560,1790,1310,1630,2016
1274,San Jose (NE),10,0,2060,20,1270,1160,890,1970,1780,2460,2016
1275,San Jose (OM),23,3,1680,41,4370,3890,2950,7120,4770,5920,2016
1276,San Jose (RN),2,1,410,12,460,360,370,760,870,1000,2016
1277,San Jose (TC),6,1,230,10,970,860,370,1230,1170,1480,2016
1278,San Jose De Buan,3,0,70,1,320,200,380,680,800,710,2016
1279,San Jose Del Monte,4,2,2460,108,3510,2610,2100,8030,2370,3690,2016
1280,San Juan (AA),0,0,30,4,190,140,140,310,530,590,2016
1281,San Juan (BS),0,1,220,18,1680,1030,550,1750,1520,2210,2016
1282,San Juan (IS),0,0,40,7,190,230,180,290,300,590,2016
1283,San Juan (LU),0,0,30,11,580,550,210,740,940,1220,2016
1284,San Juan (MM),0,0,240,25,290,200,280,1060,330,500,2016
1285,San Juan (SR),2,0,160,25,210,230,260,1830,1490,1970,2016
1286,San Juan (SL),2,0,260,9,350,360,430,850,900,1320,2016
1287,San Julian,0,0,190,9,840,600,410,970,1300,1180,2016
1288,San Leonardo,2,0,100,9,390,260,350,1030,650,780,2016
1289,San Lorenzo,1,0,230,5,800,550,770,2060,1790,1970,2016
1290,San Lorenzo Ruiz,0,0,40,1,430,260,290,760,700,680,2016
1291,San Luis (AS),6,1,680,16,2850,2710,1620,2860,3680,3940,2016
1292,San Luis (AU),4,0,1270,16,620,440,360,900,610,660,2016
1293,San Luis (BS),0,0,80,2,140,220,150,310,540,660,2016
1294,San Luis (PA),2,0,670,10,620,200,450,960,1220,1650,2016
1295,San Manuel (IA),0,0,60,1,300,310,460,730,830,1020,2016
1296,San Manuel (PS),1,0,370,11,760,740,450,1110,1600,2170,2016
1297,San Manuel (TC),0,0,120,6,170,220,380,690,640,910,2016
1298,San Marcelino,3,0,170,3,370,250,230,520,600,610,2016
1299,San Mariano,8,2,300,12,1330,1160,1500,2620,2600,3020,2016
1300,San Mateo (IA),2,0,60,3,230,220,360,520,640,1090,2016
1301,San Mateo (RL),1,1,140,12,1070,790,680,2480,690,900,2016
1302,San Miguel (BL),3,1,140,20,930,710,630,2070,2170,2290,2016
1303,San Miguel (BU),3,2,2240,43,1640,1290,1270,3580,2500,3560,2016
1304,San Miguel (CT),1,0,70,2,500,390,500,760,870,1350,2016
1305,San Miguel (IO),2,0,610,17,660,670,420,1310,1210,1550,2016
1306,San Miguel (LE),4,0,730,8,760,690,550,1400,1500,1840,2016
1307,San Miguel (SS),12,3,3040,18,4320,2780,1760,3700,4220,4520,2016
1308,San Miguel (ZR),7,0,210,5,700,470,950,2170,1630,2020,2016
1309,San Narciso (QN),2,1,790,10,2790,2590,2560,3510,2030,2440,2016
1310,San Narciso (ZA),4,0,120,7,210,60,240,480,570,600,2016
1311,San Nicolas (BS),0,0,130,2,170,130,120,370,230,280,2016
1312,San Nicolas (IN),0,0,0,0,70,100,60,160,210,370,2016
1313,San Nicolas (PS),1,0,120,6,730,510,420,950,960,1550,2016
1314,San Pablo (IA),2,0,80,5,500,460,420,790,880,1200,2016
1315,San Pablo (LA),1,1,260,26,2140,1740,1220,4150,1330,2200,2016
1316,San Pablo (ZR),10,0,340,14,540,300,940,1910,3110,3420,2016
1317,San Pascual (BS),1,0,290,4,270,230,140,430,300,400,2016
1318,San Pascual (MS),5,0,470,9,1730,1280,1550,2760,3470,4130,2016
1319,San Pedro,0,2,330,16,590,560,420,1250,210,410,2016
1320,San Policarpo,5,0,190,3,330,160,580,930,1780,1940,2016
1321,San Quintin (AA),0,0,80,1,210,120,40,160,200,230,2016
1322,San Quintin (PS),1,1,110,4,290,280,440,840,740,940,2016
1323,San Rafael (BU),1,1,150,11,1190,1200,620,1750,900,1270,2016
1324,San Rafael (IO),2,0,300,12,630,420,600,1290,1160,1640,2016
1325,San Remigio (AE),13,0,1280,27,1990,1730,1460,3060,3830,4230,2016
1326,San Remigio (CU),3,2,580,42,2190,2050,1470,5330,5310,6650,2016
1327,San Ricardo,0,0,100,7,200,180,290,1130,1030,1230,2016
1328,San Roque,4,0,320,4,1280,1160,1000,2570,2500,2840,2016
1329,San Sebastian,0,0,160,1,520,440,330,650,940,1030,2016
1330,San Simon,1,0,370,3,350,230,370,1330,880,1260,2016
1331,San Teodoro,2,1,80,2,460,500,310,730,540,650,2016
1332,Santiago (AN),1,0,130,16,800,680,600,1250,1500,1780,2016
1333,Santiago (IS),0,0,70,5,290,130,140,410,420,500,2016
1334,Santiago (IA),3,0,200,8,770,690,670,1520,1120,1550,2016
1335,San Vicente (CN),0,0,20,1,270,330,190,560,400,430,2016
1336,San Vicente (IS),0,0,10,1,120,210,30,100,160,310,2016
1337,San Vicente (NS),0,0,50,0,190,90,370,790,810,800,2016
1338,San Vicente (PN),4,3,320,8,1050,900,560,1340,1440,1560,2016
1339,Sapad,23,4,320,18,660,570,1280,3510,2160,2440,2016
1340,Sapang Dalaga,5,0,250,27,1500,840,1180,2150,3530,4140,2016
1341,Sapa-Sapa,4,2,170,11,1840,1400,1040,2960,2480,2300,2016
1342,Sapi-An,1,0,2560,57,930,800,600,1170,1160,1700,2016
1343,Sara,6,1,1850,62,2010,1730,1470,3530,3180,4010,2016
1344,Sarangani,7,0,140,10,530,440,1060,1660,2140,1850,2016
1345,Sariaya,0,0,1980,31,1740,1250,740,1940,1410,2130,2016
1346,Sarrat,0,0,30,5,170,160,100,300,620,710,2016
1347,Sasmuan,3,0,200,11,690,350,550,1070,1320,1920,2016
1348,Science City of Munoz,4,0,340,9,1950,1950,690,1740,1930,2490,2016
1349,Sebaste,2,0,300,16,990,630,480,1150,1070,1400,2016
1350,Senator Ninoy Aquino,32,2,390,11,740,460,1330,2930,3410,2930,2016
1351,Sergio Osmena,6,5,450,17,2180,2140,1350,2950,4580,4620,2016
1352,Sevilla,1,0,140,1,370,270,230,470,1410,1610,2016
1353,Shariff Aguak,22,2,580,18,1260,1060,1690,4510,2420,2000,2016
1354,Shariff Saydona Mustapha,20,0,260,17,300,140,950,2720,2210,1760,2016
1355,Siasi,48,17,830,85,960,1100,6050,1636,6490,7770,2016
1356,Siaton,8,0,1730,122,1990,1510,3590,1239,8280,9260,2016
1357,Siay,8,1,600,13,900,530,1490,2910,2730,3200,2016
1358,Siayan,22,6,490,22,1440,910,1870,3810,4220,3650,2016
1359,Sibagat,2,1,420,19,2320,1660,1280,2540,3760,3810,2016
1360,Sibalom,1,0,4630,47,2270,1600,1910,4820,4020,4970,2016
1361,Sibonga,3,2,1270,77,1300,770,1240,3880,4670,5520,2016
1362,Sibuco,24,3,850,19,690,500,2340,4680,4040,4300,2016
1363,Sibulan,2,2,1810,71,590,430,760,2730,2650,3280,2016
1364,Sibunag,1,0,850,19,520,360,230,830,1530,1780,2016
1365,Sibutad,1,0,140,9,2780,2270,1130,2090,2530,2520,2016
1366,Sibutu,5,1,170,12,740,670,610,1690,1420,1750,2016
1367,Sierra Bullones,3,0,300,15,1210,1230,3350,4570,3030,3630,2016
1368,Sigay,0,0,40,1,100,100,60,130,320,220,2016
1369,Sigma,2,0,320,4,350,450,360,1010,1180,1600,2016
1370,Sikatuna,0,0,190,3,160,130,240,620,730,1080,2016
1371,Silago,1,0,60,3,310,210,210,740,500,770,2016
1372,Silang,2,0,110,14,680,520,710,2520,780,1070,2016
1373,Silay,9,1,1540,40,2620,2390,2360,5990,4100,4560,2016
1374,Silvino Lobos,6,0,110,5,1430,1220,770,1750,1900,1620,2016
1375,Simunul,3,0,150,7,690,600,370,1060,850,770,2016
1376,Sinacaban,2,0,240,13,530,380,460,1820,2410,3470,2016
1377,Sinait,0,1,80,5,610,590,120,350,730,960,2016
1378,Sindangan,18,1,1950,70,3670,3150,3130,6840,1024,1068,2016
1379,Siniloan,0,0,60,3,370,300,270,670,600,750,2016
1380,Siocon,11,2,400,14,1720,1410,2390,4790,3830,4010,2016
1381,Sipalay,15,0,1030,40,4250,3910,2330,5080,5770,6180,2016
1382,Sipocot,3,0,350,39,1630,1250,1300,4060,2530,3680,2016
1383,Siquijor,1,0,770,38,370,430,500,1770,1990,2630,2016
1384,Sirawai,18,4,240,17,420,330,1590,4100,2670,3200,2016
1385,Siruma,2,0,70,0,1110,930,750,1520,1100,1450,2016
1386,Sison (PS),1,2,140,8,620,540,440,1300,1470,1770,2016
1387,Sison (SN),0,0,430,15,460,290,290,990,1390,1650,2016
1388,Sitangkai,12,4,580,15,520,390,2210,3840,2880,1750,2016
1389,Socorro (OR),3,0,360,13,1010,920,720,1970,1390,1860,2016
1390,Socorro (SN),1,0,210,16,740,580,400,1290,3090,3230,2016
1391,Sofronio Espanola,6,0,360,10,940,610,590,1800,1550,1510,2016
1392,Sogod (CU),2,2,870,43,1010,860,840,2860,3900,4780,2016
1393,Sogod (SL),1,0,550,14,1040,590,1360,3280,3150,3220,2016
1394,Solana,9,1,250,17,1510,1220,1490,2560,3030,3500,2016
1395,Solano,3,1,60,4,550,560,500,810,770,980,2016
1396,Solsona,0,0,50,1,260,230,150,370,610,630,2016
1397,Sominot,2,3,70,10,1000,660,640,1390,1930,2000,2016
1398,Sorsogon,2,0,1330,29,3730,3140,1890,5670,5130,6540,2016
1399,South Ubian,0,0,110,5,260,240,440,1630,1120,1330,2016
1400,South Upi,26,1,410,15,1110,620,1900,2790,2800,1910,2016
1401,Santa,1,0,0,4,220,120,110,210,270,370,2016
1402,Santa Ana (CG),4,0,50,2,400,290,400,810,690,1100,2016
1403,Santa Ana (PA),0,0,150,6,250,220,350,1540,810,1060,2016
1404,Santa Barbara (IO),3,1,1930,39,1040,920,840,1860,1740,2350,2016
1405,Santa Barbara (PS),1,0,270,14,1350,1010,720,1930,1890,2310,2016
1406,Santa Catalina (IS),0,0,10,2,120,70,30,180,190,240,2016
1407,Santa Catalina (NR),3,2,2320,88,2570,2130,2940,8390,8340,9010,2016
1408,Santa Cruz (DS),6,1,720,29,2020,1510,2080,5010,3650,4430,2016
1409,Santa Cruz (IS),1,0,90,7,1520,1400,990,1450,1130,1470,2016
1410,Santa Cruz (LA),0,0,110,7,500,450,620,1700,700,1040,2016
1411,Santa Cruz (ME),5,0,230,14,1290,940,1100,2440,2150,2730,2016
1412,Santa Cruz (OM),8,0,790,5,1150,840,880,1750,2310,2250,2016
1413,Santa Cruz (ZA),3,1,1700,14,650,580,680,1380,1210,1500,2016
1414,Santa Elena,1,1,90,6,1000,910,940,2180,1510,1900,2016
1415,Santa Fe (CU),1,1,720,86,1700,1350,650,2720,2330,2840,2016
1416,Santa Fe (LE),1,0,220,6,290,310,590,1250,1200,1440,2016
1417,Santa Fe (NV),2,0,100,2,550,580,310,520,700,830,2016
1418,Santa Fe (RN),0,0,90,6,740,690,560,1590,1570,1780,2016
1419,Santa Ignacia,3,1,270,8,540,320,600,1030,1330,1590,2016
1420,Santa Josefa,7,0,350,8,990,770,770,1500,2380,2770,2016
1421,Santa Lucia,1,0,80,8,220,110,100,350,350,700,2016
1422,Santa Magdalena,0,0,60,3,790,370,410,1430,1290,1600,2016
1423,Santa Marcela,1,0,10,1,200,200,280,290,410,590,2016
1424,Santa Margarita,8,0,1340,24,870,930,900,1700,2350,2720,2016
1425,Santa Maria (BU),2,1,1060,25,990,690,800,2650,1000,1490,2016
1426,Santa Maria (DS),12,1,340,11,1110,680,2110,3560,3460,3070,2016
1427,Santa Maria (IS),0,0,30,10,500,380,240,710,800,860,2016
1428,Santa Maria (IA),3,0,70,4,540,250,320,1100,1160,1460,2016
1429,Santa Maria (LA),1,0,140,2,460,490,310,820,420,650,2016
1430,Santa Maria (PS),0,0,30,5,500,400,260,790,600,880,2016
1431,Santa Maria (Imelda),0,0,100,5,230,190,270,540,520,830,2016
1432,Santa Monica,0,0,70,3,550,440,160,320,1120,1140,2016
1433,Santander,4,1,190,22,430,290,330,1510,1860,2430,2016
1434,Santa Praxedes,0,0,10,0,20,30,50,50,220,200,2016
1435,Santa Rita (PA),1,1,1190,50,400,390,500,1080,770,860,2016
1436,Santa Rita (WS),3,1,230,3,1340,1220,1850,3190,2350,2940,2016
1437,Santa Rosa (LA),1,0,100,20,770,440,450,2170,570,590,2016
1438,Santa Rosa (NE),4,1,420,10,520,220,920,1690,1140,1510,2016
1439,Santa Teresita (BS),1,1,140,6,100,110,120,380,150,330,2016
1440,Santa Teresita (CG),2,0,20,1,290,180,250,390,460,640,2016
1441,Santo Domingo (AY),0,0,110,6,1010,640,450,1430,1270,1670,2016
1442,Santo Domingo (IS),0,0,200,5,360,370,150,340,390,720,2016
1443,Santo Domingo (NE),3,0,540,4,2930,2750,690,1410,1870,2160,2016
1444,Santol,0,0,140,6,650,400,280,500,1230,1130,2016
1445,Santo Nino (CG),1,0,200,4,300,210,740,930,820,1280,2016
1446,Santo Nino (WS),0,1,60,5,220,180,580,1180,1000,1260,2016
1447,Santo Nino (SC),5,1,430,11,1120,820,980,2500,2470,3270,2016
1448,Santo Tomas (BS),1,0,1010,17,450,330,360,1130,510,590,2016
1449,Santo Tomas (DN),8,0,250,16,1240,1050,1070,3020,2860,2820,2016
1450,Santo Tomas (IA),3,1,100,3,510,540,450,800,910,1100,2016
1451,Santo Tomas (LU),1,0,260,10,640,370,410,1370,1100,1450,2016
1452,Santo Tomas (PA),1,0,310,11,140,190,150,570,170,280,2016
1453,Santo Tomas (PS),0,0,20,2,150,80,160,370,440,570,2016
1454,Sual,0,0,100,5,730,690,640,1420,1060,1760,2016
1455,Subic,4,1,2660,43,790,440,720,2510,1040,1120,2016
1456,Sudipen,0,0,30,3,390,290,180,540,950,1100,2016
1457,Sugbongcogon,2,0,160,12,610,420,510,1270,1120,1310,2016
1458,Sugpon,0,0,50,2,190,180,20,100,470,440,2016
1459,Sulat,0,1,170,5,340,340,600,1080,1510,1730,2016
1460,Sulop,1,0,420,19,980,730,1090,2300,2710,2940,2016
1461,Sultan Dumalondong,8,1,170,9,130,60,920,1960,370,330,2016
1462,Sultan Kudarat,37,5,1270,39,1010,700,3600,8180,5980,4880,2016
1463,Sultan Mastura,5,2,270,4,370,290,840,1630,1650,1860,2016
1464,Sultan Naga Dimaporo,33,7,1050,41,1920,1400,3790,8030,6180,6960,2016
1465,Sultan Sa Barongis,17,0,270,5,80,130,990,2470,1750,1430,2016
1466,Sumilao,1,1,280,16,420,290,1220,2080,1800,1920,2016
1467,Sumisip,24,6,1490,32,890,710,2760,7420,2420,2420,2016
1468,Surallah,6,0,780,21,1630,1100,1320,2590,3060,3180,2016
1469,Surigao,20,1,980,47,5740,5120,2480,7420,8790,1076,2016
1470,Suyo,0,0,70,2,260,260,190,280,710,720,2016
1471,Taal,1,0,310,13,680,570,320,1040,760,1140,2016
1472,Tabaco,7,1,660,39,2880,2370,2620,7010,4100,5670,2016
1473,Tabango,3,0,260,16,460,410,920,1880,1850,2060,2016
1474,Tabina,3,0,280,6,380,230,1140,2350,1830,1970,2016
1475,Tabogon,4,2,480,64,1310,1150,1130,4190,3560,5010,2016
1476,Tabontabon,2,0,230,12,740,530,500,770,700,870,2016
1477,Tabuan-Lasa,21,2,870,9,1190,1050,2270,3590,1910,1530,2016
1478,Tabuelan,2,0,410,36,680,770,670,2210,3160,3850,2016
1479,Tabuk,4,1,290,15,2110,1730,1390,3410,3290,3410,2016
1480,Tacloban,9,3,1360,53,3080,2810,3100,9070,4430,5820,2016
1481,Tacurong,7,1,1330,30,1050,780,1310,3650,1970,2200,2016
1482,Tadian,0,0,100,2,380,260,330,590,900,1020,2016
1483,Taft,1,0,230,12,390,330,540,1280,1550,1920,2016
1484,Tagana-An,1,0,210,10,1090,760,500,1260,2260,2700,2016
1485,Tagapul-An,5,1,70,4,370,200,350,640,1130,1030,2016
1486,Tagaytay,0,0,20,2,430,450,150,690,320,280,2016
1487,Tagbilaran,1,0,350,10,530,440,410,1460,1080,1570,2016
1488,Tagbina,7,1,960,28,2910,2500,1320,3350,4920,4930,2016
1489,Tagkawayan,0,0,180,6,580,430,450,1250,950,1170,2016
1490,Tago,6,1,2040,34,2410,1910,1660,3220,3860,4800,2016
1491,Tagoloan (LN),16,0,140,6,170,90,570,1200,1060,760,2016
1492,Tagoloan (MO),13,4,810,54,2220,1710,2790,7280,3430,3920,2016
1493,Tagoloan Ii,11,0,180,7,250,160,760,1540,350,320,2016
1494,Tagudin,0,0,100,6,820,630,460,870,1080,1210,2016
1495,Taguig,7,3,6410,236,2840,2050,2270,7790,2010,3330,2016
1496,Tagum,3,1,670,24,1530,1070,1890,4840,3050,3450,2016
1497,Talacogon,7,1,820,17,1600,1150,940,1930,3000,3230,2016
1498,Talaingod,16,19,200,7,850,630,760,1490,1900,1630,2016
1499,Talakag,40,5,1490,50,2010,1370,3150,7570,5640,6220,2016
1500,Talalora,1,0,130,2,400,380,520,1090,920,1280,2016
1501,Talavera,5,0,2310,42,2010,1640,1260,3450,2640,4130,2016
1502,Talayan,10,1,140,3,340,340,920,3050,1220,840,2016
1503,Talibon,12,2,610,66,1980,2070,2000,5880,5000,5650,2016
1504,Talipao,48,2,860,67,1360,1180,3490,105,4280,4740,2016
1505,Talisay (BS),0,0,160,5,220,110,130,370,140,210,2016
1506,Talisay (CN),1,0,190,3,540,480,370,1240,680,1140,2016
1507,Talisay  (CU),10,8,7540,637,1990,1300,1510,5760,1750,2630,2016
1508,Talisay (NO),8,2,3470,94,1860,1800,2090,5570,2820,3790,2016
1509,Talisayan,5,1,370,28,1770,1520,1570,4370,3490,4510,2016
1510,Talitay,9,1,60,2,140,40,400,1020,850,710,2016
1511,Talugtug,3,1,180,5,480,390,230,600,1030,1300,2016
1512,Talusan,9,0,160,9,170,70,550,1180,1270,1350,2016
1513,Tambulig,8,1,690,24,1040,740,1870,3510,2830,3060,2016
1514,Tampakan,6,0,250,10,790,520,850,2760,2280,2050,2016
1515,Tamparan,5,2,90,12,390,560,1800,6100,1520,1850,2016
1516,Tampilisan,6,2,730,29,820,600,1090,1910,2310,2430,2016
1517,Tanauan (BS),0,0,830,19,700,640,360,1510,900,1360,2016
1518,Tanauan (LE),7,1,1470,27,1890,1240,1210,2470,2720,3180,2016
1519,Tanay,5,1,220,24,1420,1280,990,3090,1410,1770,2016
1520,Tandag,3,1,1510,33,2860,2430,1760,3950,4040,4130,2016
1521,Tandubas,9,2,280,8,1150,950,860,1640,1540,1500,2016
1522,Tangalan,1,0,610,18,670,590,310,800,1100,1820,2016
1523,Tangcal,19,4,200,7,210,200,1680,3450,1050,1030,2016
1524,Tangub,2,2,1650,59,2570,2150,1680,5450,6130,7880,2016
1525,Tanjay,5,3,1370,81,1710,1490,1390,4550,5960,6530,2016
1526,Tantangan,9,2,480,11,810,570,1050,2730,2060,2170,2016
1527,Tanudan,1,0,140,5,510,330,350,650,1280,1420,2016
1528,Tanza,0,0,340,28,770,310,760,2470,820,1330,2016
1529,Tapaz,5,0,830,25,1410,1040,1310,3350,3330,3410,2016
1530,Tapul,19,6,610,19,150,150,1680,2980,970,850,2016
1531,Taraka,11,1,230,11,190,120,1580,6310,1760,2040,2016
1532,Tarangnan,3,0,290,8,850,630,1050,2300,2140,2610,2016
1533,Tarlac,12,3,3780,78,4480,4090,3060,7900,5560,7390,2016
1534,Tarragona,4,1,130,5,810,490,720,1730,3300,2960,2016
1535,Tayabas,1,0,1890,22,1210,910,520,1400,730,1040,2016
1536,Tayasan,13,1,2610,89,1480,1440,1600,4680,4680,5030,2016
1537,Taysan,1,0,160,1,390,490,220,530,450,440,2016
1538,Taytay (PN),11,8,800,22,3210,2540,2140,4290,4040,3580,2016
1539,Taytay (RL),1,0,80,5,420,270,280,1000,280,340,2016
1540,Tayug,2,0,80,10,650,400,340,1040,820,1140,2016
1541,Tayum,0,0,40,0,230,220,170,190,570,760,2016
1542,T'Boli,47,2,890,48,1870,1250,2740,6300,5190,3970,2016
1543,Teresa,0,1,210,4,150,220,270,890,290,290,2016
1544,Ternate,1,0,30,7,190,150,190,920,350,410,2016
1545,Tiaong,1,0,1880,20,1650,1310,910,2640,1450,1890,2016
1546,Tibiao,3,3,980,38,550,380,600,1570,2080,2790,2016
1547,Tigaon,5,0,640,14,1410,1210,1180,3540,2280,2750,2016
1548,Tigbao,6,3,420,7,4240,4450,1200,2160,2080,2020,2016
1549,Tigbauan,6,1,1600,53,1730,1210,1130,2750,2790,3240,2016
1550,Tinambac,8,0,390,10,3170,2950,2120,5510,4290,5920,2016
1551,Tineg,1,0,130,9,360,270,210,510,590,600,2016
1552,Tinglayan,0,0,120,3,410,330,450,1090,1640,1560,2016
1553,Tingloy,0,0,90,5,140,110,150,330,250,450,2016
1554,Tinoc,1,0,130,3,930,820,470,810,1330,1340,2016
1555,Tipo-Tipo,7,3,100,1,660,690,670,3150,1230,1350,2016
1556,Titay,14,0,900,27,1460,1070,3020,5210,4590,4890,2016
1557,Tiwi,0,0,240,4,1460,1140,1200,3140,1950,2590,2016
1558,Tobias Fornier,2,1,810,16,1190,1160,690,1800,2340,2920,2016
1559,Toboso,6,1,1350,24,1300,1020,1390,2260,3260,3250,2016
1560,Toledo,25,9,3420,165,4270,2700,3430,1088,9480,1113,2016
1561,Tolosa,5,1,350,10,580,470,420,1030,810,1050,2016
1562,Tomas Oppus,2,0,130,12,260,200,400,1090,1690,1620,2016
1563,Tongkil,5,1,310,9,710,480,940,1960,1650,1790,2016
1564,Torrijos,3,1,280,3,880,580,590,1200,1320,1770,2016
1565,Trece Martires,1,0,20,6,230,220,60,740,170,270,2016
1566,Trento,4,1,900,16,2400,1600,2040,3980,4220,4320,2016
1567,Trinidad,1,0,480,25,890,810,1140,3010,3880,4300,2016
1568,Tuao,5,0,330,12,730,560,900,1490,1780,2570,2016
1569,Tuba,2,0,120,5,890,550,420,1020,1000,1140,2016
1570,Tubajon,1,0,320,8,360,210,200,370,1260,1370,2016
1571,Tubao,0,0,250,5,530,380,410,1030,1040,1280,2016
1572,Tubaran,8,1,210,13,290,300,1820,4070,1040,1310,2016
1573,Tubay,3,0,260,12,1090,910,2980,3970,1950,2400,2016
1574,Tubigon,1,0,1400,37,1650,1620,1060,3340,3650,4600,2016
1575,Tublay,0,0,50,3,400,180,160,400,530,580,2016
1576,Tubo,0,0,50,0,250,210,90,220,640,560,2016
1577,Tubod (LN),10,2,540,33,1100,850,1920,4700,4690,5710,2016
1578,Tubod (SN),1,0,200,9,390,350,360,640,1090,1610,2016
1579,Tubungan,3,0,520,22,840,920,530,1170,1790,2660,2016
1580,Tuburan (BA),9,0,170,1,110,70,460,1650,820,830,2016
1581,Tuburan (CU),10,5,1850,96,2110,1430,1650,5530,8400,1047,2016
1582,Tudela (CU),0,0,1420,20,330,330,290,600,1450,1740,2016
1583,Tudela (MC),3,2,310,36,1970,1680,1480,4050,3090,4190,2016
1584,Tugaya,13,0,220,5,240,280,3290,5850,1470,1440,2016
1585,Tuguegarao,2,0,80,6,450,370,450,950,950,1370,2016
1586,Tukuran,10,1,450,23,800,560,1340,2990,2720,3160,2016
1587,Tulunan,13,3,1820,25,1560,880,1490,3070,2810,3100,2016
1588,Tumauini,3,0,110,7,900,700,960,1510,1840,1990,2016
1589,Tunga,1,0,60,2,300,200,200,370,400,440,2016
1590,Tungawan,14,1,1180,22,980,640,2090,4720,4200,4330,2016
1591,Tupi,12,1,630,38,890,710,2320,5290,3520,3520,2016
1592,Turtle Islands,1,0,20,0,60,10,130,160,230,170,2016
1593,Tuy,0,0,90,4,510,340,420,1220,700,850,2016
1594,Ubay,8,1,1450,74,1290,1030,1310,3820,7460,8410,2016
1595,Umingan,1,0,190,11,940,780,1070,2360,2870,3760,2016
1596,Ungkaya Pukan,1,2,300,1,830,860,1210,3060,1570,1350,2016
1597,Unisan,0,0,1480,22,520,370,330,810,530,890,2016
1598,Upi,19,0,1040,15,880,430,2110,3740,3710,3240,2016
1599,Urbiztondo,4,1,480,17,4920,4850,900,2330,2450,3750,2016
1600,Urdaneta,1,1,1190,30,1820,1700,1260,3530,2300,3490,2016
1601,Uson,2,1,910,23,1780,1690,1570,3270,3840,4580,2016
1602,Uyugan,0,0,0,1,0,10,0,60,10,10,2016
1603,Valderrama,1,1,610,15,1730,1100,640,1150,1890,2190,2016
1604,Valencia (BL),1,0,160,9,540,530,380,1680,2240,2740,2016
1605,Valencia (BK),36,11,3720,204,5480,4140,5030,1245,1117,1136,2016
1606,Valencia (NR),2,0,650,48,650,710,550,2070,1840,2590,2016
1607,Valenzuela,1,1,1640,71,1750,1520,1600,5180,1650,2680,2016
1608,Valladolid,1,1,670,17,930,890,990,1840,1490,1780,2016
1609,Vallehermoso,10,3,2730,66,2070,1820,3860,6170,5260,6230,2016
1610,Veruela,5,1,840,22,2290,1370,1930,3410,4360,4180,2016
1611,Victoria (LA),1,1,30,2,310,270,280,700,260,470,2016
1612,Victoria (NS),3,0,140,2,310,140,440,790,1000,1320,2016
1613,Victoria (OR),0,0,130,8,800,810,1140,2130,1360,1760,2016
1614,Victoria (TC),3,1,300,7,620,490,470,1260,1550,2100,2016
1615,Victorias,10,0,3070,39,2200,1530,2060,5760,3450,4580,2016
1616,Viga,0,0,300,6,680,590,760,1360,1670,1660,2016
1617,Vigan,0,0,80,0,340,240,240,850,380,760,2016
1618,Villaba,2,1,110,8,510,450,400,850,770,940,2016
1619,Villanueva,9,1,250,18,1800,1260,1980,5320,2590,2900,2016
1620,Villareal,2,0,1280,6,1610,1420,1310,2490,2540,2710,2016
1621,Villasis,0,0,180,15,590,550,700,1380,1400,1740,2016
1622,Villaverde,0,0,30,1,180,240,150,330,490,680,2016
1623,Villaviciosa,0,0,10,0,70,50,230,280,480,410,2016
1624,Vincenzo A Sagun,3,1,230,4,910,760,1100,2220,2450,2620,2016
1625,Vintar,0,0,40,1,240,180,170,350,640,600,2016
1626,Vinzons,1,0,230,5,1480,1100,980,2420,1950,2730,2016
1627,Virac,1,1,230,21,700,580,650,2400,1440,2090,2016
1628,Wao,4,0,180,7,1140,790,1080,2240,1900,2160,2016
1629,Zamboanga,150,28,8910,273,1274,1029,2021,5769,3556,4332,2016
1630,Zamboanguita,8,0,290,37,380,480,1150,3240,2580,3310,2016
1631,Zaragoza,0,0,650,3,310,220,290,530,750,1000,2016
1632,Zarraga,3,2,330,17,1140,1030,570,1360,1230,1850,2016
1633,Zumarraga,3,0,170,7,450,520,960,1470,1640,1980,2016
